data,cotacao,log_retorno,conjunto
2010-01-04,1.724,,treino
2010-01-05,1.7227,-0.0007543447713149,treino
2010-01-06,1.7337,0.0063650255395185,treino
2010-01-07,1.7413,0.004374107693495,treino
2010-01-08,1.739,-0.0013217253310539,treino
2010-01-11,1.7323,-0.0038602300693879,treino
2010-01-12,1.7439,0.0066739790905193,treino
2010-01-13,1.7442,0.0001720134174706,treino
2010-01-14,1.7648,0.0117413717063528,treino
2010-01-15,1.7711,0.0035634529633484,treino
2010-01-18,1.7721,0.0005644615187128,treino
2010-01-19,1.7747,0.0014661105592198,treino
2010-01-20,1.7854,0.0060110852047425,treino
2010-01-21,1.7903,0.0027407238119656,treino
2010-01-22,1.8187,0.0157387565757448,treino
2010-01-25,1.8194,0.0003848162549892,treino
2010-01-26,1.8367,0.0094637067465278,treino
2010-01-27,1.8513,0.0079176118606415,treino
2010-01-28,1.856,0.0025355393510151,treino
2010-01-29,1.8748,0.010078352702405,treino
2010-02-01,1.8773,0.0013325872817653,treino
2010-02-02,1.8363,-0.0220818968051825,treino
2010-02-03,1.8337,-0.0014168939700148,treino
2010-02-04,1.8715,0.0204044647893646,treino
2010-02-05,1.8753,0.0020283982613927,treino
2010-02-08,1.873,-0.0012272231617879,treino
2010-02-09,1.855,-0.0096567274025529,treino
2010-02-10,1.8483,-0.0036183983529007,treino
2010-02-11,1.8516,0.0017838324684806,treino
2010-02-12,1.867,0.0082827343846072,treino
2010-02-17,1.8313,-0.0193067673948197,treino
2010-02-18,1.8266,-0.0025697818893243,treino
2010-02-19,1.8116,-0.0082458825755197,treino
2010-02-22,1.8046,-0.0038714721216585,treino
2010-02-23,1.8186,0.007728013731412,treino
2010-02-24,1.8203,0.0009343483600406,treino
2010-02-25,1.8364,0.0088058107232138,treino
2010-02-26,1.811,-0.0139279544916536,treino
2010-03-01,1.8,-0.0060925139991572,treino
2010-03-02,1.7851,-0.0083122288307496,treino
2010-03-03,1.7846,-0.0002801355874554,treino
2010-03-04,1.7888,0.0023507034947289,treino
2010-03-05,1.7824,-0.003584233227815,treino
2010-03-08,1.7826,0.000112201963652,treino
2010-03-09,1.7899,0.0040867796558373,treino
2010-03-10,1.7716,-0.0102766593034111,treino
2010-03-11,1.7693,-0.001299104930086,treino
2010-03-12,1.7637,-0.0031701130426381,treino
2010-03-15,1.7644,0.0003968141544656,treino
2010-03-16,1.7666,0.0012461060802471,treino
2010-03-17,1.764,-0.0014728377442951,treino
2010-03-18,1.7848,0.011722406551586,treino
2010-03-19,1.7954,0.0059214742042654,treino
2010-03-22,1.803,0.004224105880729,treino
2010-03-23,1.7813,-0.0121085094048779,treino
2010-03-24,1.7904,0.0050956237592214,treino
2010-03-25,1.8008,0.0057919520348617,treino
2010-03-26,1.8231,0.0123073382168967,treino
2010-03-29,1.8064,-0.0092024344140216,treino
2010-03-30,1.7952,-0.0062194780670203,treino
2010-03-31,1.781,-0.0079414320387155,treino
2010-04-01,1.7701,-0.0061389621425508,treino
2010-04-05,1.7573,-0.0072575019463102,treino
2010-04-06,1.7605,0.0018193193943066,treino
2010-04-07,1.7662,0.0032324864395946,treino
2010-04-08,1.7806,0.0081200401048689,treino
2010-04-09,1.773,-0.0042773590653629,treino
2010-04-12,1.7608,-0.006904775861956,treino
2010-04-13,1.7584,-0.0013639465628949,treino
2010-04-14,1.7446,-0.0078790016502386,treino
2010-04-15,1.7483,0.002118584204485,treino
2010-04-16,1.7558,0.0042807062885051,treino
2010-04-19,1.7588,0.0017071648145465,treino
2010-04-20,1.7497,-0.0051874136560808,treino
2010-04-22,1.7626,0.0073456470149859,treino
2010-04-23,1.7624,-0.0001134751774267,treino
2010-04-26,1.7446,-0.0101512134890151,treino
2010-04-27,1.7592,0.0083338572414333,treino
2010-04-28,1.7558,-0.001934566748443,treino
2010-04-29,1.7321,-0.0135900483158739,treino
2010-04-30,1.7306,-0.000866376003596,treino
2010-05-03,1.7315,0.0005199156698383,treino
2010-05-04,1.7557,0.0138795529326861,treino
2010-05-05,1.7862,0.0172228204746227,treino
2010-05-06,1.8353,0.0271174976146406,treino
2010-05-07,1.8343,-0.0005450185441212,treino
2010-05-10,1.7833,-0.0281973568618374,treino
2010-05-11,1.7843,0.0005606009789154,treino
2010-05-12,1.7723,-0.006748043376289,treino
2010-05-13,1.7737,0.0007896221504467,treino
2010-05-14,1.7967,0.0128838887269856,treino
2010-05-17,1.8045,0.0043318961443169,treino
2010-05-18,1.7921,-0.0068954285335003,treino
2010-05-19,1.8366,0.0245279196300788,treino
2010-05-20,1.8677,0.0167916911401394,treino
2010-05-21,1.871,0.0017653199545283,treino
2010-05-24,1.8522,-0.0100989255379209,treino
2010-05-25,1.8811,0.0154825903628061,treino
2010-05-26,1.8461,-0.018781406322451,treino
2010-05-27,1.8328,-0.007230453637238,treino
2010-05-28,1.8229,-0.0054162126004099,treino
2010-05-31,1.8167,-0.0034069710941764,treino
2010-06-01,1.8255,0.0048322536509921,treino
2010-06-02,1.8362,0.0058442966139081,treino
2010-06-04,1.8401,0.0021216992427289,treino
2010-06-07,1.8634,0.0125828580639958,treino
2010-06-08,1.8658,0.001287139510536,treino
2010-06-09,1.8423,-0.0126751245233973,treino
2010-06-10,1.8185,-0.0130028055764195,treino
2010-06-11,1.8125,-0.0033048776982138,treino
2010-06-14,1.803,-0.0052551635255125,treino
2010-06-15,1.7971,-0.0032776896653408,treino
2010-06-16,1.7893,-0.0043497726401603,treino
2010-06-17,1.7817,-0.0042565172078918,treino
2010-06-18,1.7761,-0.0031480154166431,treino
2010-06-21,1.7663,-0.0055329861118833,treino
2010-06-22,1.768,0.000962001036191,treino
2010-06-23,1.7908,0.0128134831692217,treino
2010-06-24,1.7907,-5.58425240966276e-05,treino
2010-06-25,1.7781,-0.0070612263808116,treino
2010-06-28,1.7826,0.0025275942347147,treino
2010-06-29,1.8076,0.0139270258405077,treino
2010-06-30,1.8015,-0.0033803473489767,treino
2010-07-01,1.8006,-0.0004997085137715,treino
2010-07-02,1.7785,-0.0123496302858665,treino
2010-07-05,1.7755,-0.0016882390053671,treino
2010-07-06,1.7665,-0.0050818855839427,treino
2010-07-07,1.7719,0.0030522293648237,treino
2010-07-08,1.7652,-0.0037884187686314,treino
2010-07-09,1.7572,-0.0045423652937676,treino
2010-07-12,1.7644,0.0040890561291601,treino
2010-07-13,1.7525,-0.0067673493220395,treino
2010-07-14,1.7657,0.0075038724000074,treino
2010-07-15,1.769,0.0018672028510325,treino
2010-07-16,1.7792,0.0057494098964779,treino
2010-07-19,1.7854,0.0034786546889985,treino
2010-07-20,1.78,-0.0030291154591308,treino
2010-07-21,1.7766,-0.0019119389505303,treino
2010-07-22,1.7629,-0.0077412450439028,treino
2010-07-23,1.7617,-0.0006809283586031,treino
2010-07-26,1.7669,0.0029473466895098,treino
2010-07-27,1.7658,-0.0006227531551222,treino
2010-07-28,1.765,-0.000453155100085,treino
2010-07-29,1.7643,-0.000396679233377,treino
2010-07-30,1.7572,-0.0040323780323954,treino
2010-08-02,1.7489,-0.004734614246479,treino
2010-08-03,1.7594,0.0059858229634286,treino
2010-08-04,1.7563,-0.0017635183908842,treino
2010-08-05,1.7535,-0.001595532847457,treino
2010-08-06,1.7566,0.0017663319027841,treino
2010-08-09,1.7537,-0.0016522808077701,treino
2010-08-10,1.7576,0.0022214003951536,treino
2010-08-11,1.7663,0.0049377210909972,treino
2010-08-12,1.7731,0.003842463901545,treino
2010-08-13,1.7716,-0.0008463340138996,treino
2010-08-16,1.7639,-0.0043558264316116,treino
2010-08-17,1.7528,-0.0063127573361747,treino
2010-08-18,1.7513,-0.0008561400026378,treino
2010-08-19,1.7584,0.004045935370738,treino
2010-08-20,1.7597,0.000739035308359,treino
2010-08-23,1.7587,-0.0005684402153974,treino
2010-08-24,1.7727,0.0079289082774201,treino
2010-08-25,1.7668,-0.0033338072973672,treino
2010-08-26,1.7596,-0.0040834902478066,treino
2010-08-27,1.7544,-0.0029595923708862,treino
2010-08-30,1.7591,0.0026753965011814,treino
2010-08-31,1.756,-0.0017638194097978,treino
2010-09-01,1.7441,-0.0067998319204392,treino
2010-09-02,1.7367,-0.0042519025215541,treino
2010-09-03,1.7281,-0.0049642216931226,treino
2010-09-06,1.7259,-0.0012738855225885,treino
2010-09-08,1.7231,-0.0016236593883035,treino
2010-09-09,1.7238,0.0004061620642449,treino
2010-09-10,1.7186,-0.0030211503341762,treino
2010-09-13,1.7174,-0.0006984866407381,treino
2010-09-14,1.7076,-0.0057226433545773,treino
2010-09-15,1.7169,0.0054314631993592,treino
2010-09-16,1.7184,0.0008732862313791,treino
2010-09-17,1.7166,-0.0010480350304259,treino
2010-09-20,1.7216,0.0029085006833458,treino
2010-09-21,1.7255,0.0022627725705928,treino
2010-09-22,1.7184,-0.0041232382235126,treino
2010-09-23,1.7194,0.0005817674257982,treino
2010-09-24,1.712,-0.0043131150386563,treino
2010-09-27,1.71,-0.0011689072049818,treino
2010-09-28,1.7093,-0.0004094405344831,treino
2010-09-29,1.7053,-0.0023428816433538,treino
2010-09-30,1.6942,-0.006530395321418,treino
2010-10-01,1.6812,-0.0077028288664888,treino
2010-10-04,1.6882,0.0041550484186578,treino
2010-10-05,1.6808,-0.0043930020188287,treino
2010-10-06,1.6758,-0.0029792073516047,treino
2010-10-07,1.6777,0.0011331445971687,treino
2010-10-08,1.6804,0.0016080525188721,treino
2010-10-11,1.6648,-0.0093268642158022,treino
2010-10-13,1.6554,-0.0056623246281293,treino
2010-10-14,1.6596,0.0025339380074174,treino
2010-10-15,1.6604,0.0004819277201708,treino
2010-10-18,1.6686,0.0049264142890904,treino
2010-10-19,1.6868,0.0108482914044306,treino
2010-10-20,1.6735,-0.0079160012210235,treino
2010-10-21,1.6897,0.0096337567152227,treino
2010-10-22,1.6997,0.0059007665167017,treino
2010-10-25,1.7026,0.0017047295666507,treino
2010-10-26,1.7045,0.0011153181280011,treino
2010-10-27,1.7077,0.0018756233152356,treino
2010-10-28,1.7112,0.0020474428750025,treino
2010-10-29,1.7014,-0.0057434372264119,treino
2010-11-01,1.7044,0.0017617010839728,treino
2010-11-03,1.6937,-0.0062976577286812,treino
2010-11-04,1.6819,-0.0069913781636884,treino
2010-11-05,1.6801,-0.0010707912980304,treino
2010-11-08,1.697,0.0100086707988696,treino
2010-11-09,1.697,0.0,treino
2010-11-10,1.707,0.0058754575602142,treino
2010-11-11,1.7178,0.0063069585376837,treino
2010-11-12,1.7198,0.0011636026446717,treino
2010-11-16,1.7295,0.0056243444004273,treino
2010-11-17,1.7298,0.000173445495188,treino
2010-11-18,1.7143,-0.0090009608589761,treino
2010-11-19,1.7189,0.0026797173206759,treino
2010-11-22,1.7235,0.0026725556228087,treino
2010-11-23,1.7336,0.0058430642652292,treino
2010-11-24,1.7247,-0.0051470489247944,treino
2010-11-25,1.7206,-0.0023800551101071,treino
2010-11-26,1.7298,0.0053327276851637,treino
2010-11-29,1.7271,-0.0015620935225378,treino
2010-11-30,1.7161,-0.0063894269416162,treino
2010-12-01,1.7052,-0.006371868517202,treino
2010-12-02,1.7029,-0.0013497258584962,treino
2010-12-03,1.6917,-0.0065987395513129,treino
2010-12-06,1.6836,-0.0047995825848304,treino
2010-12-07,1.6739,-0.0057781247878413,treino
2010-12-08,1.6892,0.0090988109512142,treino
2010-12-09,1.7024,0.0077839760875366,treino
2010-12-10,1.7117,0.0054480085542933,treino
2010-12-13,1.7027,-0.0052718022750202,treino
2010-12-14,1.6949,-0.0045914844025896,treino
2010-12-15,1.6988,0.0022983774151074,treino
2010-12-16,1.7028,0.0023518355148811,treino
2010-12-17,1.7098,0.0041024496381359,treino
2010-12-20,1.7082,-0.0009362200800864,treino
2010-12-21,1.6974,-0.0063425159764703,treino
2010-12-22,1.6946,-0.0016509437712126,treino
2010-12-23,1.6984,0.0022399066246824,treino
2010-12-24,1.6903,-0.0047806034329141,treino
2010-12-27,1.6922,0.0011234295342684,treino
2010-12-28,1.6866,-0.0033147893498592,treino
2010-12-29,1.6788,-0.0046354156811053,treino
2010-12-30,1.6662,-0.007533667918627,treino
2010-12-31,1.6662,0.0,treino
2011-01-03,1.651,-0.0091644196206807,treino
2011-01-04,1.6556,0.0027823159544492,treino
2011-01-05,1.6713,0.0094382858203022,treino
2011-01-06,1.6857,0.0085791410913826,treino
2011-01-07,1.6861,0.0002372619976727,treino
2011-01-10,1.6912,0.0030201663320382,treino
2011-01-11,1.6887,-0.0014793339778825,treino
2011-01-12,1.6773,-0.0067736444373812,treino
2011-01-13,1.6701,-0.0043018528431376,treino
2011-01-14,1.6843,0.0084665423467685,treino
2011-01-17,1.6818,-0.0014853988055427,treino
2011-01-18,1.6745,-0.0043500351645381,treino
2011-01-19,1.6714,-0.0018530146669235,treino
2011-01-20,1.6715,5.982829281747648e-05,treino
2011-01-21,1.6723,0.0004784975269237,treino
2011-01-24,1.6731,0.0004782686765406,treino
2011-01-25,1.6745,0.0008364201706416,treino
2011-01-26,1.6692,-0.0031701435168618,treino
2011-01-27,1.672,0.0016760449272493,treino
2011-01-28,1.6782,0.003701275791322,treino
2011-01-31,1.6734,-0.0028643055744707,treino
2011-02-01,1.6631,-0.006174154185404,treino
2011-02-02,1.6671,0.002402259277891,treino
2011-02-03,1.6697,0.001558379600926,treino
2011-02-04,1.6738,0.0024525210438622,treino
2011-02-07,1.6776,0.0022677099889364,treino
2011-02-08,1.6711,-0.0038821083783732,treino
2011-02-09,1.6643,-0.0040774776166562,treino
2011-02-10,1.668,0.0022206893260112,treino
2011-02-11,1.6679,-5.995383556456346e-05,treino
2011-02-14,1.6681,0.0001199040768823,treino
2011-02-15,1.6682,5.99466475016408e-05,treino
2011-02-16,1.6704,0.0013179178808082,treino
2011-02-17,1.6661,-0.0025775527532966,treino
2011-02-18,1.6677,0.0009598656925103,treino
2011-02-21,1.6667,-0.0005998080794029,treino
2011-02-22,1.6694,0.0016186568685058,treino
2011-02-23,1.672,0.0015562342280106,treino
2011-02-24,1.6649,-0.0042554530938403,treino
2011-02-25,1.6625,-0.0014425680207973,treino
2011-02-28,1.6612,-0.0007822607734107,treino
2011-03-01,1.6627,0.0009025542897352,treino
2011-03-02,1.661,-0.0010229564330389,treino
2011-03-03,1.6545,-0.0039209822516279,treino
2011-03-04,1.6462,-0.0050292468231232,treino
2011-03-09,1.6559,0.0058750661098948,treino
2011-03-10,1.6612,0.0031955651081599,treino
2011-03-11,1.6649,0.002224828794208,treino
2011-03-14,1.6631,-0.0010817308747123,treino
2011-03-15,1.6692,0.0036611390413032,treino
2011-03-16,1.6674,-0.0010789427408844,treino
2011-03-17,1.6757,0.0049654614301654,treino
2011-03-18,1.672,-0.0022104737620315,treino
2011-03-21,1.6652,-0.0040752783238264,treino
2011-03-22,1.6638,-0.0008410934710331,treino
2011-03-23,1.6602,-0.0021660658288521,treino
2011-03-24,1.6593,-0.0005422503521931,treino
2011-03-25,1.6581,-0.0007234581614151,treino
2011-03-28,1.6614,0.0019882518976442,treino
2011-03-29,1.6546,-0.0041013326488885,treino
2011-03-30,1.636,-0.0113050495933902,treino
2011-03-31,1.6287,-0.0044720875831771,treino
2011-04-01,1.6194,-0.0057264403275011,treino
2011-04-04,1.611,-0.0052006060750395,treino
2011-04-05,1.6087,-0.0014287047807121,treino
2011-04-06,1.6097,0.0006214268159214,treino
2011-04-07,1.5927,-0.0106171369544482,treino
2011-04-08,1.5762,-0.0104138023381862,treino
2011-04-11,1.5805,0.0027243657361232,treino
2011-04-12,1.587,0.0041041888707366,treino
2011-04-13,1.5864,-0.0003781433208228,treino
2011-04-14,1.5842,-0.0013877501754068,treino
2011-04-15,1.5776,-0.0041748431818084,treino
2011-04-18,1.5912,0.0085837436913914,treino
2011-04-19,1.5792,-0.0075700588605452,treino
2011-04-20,1.5722,-0.0044424773195609,treino
2011-04-25,1.572,-0.0001272183705042,treino
2011-04-26,1.5654,-0.0042073116184142,treino
2011-04-27,1.5705,0.0032526576079635,treino
2011-04-28,1.5853,0.0093796238704808,treino
2011-04-29,1.5733,-0.0075983396028044,treino
2011-05-02,1.5747,0.0008894536799862,treino
2011-05-03,1.589,0.0090401096103521,treino
2011-05-04,1.603,0.0087719860728369,treino
2011-05-05,1.6219,0.0117214278840908,treino
2011-05-06,1.6111,-0.0066811259967028,treino
2011-05-09,1.6199,0.0054472434291513,treino
2011-05-10,1.6069,-0.0080575618783846,treino
2011-05-11,1.6178,0.0067603445361446,treino
2011-05-12,1.6207,0.0017909530802217,treino
2011-05-13,1.6328,0.0074381778315611,treino
2011-05-16,1.6317,-0.0006739163986103,treino
2011-05-17,1.629,-0.0016560864949795,treino
2011-05-18,1.6166,-0.0076411513023011,treino
2011-05-19,1.6165,-6.186013425618642e-05,treino
2011-05-20,1.6169,0.000247417580281,treino
2011-05-23,1.6339,0.0104590592910088,treino
2011-05-24,1.6256,-0.005092816652615,treino
2011-05-25,1.6297,0.0025189703977803,treino
2011-05-26,1.6196,-0.0062167436239369,treino
2011-05-27,1.6038,-0.0098033917850777,treino
2011-05-30,1.5958,-0.0050006354987476,treino
2011-05-31,1.5799,-0.0100136239953772,treino
2011-06-01,1.5878,0.0049878564122097,treino
2011-06-02,1.5805,-0.0046081576353406,treino
2011-06-03,1.5744,-0.0038670053576834,treino
2011-06-06,1.581,0.0041833109114829,treino
2011-06-07,1.5764,-0.0029137918886233,treino
2011-06-08,1.582,0.0035461030067506,treino
2011-06-09,1.5877,0.0035965587558665,treino
2011-06-10,1.5938,0.0038346738801821,treino
2011-06-13,1.5888,-0.0031420876727397,treino
2011-06-14,1.5821,-0.0042259358358898,treino
2011-06-15,1.596,0.0087474205547358,treino
2011-06-16,1.6108,0.0092304509675449,treino
2011-06-17,1.5979,-0.0080406828319562,treino
2011-06-20,1.5969,-0.0006260172985215,treino
2011-06-21,1.591,-0.0037015005090345,treino
2011-06-22,1.5877,-0.0020763212543211,treino
2011-06-24,1.5988,0.0069669197537027,treino
2011-06-27,1.5969,-0.0011890979903471,treino
2011-06-28,1.5833,-0.0085529733394328,treino
2011-06-29,1.573,-0.0065266524491106,treino
2011-06-30,1.5611,-0.0075939230956569,treino
2011-07-01,1.5599,-0.0007689843377978,treino
2011-07-04,1.558,-0.0012187691941293,treino
2011-07-05,1.5637,0.003651860418771,treino
2011-07-06,1.5662,0.0015974954673727,treino
2011-07-07,1.5581,-0.0051851730935283,treino
2011-07-08,1.5634,0.003395806562921,treino
2011-07-11,1.5796,0.0103087136262642,treino
2011-07-12,1.5773,-0.0014571259190659,treino
2011-07-13,1.5762,-0.000697637573879,treino
2011-07-14,1.5729,-0.0020958376729524,treino
2011-07-15,1.5743,0.0008896797739865,treino
2011-07-18,1.5828,0.0053847014906858,treino
2011-07-19,1.5691,-0.0086932239462466,treino
2011-07-20,1.5651,-0.0025524868685658,treino
2011-07-21,1.5567,-0.005381523654653,treino
2011-07-22,1.5547,-0.0012855950861085,treino
2011-07-25,1.5449,-0.006323417637691,treino
2011-07-26,1.5345,-0.0067545882582131,treino
2011-07-27,1.5639,0.0189781063823791,treino
2011-07-28,1.5651,0.0007670182542867,treino
2011-07-29,1.5563,-0.0056385104854923,treino
2011-08-01,1.5551,-0.0007713569836724,treino
2011-08-02,1.5656,0.0067292848545746,treino
2011-08-03,1.5651,-0.0003194173854098,treino
2011-08-04,1.5752,0.006432528628459,treino
2011-08-05,1.5895,0.0090372530259416,treino
2011-08-08,1.5999,0.0065216259238089,treino
2011-08-09,1.6334,0.0207226046495089,treino
2011-08-10,1.6183,-0.0092875164013354,treino
2011-08-11,1.6306,0.0075718297059706,treino
2011-08-12,1.6157,-0.0091797459460256,treino
2011-08-15,1.5956,-0.0125184582515333,treino
2011-08-16,1.5918,-0.0023843896595024,treino
2011-08-17,1.583,-0.0055436704907368,treino
2011-08-18,1.6062,0.0145493598733497,treino
2011-08-19,1.596,-0.0063706417446077,treino
2011-08-22,1.6009,0.0030654720742946,treino
2011-08-23,1.6036,0.001685130684303,treino
2011-08-24,1.6039,0.0001870615749805,treino
2011-08-25,1.6154,0.0071444406648635,treino
2011-08-26,1.6114,-0.0024792376651003,treino
2011-08-29,1.5974,-0.008726058859807,treino
2011-08-30,1.5904,-0.0043917505809789,treino
2011-08-31,1.5872,-0.0020140993717013,treino
2011-09-01,1.604,0.0105290518958515,treino
2011-09-02,1.6343,0.0187140686725524,treino
2011-09-05,1.6522,0.0108931550293925,treino
2011-09-06,1.6583,0.0036852480916482,treino
2011-09-08,1.6566,-0.0010256720558893,treino
2011-09-09,1.6774,0.0124776663861473,treino
2011-09-12,1.6899,0.0074243800184667,treino
2011-09-13,1.7127,0.0134017170695451,treino
2011-09-14,1.7288,0.0093564535543531,treino
2011-09-15,1.7106,-0.0105833400459949,treino
2011-09-16,1.7122,0.0009349071617039,treino
2011-09-19,1.7763,0.0367534558974549,treino
2011-09-20,1.787,0.0060056869535878,treino
2011-09-21,1.828,0.0226842368546673,treino
2011-09-22,1.9016,0.0394731640318888,treino
2011-09-23,1.8735,-0.0148872978122421,treino
2011-09-26,1.8445,-0.0156001011970117,treino
2011-09-27,1.8008,-0.0239772274442078,treino
2011-09-28,1.8131,0.0068070768392405,treino
2011-09-29,1.8291,0.008785955150117,treino
2011-09-30,1.8544,0.0137371510036072,treino
2011-10-03,1.8811,0.0142955185134875,treino
2011-10-04,1.8856,0.0023893605229464,treino
2011-10-05,1.8456,-0.0214416447623774,treino
2011-10-06,1.8116,-0.018593995177485,treino
2011-10-07,1.7666,-0.025153637371027,treino
2011-10-10,1.7478,-0.0106989411175878,treino
2011-10-11,1.7658,0.0102459912740381,treino
2011-10-13,1.7536,-0.0069330277137856,treino
2011-10-14,1.7376,-0.0091659670140801,treino
2011-10-17,1.7488,0.0064249876826577,treino
2011-10-18,1.7724,0.0134047219030604,treino
2011-10-19,1.7604,-0.006793504388398,treino
2011-10-20,1.7826,0.0125319167596805,treino
2011-10-21,1.7803,-0.0012910832857999,treino
2011-10-24,1.7768,-0.0019678958305993,treino
2011-10-25,1.7548,-0.0124591032881588,treino
2011-10-26,1.7606,0.0032997697347468,treino
2011-10-27,1.7323,-0.0162046547419105,treino
2011-10-28,1.6986,-0.0196456229389861,treino
2011-10-31,1.6885,-0.0059638215202866,treino
2011-11-01,1.7506,0.0361180254727152,treino
2011-11-03,1.727,-0.0135727871516589,treino
2011-11-04,1.7415,0.0083610116593773,treino
2011-11-07,1.7503,0.0050403909907339,treino
2011-11-08,1.7453,-0.0028607411659988,treino
2011-11-09,1.7516,0.0036031952964523,treino
2011-11-10,1.761,0.0053521735689627,treino
2011-11-11,1.7547,-0.0035839273791163,treino
2011-11-14,1.7649,0.0057961294214301,treino
2011-11-16,1.7772,0.0069450605232335,treino
2011-11-17,1.7775,0.0001687906156425,treino
2011-11-18,1.7723,-0.002929744616302,treino
2011-11-21,1.8061,0.0188916863685238,treino
2011-11-22,1.8069,0.0004428452881671,treino
2011-11-23,1.8441,0.0203786838632884,treino
2011-11-24,1.866,0.0118057488262157,treino
2011-11-25,1.8937,0.0147354848615701,treino
2011-11-28,1.8596,-0.0181711764524298,treino
2011-11-29,1.8486,-0.0059328149857523,treino
2011-11-30,1.8109,-0.0206046365833805,treino
2011-12-01,1.7929,-0.0099895386459151,treino
2011-12-02,1.7843,-0.0048082391639985,treino
2011-12-05,1.783,-0.0007288425742426,treino
2011-12-06,1.7913,0.004644274357916,treino
2011-12-07,1.798,0.0037333228105091,treino
2011-12-08,1.7941,-0.0021714326062268,treino
2011-12-09,1.813,0.0104794283295123,treino
2011-12-12,1.8219,0.0048969808167883,treino
2011-12-13,1.8409,0.0103746698808769,treino
2011-12-14,1.8728,0.0171800547241846,treino
2011-12-15,1.8609,-0.0063743955295194,treino
2011-12-16,1.8465,-0.0077682863545636,treino
2011-12-19,1.8616,0.008144377695464,treino
2011-12-20,1.8508,-0.0058183549552374,treino
2011-12-21,1.8556,0.002590115844744,treino
2011-12-22,1.8578,0.0011848980758317,treino
2011-12-23,1.856,-0.0009693576072743,treino
2011-12-26,1.8566,0.0003232236196861,treino
2011-12-27,1.8585,0.0010228527714747,treino
2011-12-28,1.8634,0.0026330652790176,treino
2011-12-29,1.8758,0.0066324590585135,treino
2011-12-30,1.8758,0.0,treino
2012-01-02,1.8683,-0.0040063086090462,treino
2012-01-03,1.8457,-0.0121703171525462,treino
2012-01-04,1.8272,-0.0100738688515544,treino
2012-01-05,1.8371,0.0054035008532002,treino
2012-01-06,1.8449,0.0042368341488283,treino
2012-01-09,1.8442,-0.0003794963586788,treino
2012-01-10,1.8042,-0.0219282988825024,treino
2012-01-11,1.8048,0.0003325020812013,treino
2012-01-12,1.7874,-0.0096877323564481,treino
2012-01-13,1.7853,-0.0011755816283754,treino
2012-01-16,1.7836,-0.0009526745655944,treino
2012-01-17,1.776,-0.0042701492012062,treino
2012-01-18,1.7791,0.0017439738886143,treino
2012-01-19,1.7648,-0.0080702489414917,treino
2012-01-20,1.767,0.0012458238204583,treino
2012-01-23,1.7528,-0.0080686840384396,treino
2012-01-24,1.7649,0.0068795222572631,treino
2012-01-25,1.7632,-0.0009636915799244,treino
2012-01-26,1.7389,-0.0138776105705722,treino
2012-01-27,1.7436,0.0026992119762143,treino
2012-01-30,1.7509,0.0041780000680335,treino
2012-01-31,1.7391,-0.0067622034184742,treino
2012-02-01,1.7376,-0.0008628872741806,treino
2012-02-02,1.7326,-0.0028816802835763,treino
2012-02-03,1.7223,-0.0059625636143391,treino
2012-02-06,1.7249,0.0015084709288823,treino
2012-02-07,1.7261,0.0006954506220603,treino
2012-02-08,1.7195,-0.0038309775203225,treino
2012-02-09,1.7225,0.0017431730154926,treino
2012-02-10,1.726,0.0020298687555596,treino
2012-02-13,1.7169,-0.0052862535602069,treino
2012-02-14,1.7173,0.00023295090665,treino
2012-02-15,1.7158,-0.0008738458509515,treino
2012-02-16,1.7326,0.009743726317175,treino
2012-02-17,1.7136,-0.0110267497625555,treino
2012-02-22,1.7076,-0.0035075448096772,treino
2012-02-23,1.704,-0.002110447494546,treino
2012-02-24,1.7098,0.0033979762028722,treino
2012-02-27,1.7088,-0.0005850348262574,treino
2012-02-28,1.7024,-0.0037523496185506,treino
2012-02-29,1.7092,0.0039864046225447,treino
2012-03-01,1.7152,0.003504267106613,treino
2012-03-02,1.7245,0.0054074615004126,treino
2012-03-05,1.7314,0.0039931764047779,treino
2012-03-06,1.7556,0.0138803490324055,treino
2012-03-07,1.7692,0.0077167881800928,treino
2012-03-08,1.7697,0.0002825736829675,treino
2012-03-09,1.7767,0.0039476703647209,treino
2012-03-12,1.8157,0.0217133572347609,treino
2012-03-13,1.8102,-0.0030337318835509,treino
2012-03-14,1.8146,0.0024277213424581,treino
2012-03-15,1.8006,-0.0077451150611521,treino
2012-03-16,1.8018,0.0006662225429632,treino
2012-03-19,1.809,0.0039880411779554,treino
2012-03-20,1.8259,0.0092988097473922,treino
2012-03-21,1.8267,0.0004380441399507,treino
2012-03-22,1.825,-0.0009310732660462,treino
2012-03-23,1.8194,-0.0030732106286304,treino
2012-03-26,1.8143,-0.0028070580118439,treino
2012-03-27,1.8135,-0.0004410386531604,treino
2012-03-28,1.8223,0.0048407597690525,treino
2012-03-29,1.8334,0.0060727270356657,treino
2012-03-30,1.8221,-0.0061824844718422,treino
2012-04-02,1.8314,0.0050910196177986,treino
2012-04-03,1.8256,-0.0031720015658205,treino
2012-04-04,1.8316,0.0032812016751291,treino
2012-04-05,1.8301,-0.0008192916317035,treino
2012-04-09,1.826,-0.0022428279963229,treino
2012-04-10,1.8317,0.0031167152112575,treino
2012-04-11,1.8303,-0.0007646095402549,treino
2012-04-12,1.827,-0.0018046104479096,treino
2012-04-13,1.8364,0.0051318559970602,treino
2012-04-16,1.8373,0.000489969250622,treino
2012-04-17,1.8454,0.0043989535187664,treino
2012-04-18,1.8694,0.0129214676040275,treino
2012-04-19,1.8867,0.0092117474690843,treino
2012-04-20,1.8786,-0.0043024526571523,treino
2012-04-23,1.8864,0.0041434322226915,treino
2012-04-24,1.878,-0.0044628700148984,treino
2012-04-25,1.8807,0.0014366671798243,treino
2012-04-26,1.8871,0.0033972111870175,treino
2012-04-27,1.8852,-0.0010073430854742,treino
2012-04-30,1.8918,0.0034948407294942,treino
2012-05-02,1.9149,0.0121366451510512,treino
2012-05-03,1.9277,0.0066621804734243,treino
2012-05-04,1.921,-0.003481698634989,treino
2012-05-07,1.9268,0.0030147119875091,treino
2012-05-08,1.9366,0.0050732624213649,treino
2012-05-09,1.9577,0.0108364566050661,treino
2012-05-10,1.9581,0.0002043005267844,treino
2012-05-11,1.9513,-0.0034787982083283,treino
2012-05-14,1.9866,0.0179288176803025,treino
2012-05-15,1.9947,0.0040690282952633,treino
2012-05-16,1.9974,0.0013526717325154,treino
2012-05-17,1.9973,-5.0066337908161174e-05,treino
2012-05-18,2.0095,0.0060896664181296,treino
2012-05-21,2.0374,0.0137885502667101,treino
2012-05-22,2.0493,0.0058237862499473,treino
2012-05-23,2.0816,0.0156385573523274,treino
2012-05-24,2.0384,-0.0209716423803965,treino
2012-05-25,2.0032,-0.0174192844720648,treino
2012-05-28,1.9778,-0.0127607860698889,treino
2012-05-29,1.9944,0.0083581373734575,treino
2012-05-30,2.0078,0.0066963420480781,treino
2012-05-31,2.0223,0.0071958822700767,treino
2012-06-01,2.035,0.0062603413491925,treino
2012-06-04,2.041,0.0029440649331493,treino
2012-06-05,2.0266,-0.0070803717956274,treino
2012-06-06,2.0183,-0.0041039391081439,treino
2012-06-08,2.0353,0.00838765525276,treino
2012-06-11,2.0348,-0.0002456942102233,treino
2012-06-12,2.0564,0.0105593472327395,treino
2012-06-13,2.0604,0.0019432575100806,treino
2012-06-14,2.0691,0.004213591413925,treino
2012-06-15,2.0443,-0.0120582975143932,treino
2012-06-18,2.0634,0.0092996750753135,treino
2012-06-19,2.044,-0.0094464353426805,treino
2012-06-20,2.0293,-0.0072177663406719,treino
2012-06-21,2.0363,0.0034435295735462,treino
2012-06-22,2.0555,0.0093846917814637,treino
2012-06-25,2.0718,0.0078986672860685,treino
2012-06-26,2.0743,0.001205952728098,treino
2012-06-27,2.0764,0.0010118776009742,treino
2012-06-28,2.0904,0.0067198102533286,treino
2012-06-29,2.0213,-0.0336145664534504,treino
2012-07-02,1.9893,-0.0159580507100205,treino
2012-07-03,1.9888,-0.000251376286485,treino
2012-07-04,2.0201,0.0156155733639691,treino
2012-07-05,2.0292,0.004494611572119,treino
2012-07-06,2.0359,0.0032963548580965,treino
2012-07-09,2.0312,-0.0023112301601626,treino
2012-07-10,2.0332,0.0009841551822786,treino
2012-07-11,2.031,-0.0010826239923625,treino
2012-07-12,2.0471,0.0078958748661908,treino
2012-07-13,2.0338,-0.0065181930895386,treino
2012-07-16,2.038,0.002062970425633,treino
2012-07-17,2.0349,-0.0015222571625265,treino
2012-07-18,2.0258,-0.0044819933674468,treino
2012-07-19,2.0239,-0.0009383411805369,treino
2012-07-20,2.0227,-0.0005930905131099,treino
2012-07-23,2.0412,0.0091046176307665,treino
2012-07-24,2.0418,0.0002939015450985,treino
2012-07-25,2.0403,-0.0007349158852123,treino
2012-07-26,2.0255,-0.0072802722069572,treino
2012-07-27,2.0173,-0.0040566000024402,treino
2012-07-30,2.0313,0.0069159985194042,treino
2012-07-31,2.0499,0.0091150292951329,treino
2012-08-01,2.0432,-0.0032738051765673,treino
2012-08-02,2.0475,0.0021023304489494,treino
2012-08-03,2.0313,-0.007943554567515,treino
2012-08-06,2.0279,-0.0016752073290914,treino
2012-08-07,2.0281,9.8619329468419e-05,treino
2012-08-08,2.0273,-0.0003945356859382,treino
2012-08-09,2.0182,-0.0044988334437195,treino
2012-08-10,2.0175,-0.0003469038863246,treino
2012-08-13,2.0266,0.0045003908701134,treino
2012-08-14,2.0258,-0.0003948277615205,treino
2012-08-15,2.0234,-0.0011854194809066,treino
2012-08-16,2.0214,-0.0009889241312279,treino
2012-08-17,2.0182,-0.0015843156101336,treino
2012-08-20,2.0209,0.0013369316937742,treino
2012-08-21,2.0173,-0.0017829730838976,treino
2012-08-22,2.021,0.0018324547633158,treino
2012-08-23,2.0241,0.0015327188978683,treino
2012-08-24,2.0255,0.000691426341256,treino
2012-08-27,2.0293,0.0018743223401778,treino
2012-08-28,2.0433,0.0068752419324591,treino
2012-08-29,2.0509,0.0037125732643047,treino
2012-08-30,2.0513,0.000195017308404,treino
2012-08-31,2.0372,-0.0068974224776415,treino
2012-09-03,2.0335,-0.0018178696631703,treino
2012-09-04,2.0392,0.0027991277146265,treino
2012-09-05,2.0385,-0.0003433308025977,treino
2012-09-06,2.0381,-0.0001962419669742,treino
2012-09-10,2.0241,-0.0068928439908445,treino
2012-09-11,2.0197,-0.0021761717871466,treino
2012-09-12,2.0204,0.0003465260795548,treino
2012-09-13,2.0254,0.0024717003042871,treino
2012-09-14,2.0139,-0.005694071285369,treino
2012-09-17,2.0312,0.0085536107776531,treino
2012-09-18,2.0274,-0.0018725674421693,treino
2012-09-19,2.0236,-0.0018760805305182,treino
2012-09-20,2.0263,0.0013333664535023,treino
2012-09-21,2.024,-0.0011357184639272,treino
2012-09-24,2.0273,0.0016291070667918,treino
2012-09-25,2.0251,-0.0010857764367453,treino
2012-09-26,2.0341,0.0044343785710386,treino
2012-09-27,2.0311,-0.0014759424110014,treino
2012-09-28,2.0306,-0.0002462023303175,treino
2012-10-01,2.026,-0.0022679100584938,treino
2012-10-02,2.0266,0.0002961062055887,treino
2012-10-03,2.0266,0.0,treino
2012-10-04,2.0224,-0.0020745870616789,treino
2012-10-05,2.0246,0.001087225212113,treino
2012-10-08,2.0313,0.003303831995058,treino
2012-10-09,2.0337,0.0011808119453202,treino
2012-10-10,2.0378,0.0020140004351552,treino
2012-10-11,2.0369,-0.0004417503200899,treino
2012-10-15,2.0382,0.0006380211744982,treino
2012-10-16,2.0351,-0.0015221076760905,treino
2012-10-17,2.0336,-0.0007373362833131,treino
2012-10-18,2.0295,-0.002018164156237,treino
2012-10-19,2.0272,-0.0011339267120777,treino
2012-10-22,2.0266,-0.0002960185526573,treino
2012-10-23,2.0286,0.000986387927678,treino
2012-10-24,2.0263,-0.0011344300706118,treino
2012-10-25,2.0261,-9.870693917790609e-05,treino
2012-10-26,2.0263,9.870693917790609e-05,treino
2012-10-29,2.0296,0.0016272594137886,treino
2012-10-30,2.0323,0.0013294273111894,treino
2012-10-31,2.0313,-0.0004921744365521,treino
2012-11-01,2.0312,-4.923076924068237e-05,treino
2012-11-05,2.035,0.0018690674862267,treino
2012-11-06,2.0341,-0.000442358268254,treino
2012-11-07,2.033,-0.0005409259800948,treino
2012-11-08,2.0357,0.0013272054446538,treino
2012-11-09,2.0512,0.0075852476533505,treino
2012-11-12,2.0476,-0.0017566121429227,treino
2012-11-13,2.0614,0.0067169880192641,treino
2012-11-14,2.0629,0.00072739619627,treino
2012-11-16,2.0712,0.0040153896383655,treino
2012-11-19,2.0745,0.0015920113355946,treino
2012-11-20,2.0835,0.0043290110895854,treino
2012-11-21,2.0924,0.0042625606339479,treino
2012-11-22,2.0912,-0.0005736686264984,treino
2012-11-23,2.0985,0.003484739903688,treino
2012-11-26,2.0787,-0.0094801054722002,treino
2012-11-27,2.0752,-0.0016851637392658,treino
2012-11-28,2.0912,0.007680529307778,treino
2012-11-29,2.0991,0.0037706175500031,treino
2012-11-30,2.1074,0.0039462787454666,treino
2012-12-03,2.1121,0.002227753024669,treino
2012-12-04,2.1077,-0.0020854076470949,treino
2012-12-05,2.1046,-0.0014718802362895,treino
2012-12-06,2.0836,-0.0100282584356753,treino
2012-12-07,2.0804,-0.001536983972119,treino
2012-12-10,2.081,0.000288364494717,treino
2012-12-11,2.0743,-0.0032248000415346,treino
2012-12-12,2.0801,0.0027922221106825,treino
2012-12-13,2.0751,-0.0024066241881336,treino
2012-12-14,2.084,0.0042797785986089,treino
2012-12-17,2.0902,0.0029706312871455,treino
2012-12-18,2.0966,0.0030572298580691,treino
2012-12-19,2.0791,-0.0083818772691295,treino
2012-12-20,2.0625,-0.0080162685405067,treino
2012-12-21,2.0758,0.0064277823223526,treino
2012-12-24,2.0774,0.0007704902625222,treino
2012-12-26,2.0569,-0.0099171168095933,treino
2012-12-27,2.0483,-0.0041898141775077,treino
2012-12-28,2.0435,-0.0023461568022778,treino
2012-12-31,2.0435,0.0,treino
2013-01-02,2.0415,-0.0009791922447014,treino
2013-01-03,2.0464,0.0023973200649478,treino
2013-01-04,2.0425,-0.0019076040904203,treino
2013-01-07,2.0312,-0.0055477963436892,treino
2013-01-08,2.0286,-0.0012808514485733,treino
2013-01-09,2.0417,0.0064368942002586,treino
2013-01-10,2.0358,-0.0028939321239144,treino
2013-01-11,2.0341,-0.000835401409798,treino
2013-01-14,2.0334,-0.0003441917673808,treino
2013-01-15,2.0374,0.0019652163149054,treino
2013-01-16,2.0409,0.0017164018631589,treino
2013-01-17,2.0411,9.799118087205903e-05,treino
2013-01-18,2.0441,0.0014687166059345,treino
2013-01-21,2.042,-0.0010278750813206,treino
2013-01-22,2.0471,0.0024944377219647,treino
2013-01-23,2.0394,-0.0037685105164502,treino
2013-01-24,2.0344,-0.0024547118222153,treino
2013-01-25,2.0285,-0.002904331461408,treino
2013-01-28,2.0241,-0.0021714463450127,treino
2013-01-29,1.9912,-0.0163876852481069,treino
2013-01-30,1.99,-0.0006028333348442,treino
2013-01-31,1.9883,-0.0008546364545025,treino
2013-02-01,1.9843,-0.002013795172829,treino
2013-02-04,1.9893,0.0025166109517252,treino
2013-02-05,1.9881,-0.0006034092806408,treino
2013-02-06,1.9884,0.0001508864582265,treino
2013-02-07,1.9789,-0.0047891604656594,treino
2013-02-08,1.9636,-0.0077616115709605,treino
2013-02-13,1.967,0.0017300162051616,treino
2013-02-14,1.9666,-0.0002033760430032,treino
2013-02-15,1.96,-0.003361690121493,treino
2013-02-18,1.9676,0.0038700526966218,treino
2013-02-19,1.9597,-0.0040231256361762,treino
2013-02-20,1.957,-0.0013787118889322,treino
2013-02-21,1.972,0.0076355677665044,treino
2013-02-22,1.9705,-0.0007609385275223,treino
2013-02-25,1.9676,-0.0014727917138736,treino
2013-02-26,1.9818,0.0071909967036142,treino
2013-02-27,1.9807,-0.0005552050615805,treino
2013-02-28,1.9754,-0.0026794080891914,treino
2013-03-01,1.9848,0.0047472439035642,treino
2013-03-04,1.9827,-0.0010586012330744,treino
2013-03-05,1.9693,-0.0067814025063661,treino
2013-03-06,1.9673,-0.0010161053559306,treino
2013-03-07,1.9642,-0.001577006558546,treino
2013-03-08,1.9528,-0.0058207976449234,treino
2013-03-11,1.9552,0.0012282498985257,treino
2013-03-12,1.9585,0.0016863841286097,treino
2013-03-13,1.9619,0.0017345173208971,treino
2013-03-14,1.9676,0.0029011344944016,treino
2013-03-15,1.9749,0.003703238220756,treino
2013-03-18,1.9871,0.0061585252698298,treino
2013-03-19,1.983,-0.0020654398919746,treino
2013-03-20,1.9868,0.0019144547133993,treino
2013-03-21,1.9931,0.0031659113354967,treino
2013-03-22,2.0126,0.0097362029305407,treino
2013-03-25,2.014,0.0006953757792746,treino
2013-03-26,2.0087,-0.0026350476380049,treino
2013-03-27,2.0185,0.0048669146524928,treino
2013-03-28,2.0138,-0.002331176811481,treino
2013-04-01,2.0186,0.0023807173232448,treino
2013-04-02,2.0179,-0.0003468351329207,treino
2013-04-03,2.0239,0.0029689764003213,treino
2013-04-04,2.0201,-0.001879327951744,treino
2013-04-05,2.0035,-0.0082513640442165,treino
2013-04-08,1.9902,-0.0066605148951375,treino
2013-04-09,1.9861,-0.0020622193763157,treino
2013-04-10,1.981,-0.0025711491061949,treino
2013-04-11,1.9736,-0.0037424814834039,treino
2013-04-12,1.9761,0.0012659190996099,treino
2013-04-15,1.979,0.0014664612878088,treino
2013-04-16,1.9903,0.005693714522609,treino
2013-04-17,1.9939,0.0018071386876788,treino
2013-04-18,2.0152,0.0106259262255468,treino
2013-04-19,2.0089,-0.0031311374702968,treino
2013-04-22,2.0154,0.0032303782781983,treino
2013-04-23,2.017,0.0007935721079096,treino
2013-04-24,2.0244,0.0036621013857112,treino
2013-04-25,2.0119,-0.0061938111447324,treino
2013-04-26,2.0001,-0.0058823699030663,treino
2013-04-29,1.9999,-0.0001000000000833,treino
2013-04-30,2.0017,0.0008996402046196,treino
2013-05-02,2.0095,0.0038891153925955,treino
2013-05-03,2.0093,-9.95321987484754e-05,treino
2013-05-06,2.0143,0.0024853377938709,treino
2013-05-07,2.011,-0.0016396297117262,treino
2013-05-08,2.003,-0.0039860541068337,treino
2013-05-09,2.0051,0.0010478781428399,treino
2013-05-10,2.0231,0.0089370536747097,treino
2013-05-13,2.015,-0.0040117931025845,treino
2013-05-14,2.0063,-0.0043269656946282,treino
2013-05-15,2.0233,0.0084376120989936,treino
2013-05-16,2.0254,0.0010373701130357,treino
2013-05-17,2.0354,0.0049251478596467,treino
2013-05-20,2.0333,-0.0010322708415352,treino
2013-05-21,2.0402,0.0033877533321224,treino
2013-05-22,2.0387,-0.0007354924453253,treino
2013-05-23,2.0537,0.0073306945429543,treino
2013-05-24,2.0495,-0.0020471834016552,treino
2013-05-27,2.0527,0.0015601387787409,treino
2013-05-28,2.0616,0.0043263806150219,treino
2013-05-29,2.0894,0.0133945630652523,treino
2013-05-31,2.1319,0.0201366574670887,treino
2013-06-03,2.1355,0.0016872104110249,treino
2013-06-04,2.1282,-0.00342425927389,treino
2013-06-05,2.1235,-0.0022108812543053,treino
2013-06-06,2.125,0.0007061316051913,treino
2013-06-07,2.1372,0.005724758725099,treino
2013-06-10,2.1506,0.0062503118728095,treino
2013-06-11,2.1521,0.0006972366471134,treino
2013-06-12,2.142,-0.0047041375958452,treino
2013-06-13,2.1447,0.0012597104332217,treino
2013-06-14,2.1367,-0.0037370996919733,treino
2013-06-17,2.1538,0.007971141145838,treino
2013-06-18,2.1706,0.0077699031171339,treino
2013-06-19,2.1744,0.0017491373849647,treino
2013-06-20,2.2523,0.0351991519104533,treino
2013-06-21,2.2648,0.0055345384903573,treino
2013-06-24,2.2515,-0.0058897940560634,treino
2013-06-25,2.2185,-0.0147653689226621,treino
2013-06-26,2.1975,-0.0095109412596322,treino
2013-06-27,2.1846,-0.0058876051498891,treino
2013-06-28,2.2156,0.0140905017495058,treino
2013-07-01,2.2297,0.0063438000973761,treino
2013-07-02,2.2412,0.0051443894348046,treino
2013-07-03,2.2634,0.0098566708407116,treino
2013-07-04,2.2595,-0.0017245576805067,treino
2013-07-05,2.2645,0.0022104341449341,treino
2013-07-08,2.2583,-0.00274166617301,treino
2013-07-09,2.2628,0.0019906666457421,treino
2013-07-10,2.2697,0.0030446796824233,treino
2013-07-11,2.2672,-0.001102074215008,treino
2013-07-12,2.267,-8.821842888695475e-05,treino
2013-07-15,2.2548,-0.005396094300109,treino
2013-07-16,2.2353,-0.0086858299796284,treino
2013-07-17,2.2372,0.0008496367196414,treino
2013-07-18,2.2297,-0.0033580366911081,treino
2013-07-19,2.2364,0.0030003828961654,treino
2013-07-22,2.2386,0.0009832403026768,treino
2013-07-23,2.2267,-0.0053300016447552,treino
2013-07-24,2.2348,0.0036310697745818,treino
2013-07-25,2.2497,0.0066451353904596,treino
2013-07-26,2.2488,-0.000400133383131,treino
2013-07-29,2.2609,0.0053662234899483,treino
2013-07-30,2.2734,0.0055135441703395,treino
2013-07-31,2.2903,0.0074063050821646,treino
2013-08-01,2.2914,0.0004801711247507,treino
2013-08-02,2.2933,0.0008288438104007,treino
2013-08-05,2.301,0.0033519827654396,treino
2013-08-06,2.2955,-0.0023931263460891,treino
2013-08-07,2.3028,0.0031750891123777,treino
2013-08-08,2.2882,-0.0063602915348111,treino
2013-08-09,2.2748,-0.0058733458341988,treino
2013-08-12,2.2722,-0.0011436112968403,treino
2013-08-13,2.3035,0.0136811802401675,treino
2013-08-14,2.3118,0.0035967364841951,treino
2013-08-15,2.3434,0.0135764243738883,treino
2013-08-16,2.3565,0.0055746011297302,treino
2013-08-19,2.398,0.0174575892236741,treino
2013-08-20,2.3943,-0.0015441440373867,treino
2013-08-21,2.4169,0.0093948146938581,treino
2013-08-22,2.4457,0.0118456532579339,treino
2013-08-23,2.3868,-0.0243778238539381,treino
2013-08-26,2.3705,-0.0068526533057539,treino
2013-08-27,2.3998,0.0122844971881155,treino
2013-08-28,2.3515,-0.0203319781451857,treino
2013-08-29,2.3578,0.0026755584729244,treino
2013-08-30,2.3725,0.0062152706260557,treino
2013-09-02,2.3643,-0.0034622564563693,treino
2013-09-03,2.3897,0.0106858400066177,treino
2013-09-04,2.3538,-0.0151367915907694,treino
2013-09-05,2.3314,-0.00956209795783,treino
2013-09-06,2.2979,-0.0144732831248413,treino
2013-09-09,2.2868,-0.0048422019710744,treino
2013-09-10,2.2779,-0.0038994945025184,treino
2013-09-11,2.2947,0.0073481501086324,treino
2013-09-12,2.2769,-0.0077872473318111,treino
2013-09-13,2.2785,0.0007024630398183,treino
2013-09-16,2.2649,-0.005986723871823,treino
2013-09-17,2.2617,-0.0014138649463484,treino
2013-09-18,2.2489,-0.0056755351213262,treino
2013-09-19,2.2036,-0.0203488211658782,treino
2013-09-20,2.2053,0.0007711674495901,treino
2013-09-23,2.2033,-0.0009073175780084,treino
2013-09-24,2.2031,-9.077705162363614e-05,treino
2013-09-25,2.2224,0.0087222335815597,treino
2013-09-26,2.2285,0.0027410203865312,treino
2013-09-27,2.2571,0.0127520900511003,treino
2013-09-30,2.23,-0.0120792179835463,treino
2013-10-01,2.2123,-0.0079688871382235,treino
2013-10-02,2.2088,-0.0015833166999962,treino
2013-10-03,2.2069,-0.0008605657618304,treino
2013-10-04,2.2051,-0.000815956527592,treino
2013-10-07,2.2087,0.0016312478129008,treino
2013-10-08,2.2016,-0.0032197384003984,treino
2013-10-09,2.2054,0.0017245295855535,treino
2013-10-10,2.185,-0.0092930697948875,treino
2013-10-11,2.1821,-0.0013281126726073,treino
2013-10-14,2.1817,-0.0001833264591045,treino
2013-10-15,2.1818,4.583476567776579e-05,treino
2013-10-16,2.1629,-0.0087003103644004,treino
2013-10-17,2.1611,-0.0008325624902748,treino
2013-10-18,2.1616,0.0002313368969533,treino
2013-10-21,2.1738,0.005628099923152,treino
2013-10-22,2.176,0.0010115408467468,treino
2013-10-23,2.1826,0.003028497703156,treino
2013-10-24,2.2003,0.0080768880071059,treino
2013-10-25,2.1848,-0.0070694235266,treino
2013-10-28,2.1846,-9.154575005243526e-05,treino
2013-10-29,2.1804,-0.0019243992193169,treino
2013-10-30,2.1888,0.0038451022381055,treino
2013-10-31,2.2026,0.0062850323026121,treino
2013-11-01,2.2468,0.019868500927434,treino
2013-11-04,2.2426,-0.0018710746314972,treino
2013-11-05,2.2747,0.0142122685310358,treino
2013-11-06,2.2785,0.0016691561461211,treino
2013-11-07,2.2825,0.0017540017651862,treino
2013-11-08,2.317,0.0150019119632526,treino
2013-11-11,2.3142,-0.001209189990139,treino
2013-11-12,2.3362,0.0094616222793585,treino
2013-11-13,2.3234,-0.0054940476422212,treino
2013-11-14,2.3289,0.0023644230003698,treino
2013-11-18,2.2828,-0.0199932934171912,treino
2013-11-19,2.2662,-0.0072983397160868,treino
2013-11-20,2.2726,0.0028201305374425,treino
2013-11-21,2.3067,0.014893381222336,treino
2013-11-22,2.2913,-0.0066985896409479,treino
2013-11-25,2.2871,-0.0018347025939833,treino
2013-11-26,2.304,0.0073621033444681,treino
2013-11-27,2.3058,0.0007809449830715,treino
2013-11-28,2.3208,0.006484266008341,treino
2013-11-29,2.3249,0.0017650735365851,treino
2013-12-02,2.3449,0.0085657297040813,treino
2013-12-03,2.3558,0.0046376154768231,treino
2013-12-04,2.374,0.0076959236449293,treino
2013-12-05,2.3747,0.0002948175311432,treino
2013-12-06,2.3525,-0.0093925212412219,treino
2013-12-09,2.3225,-0.0128344007715411,treino
2013-12-10,2.3102,-0.0053100908334136,treino
2013-12-11,2.3262,0.0069019340503585,treino
2013-12-12,2.3338,0.0032618054670685,treino
2013-12-13,2.3354,0.0006853422696074,treino
2013-12-16,2.3255,-0.0042481129774628,treino
2013-12-17,2.3221,-0.0014631210115062,treino
2013-12-18,2.3274,0.002279816021331,treino
2013-12-19,2.3528,0.0108543435658087,treino
2013-12-20,2.3817,0.0122084101593921,treino
2013-12-23,2.3706,-0.0046714307537772,treino
2013-12-24,2.3554,-0.0064325232379519,treino
2013-12-26,2.3507,-0.0019974082839756,treino
2013-12-27,2.3538,0.0013178873200895,treino
2013-12-30,2.3426,-0.0047696198077876,treino
2013-12-31,2.3426,0.0,treino
2014-01-02,2.3975,0.023165104121819,treino
2014-01-03,2.3741,-0.0098081094759711,treino
2014-01-06,2.3789,0.0020197776695983,treino
2014-01-07,2.3634,-0.0065369357463054,treino
2014-01-08,2.3779,0.0061164850169362,treino
2014-01-09,2.396,0.0075829350134885,treino
2014-01-10,2.3819,-0.0059021917294712,treino
2014-01-13,2.3491,-0.0138662124461491,treino
2014-01-14,2.3617,0.0053494226233863,treino
2014-01-15,2.347,-0.0062437818320824,treino
2014-01-16,2.3683,0.0090344813176644,treino
2014-01-17,2.3601,-0.0034684071653814,treino
2014-01-20,2.3335,-0.0113347046134362,treino
2014-01-21,2.3608,0.0116312582388592,treino
2014-01-22,2.3601,-0.000296553625423,treino
2014-01-23,2.3761,0.0067564971356608,treino
2014-01-24,2.4129,0.0153688554391656,treino
2014-01-27,2.4044,-0.003528951413126,treino
2014-01-28,2.4165,0.0050198201201318,treino
2014-01-29,2.4397,0.009554868623365,treino
2014-01-30,2.4224,-0.0071162966653741,treino
2014-01-31,2.4263,0.0016086789618043,treino
2014-02-03,2.409,-0.0071557395900627,treino
2014-02-04,2.4177,0.0036049513837039,treino
2014-02-05,2.4106,-0.002940995844332,treino
2014-02-06,2.4041,-0.0027000660265198,treino
2014-02-07,2.3817,-0.009361094728546,treino
2014-02-10,2.3936,0.0049839903809808,treino
2014-02-11,2.4076,0.0058318918934575,treino
2014-02-12,2.4086,0.0004152651527636,treino
2014-02-13,2.4238,0.0062908907080075,treino
2014-02-14,2.3924,-0.013039510363985,treino
2014-02-17,2.387,-0.0022596988315718,treino
2014-02-18,2.3983,0.0047228056772895,treino
2014-02-19,2.3986,0.000125080781501,treino
2014-02-20,2.3799,-0.0078267638215536,treino
2014-02-21,2.3625,-0.0073380896081692,treino
2014-02-24,2.3391,-0.0099541403842337,treino
2014-02-25,2.3367,-0.0010265623896514,treino
2014-02-26,2.3454,0.0037162854329516,treino
2014-02-27,2.3436,-0.0007677543563306,treino
2014-02-28,2.3334,-0.0043617772808768,treino
2014-03-05,2.324,-0.0040365924179549,treino
2014-03-06,2.3094,-0.0063020884540462,treino
2014-03-07,2.3382,0.012393652054963,treino
2014-03-10,2.341,0.0011967859181922,treino
2014-03-11,2.3461,0.0021761865600091,treino
2014-03-12,2.3649,0.0079813626830522,treino
2014-03-13,2.3486,-0.0069163318029915,treino
2014-03-14,2.3638,0.0064510876471595,treino
2014-03-17,2.3518,-0.0050895011888248,treino
2014-03-18,2.3522,0.0001700680276207,treino
2014-03-19,2.3338,-0.007853220044929,treino
2014-03-20,2.342,0.0035074247856556,treino
2014-03-21,2.3245,-0.0075003030270233,treino
2014-03-24,2.3248,0.0001290516853791,treino
2014-03-25,2.3124,-0.0053480676076975,treino
2014-03-26,2.3119,-0.0002162489466289,treino
2014-03-27,2.283,-0.0125793297318964,treino
2014-03-28,2.2603,-0.0099928197102526,treino
2014-03-31,2.263,0.0011938188139944,treino
2014-04-01,2.262,-0.0004419889574716,treino
2014-04-02,2.2711,0.0040149179254819,treino
2014-04-03,2.2811,0.0043934871427452,treino
2014-04-04,2.242,-0.0172894581121876,treino
2014-04-07,2.2326,-0.0042014990514733,treino
2014-04-08,2.1974,-0.0158919823138512,treino
2014-04-09,2.2111,0.0062152859713296,treino
2014-04-10,2.1987,-0.005623852638196,treino
2014-04-11,2.2059,0.003269312270372,treino
2014-04-14,2.2096,0.0016759147847413,treino
2014-04-15,2.2257,0.007259969208562,treino
2014-04-16,2.2342,0.0038117492731581,treino
2014-04-17,2.2482,0.0062466738909487,treino
2014-04-22,2.2449,-0.0014689192732743,treino
2014-04-23,2.2426,-0.0010250697276421,treino
2014-04-24,2.2229,-0.0088232573299162,treino
2014-04-25,2.2325,0.00430938405379,treino
2014-04-28,2.237,0.0020136487394756,treino
2014-04-29,2.2199,-0.007673532683408,treino
2014-04-30,2.236,0.0072264054682682,treino
2014-05-02,2.2221,-0.0062358605876365,treino
2014-05-05,2.2286,0.0029208909256003,treino
2014-05-06,2.2322,0.001614060608661,treino
2014-05-07,2.2282,-0.0017935615963984,treino
2014-05-08,2.2107,-0.0078848771841528,treino
2014-05-09,2.2192,0.0038375631195036,treino
2014-05-12,2.2164,-0.0012625125673724,treino
2014-05-13,2.2101,-0.0028464946363169,treino
2014-05-14,2.2129,0.0012661091449426,treino
2014-05-15,2.2166,0.0016706178397324,treino
2014-05-16,2.211,-0.0025295884841065,treino
2014-05-19,2.2111,4.522738066414789e-05,treino
2014-05-20,2.2156,0.0020331179208383,treino
2014-05-21,2.2111,-0.0020331179208383,treino
2014-05-22,2.2131,0.0009041183202558,treino
2014-05-23,2.2187,0.0025271912001705,treino
2014-05-26,2.2209,0.0009910803586256,treino
2014-05-27,2.2354,0.0065076638343487,treino
2014-05-28,2.2405,0.0022788722746865,treino
2014-05-29,2.2251,-0.0068971968155756,treino
2014-05-30,2.239,0.0062274791881328,treino
2014-06-02,2.264,0.0111038227243186,treino
2014-06-03,2.2654,0.0006181834435398,treino
2014-06-04,2.2802,0.0065118146330059,treino
2014-06-05,2.2695,-0.004703615503099,treino
2014-06-06,2.2445,-0.0110767636745334,treino
2014-06-09,2.2336,-0.0048681456539333,treino
2014-06-10,2.2296,-0.0017924364003149,treino
2014-06-11,2.2307,0.0004932403749977,treino
2014-06-12,2.2306,-4.4829982299710025e-05,treino
2014-06-13,2.2347,0.0018363832899038,treino
2014-06-16,2.2313,-0.0015226156098828,treino
2014-06-17,2.2486,0.0077234250752017,treino
2014-06-18,2.2534,0.0021323864144062,treino
2014-06-20,2.238,-0.0068575768581949,treino
2014-06-23,2.2195,-0.0083006645977806,treino
2014-06-24,2.2217,0.0009907233089919,treino
2014-06-25,2.2052,-0.0074544608675533,treino
2014-06-26,2.2089,0.0016764463272522,treino
2014-06-27,2.1975,-0.0051743034834488,treino
2014-06-30,2.2025,0.0022727282510026,treino
2014-07-01,2.2054,0.0013158195142434,treino
2014-07-02,2.2134,0.0036208965061068,treino
2014-07-03,2.2281,0.0066194095126754,treino
2014-07-04,2.2149,-0.0059419486101308,treino
2014-07-07,2.2201,0.002344984163643,treino
2014-07-08,2.215,-0.0022998364176366,treino
2014-07-09,2.2139,-0.0004967373490565,treino
2014-07-10,2.2237,0.0044168090552069,treino
2014-07-11,2.2228,-0.0004048127796202,treino
2014-07-14,2.2176,-0.0023421324101819,treino
2014-07-15,2.2195,0.0008564152785057,treino
2014-07-16,2.2193,-9.011444540651949e-05,treino
2014-07-17,2.2403,0.0094179546242002,treino
2014-07-18,2.2362,-0.0018317887396157,treino
2014-07-21,2.2238,-0.0055605524441189,treino
2014-07-22,2.2129,-0.0049135717673286,treino
2014-07-23,2.2202,0.0032934093967265,treino
2014-07-24,2.2204,9.0077917459519e-05,treino
2014-07-25,2.2293,0.0040002750155268,treino
2014-07-28,2.2302,0.0004036326997283,treino
2014-07-29,2.2278,-0.0010767161201721,treino
2014-07-30,2.2447,0.0075573305464103,treino
2014-07-31,2.2674,0.0100619186259984,treino
2014-08-01,2.2607,-0.0029593007617241,treino
2014-08-04,2.2577,-0.0013279038778472,treino
2014-08-05,2.2756,0.0078971579325654,treino
2014-08-06,2.279,0.0014929963691919,treino
2014-08-07,2.2802,0.000526408153935,treino
2014-08-08,2.2986,0.008037083535039,treino
2014-08-11,2.2779,-0.0090462760473606,treino
2014-08-12,2.277,-0.0003951788235579,treino
2014-08-13,2.2692,-0.0034314406113274,treino
2014-08-14,2.2703,0.0004846348811674,treino
2014-08-15,2.269,-0.0005727755537379,treino
2014-08-18,2.2595,-0.0041956559285073,treino
2014-08-19,2.2587,-0.000354123327148,treino
2014-08-20,2.255,-0.0016394535874076,treino
2014-08-21,2.2582,0.001418062809643,treino
2014-08-22,2.2778,0.0086420290938289,treino
2014-08-25,2.2808,0.0013161937582115,treino
2014-08-26,2.2748,-0.0026341221658177,treino
2014-08-27,2.2591,-0.0069256325694678,treino
2014-08-28,2.2499,-0.0040807330968389,treino
2014-08-29,2.2396,-0.0045884922915995,treino
2014-09-01,2.2364,-0.0014298483222479,treino
2014-09-02,2.2521,0.006995684094576,treino
2014-09-03,2.2319,-0.0090098736169267,treino
2014-09-04,2.2356,0.0016564077654034,treino
2014-09-05,2.2416,0.0026802481871994,treino
2014-09-08,2.2491,0.0033402395943834,treino
2014-09-09,2.2813,0.014215319721703,treino
2014-09-10,2.2967,0.0067278541235401,treino
2014-09-11,2.288,-0.0037952365226807,treino
2014-09-12,2.3251,0.0160849753495204,treino
2014-09-15,2.3401,0.0064306146321573,treino
2014-09-16,2.3351,-0.0021389467429365,treino
2014-09-17,2.3384,0.0014122180586064,treino
2014-09-18,2.3668,0.0120718970055028,treino
2014-09-19,2.3656,-0.0005071422642713,treino
2014-09-22,2.387,0.0090056578005625,treino
2014-09-23,2.4026,0.0065141369484447,treino
2014-09-24,2.407,0.0018296744957971,treino
2014-09-25,2.4085,0.0006229882872035,treino
2014-09-26,2.431,0.0092985482458478,treino
2014-09-29,2.4522,0.0086828854821632,treino
2014-09-30,2.451,-0.000489476270174,treino
2014-10-01,2.4623,0.0045997679456371,treino
2014-10-02,2.4785,0.0065576659868789,treino
2014-10-03,2.4932,0.0059134874740669,treino
2014-10-06,2.4098,-0.0340232694455193,treino
2014-10-07,2.4038,-0.0024929379704876,treino
2014-10-08,2.4072,0.001413427797147,treino
2014-10-09,2.3914,-0.0065852778303558,treino
2014-10-10,2.4103,0.0078722525798642,treino
2014-10-13,2.3923,-0.0074959747988081,treino
2014-10-14,2.3991,0.002838420739418,treino
2014-10-15,2.4316,0.0134558098686136,treino
2014-10-16,2.477,0.018498673614792,treino
2014-10-17,2.4477,-0.0118993423864951,treino
2014-10-20,2.4554,0.0031408726438751,treino
2014-10-21,2.4797,0.0098479043531654,treino
2014-10-22,2.4781,-0.0006454475999624,treino
2014-10-23,2.5004,0.0089585815577147,treino
2014-10-24,2.4805,-0.0079905663165535,treino
2014-10-27,2.5341,0.0213783916604569,treino
2014-10-28,2.4869,-0.0188015894938167,treino
2014-10-29,2.4346,-0.0212544829322479,treino
2014-10-30,2.4119,-0.0093676533577008,treino
2014-10-31,2.4442,0.0133030523861049,treino
2014-11-03,2.4839,0.0161120345901552,treino
2014-11-04,2.5195,0.0142305635265974,treino
2014-11-05,2.5168,-0.0010722158166394,treino
2014-11-06,2.5325,0.0062187038188251,treino
2014-11-07,2.5721,0.0155157287276876,treino
2014-11-10,2.539,-0.0129523831458476,treino
2014-11-11,2.5644,0.0099542304084236,treino
2014-11-12,2.555,-0.0036723094752972,treino
2014-11-13,2.5725,0.0068259650703996,treino
2014-11-14,2.6136,0.0158503925786557,treino
2014-11-17,2.6035,-0.0038718876839065,treino
2014-11-18,2.5967,-0.0026152855181877,treino
2014-11-19,2.5849,-0.0045545856100451,treino
2014-11-20,2.545,-0.0155561724900976,treino
2014-11-21,2.5391,-0.0023209624706606,treino
2014-11-24,2.5282,-0.0043021004525053,treino
2014-11-25,2.5237,-0.0017815084186799,treino
2014-11-26,2.5103,-0.0053238107467716,treino
2014-11-27,2.5065,-0.0015149101924474,treino
2014-11-28,2.5601,0.0211589625071304,treino
2014-12-01,2.5624,0.0008979990842598,treino
2014-12-02,2.5664,0.0015598193772469,treino
2014-12-03,2.5607,-0.0022234800758068,treino
2014-12-04,2.5797,0.007392454488572,treino
2014-12-05,2.5888,0.003521334779212,treino
2014-12-08,2.5923,0.0013510646512907,treino
2014-12-09,2.6016,0.0035811278380282,treino
2014-12-10,2.5931,-0.0032725691901523,treino
2014-12-11,2.6271,0.0130265050329493,treino
2014-12-12,2.6558,0.0108653513599388,treino
2014-12-15,2.6717,0.0059690463478472,treino
2014-12-16,2.7403,0.0253524295356477,treino
2014-12-17,2.7246,-0.0057457751077616,treino
2014-12-18,2.6676,-0.0211424365738093,treino
2014-12-19,2.6486,-0.0071479932652872,treino
2014-12-22,2.6527,0.0015467907182986,treino
2014-12-23,2.6775,0.0093055341107411,treino
2014-12-24,2.6832,0.0021265887470405,treino
2014-12-26,2.6812,-0.0007456565851418,treino
2014-12-29,2.6783,-0.0010821906084613,treino
2014-12-30,2.6562,-0.0082857349091908,treino
2014-12-31,2.6562,0.0,treino
2015-01-02,2.6929,0.0137221498474122,treino
2015-01-05,2.7107,0.0065882242888412,treino
2015-01-06,2.7023,-0.0031036418780026,treino
2015-01-07,2.6807,-0.0080253077948702,treino
2015-01-08,2.6919,0.0041693095425906,treino
2015-01-09,2.6583,-0.0125604432507552,treino
2015-01-12,2.6575,-0.0003009895052633,treino
2015-01-13,2.6485,-0.0033923892315217,treino
2015-01-14,2.6222,-0.0099797819192799,treino
2015-01-15,2.6122,-0.0038208819218805,treino
2015-01-16,2.6193,0.0027143283414508,treino
2015-01-19,2.6243,0.0019070873123079,treino
2015-01-20,2.6247,0.0001524099831489,treino
2015-01-21,2.5968,-0.0106866860200016,treino
2015-01-22,2.5754,-0.0082750559206432,treino
2015-01-23,2.5856,0.0039527274870926,treino
2015-01-26,2.5966,0.0042453075993769,treino
2015-01-27,2.5809,-0.0060647216307408,treino
2015-01-28,2.5797,-0.0004650622104517,treino
2015-01-29,2.596,0.0062986857390201,treino
2015-01-30,2.6623,0.025218612001357,treino
2015-02-02,2.6894,0.0101277095644319,treino
2015-02-03,2.7059,0.0061164537431104,treino
2015-02-04,2.7148,0.0032837116967232,treino
2015-02-05,2.7386,0.0087285550685299,treino
2015-02-06,2.7641,0.009268243785039,treino
2015-02-09,2.7873,0.0083583006322041,treino
2015-02-10,2.8075,0.0072210222972217,treino
2015-02-11,2.8576,0.0176877040695817,treino
2015-02-12,2.8625,0.0017132571803151,treino
2015-02-13,2.8392,-0.0081730465302083,treino
2015-02-18,2.843,0.0013375103187129,treino
2015-02-19,2.8545,0.0040368637533141,treino
2015-02-20,2.8701,0.0054501759479173,treino
2015-02-23,2.8811,0.0038252932999931,treino
2015-02-24,2.8649,-0.0056387201265053,treino
2015-02-25,2.8646,-0.0001047211799543,treino
2015-02-26,2.8728,0.0028584395661082,treino
2015-02-27,2.8782,0.0018779348242004,treino
2015-03-02,2.8655,-0.0044222437442811,treino
2015-03-03,2.9051,0.0137249581096647,treino
2015-03-04,2.9804,0.0255897065781154,treino
2015-03-05,2.9931,0.0042521199079987,treino
2015-03-06,3.0366,0.0144288288605161,treino
2015-03-09,3.1018,0.021244119677265,treino
2015-03-10,3.1299,0.009018467016681,treino
2015-03-11,3.1162,-0.004386744358779,treino
2015-03-12,3.1171,0.0002887715997157,treino
2015-03-13,3.2264,0.0344638821761882,treino
2015-03-16,3.2257,-0.0002169836185881,treino
2015-03-17,3.2683,0.0131199910916344,treino
2015-03-18,3.2518,-0.0050612828707499,treino
2015-03-19,3.2642,0.0038060205551408,treino
2015-03-20,3.2423,-0.0067317552301859,treino
2015-03-23,3.18,-0.0194017577121869,treino
2015-03-24,3.131,-0.015528754447817,treino
2015-03-25,3.1476,0.0052878153344229,treino
2015-03-26,3.1915,0.0138507680352835,treino
2015-03-27,3.2259,0.0107209553684783,treino
2015-03-30,3.2601,0.0105458886723253,treino
2015-03-31,3.208,-0.0161101797505105,treino
2015-04-01,3.1556,-0.0164690377654705,treino
2015-04-02,3.1492,-0.0020301999106224,treino
2015-04-06,3.0926,-0.0181362912689819,treino
2015-04-07,3.1231,0.009813937222219,treino
2015-04-08,3.0834,-0.0127932140373101,treino
2015-04-09,3.0466,-0.012006669523638,treino
2015-04-10,3.0796,0.0107735037012937,treino
2015-04-13,3.1011,0.0069571688386542,treino
2015-04-14,3.088,-0.004233255097882,treino
2015-04-15,3.0681,-0.0064651546645899,treino
2015-04-16,3.0249,-0.0141804444127973,treino
2015-04-17,3.0544,0.0097051409042037,treino
2015-04-20,3.0473,-0.0023272213332161,treino
2015-04-22,3.0186,-0.009462804912939,treino
2015-04-23,3.0084,-0.0033847717730799,treino
2015-04-24,2.9745,-0.0113324183242877,treino
2015-04-27,2.9236,-0.0172602240217236,treino
2015-04-28,2.8943,-0.0100724480369007,treino
2015-04-29,2.9375,0.0148155938830785,treino
2015-04-30,2.9936,0.0189177970674108,treino
2015-05-04,3.0754,0.0269582975617672,treino
2015-05-05,3.0626,-0.0041707457004849,treino
2015-05-06,3.042,-0.0067490345618694,treino
2015-05-07,3.0421,3.2872569487585324e-05,treino
2015-05-08,2.9966,-0.0150697537796817,treino
2015-05-11,3.0175,0.0069503613626427,treino
2015-05-12,3.0389,0.0070669338426667,treino
2015-05-13,3.0103,-0.0094558662638482,treino
2015-05-14,3.0032,-0.0023613547182606,treino
2015-05-15,2.9894,-0.0046056884805303,treino
2015-05-18,3.0145,0.0083612805777459,treino
2015-05-19,3.0284,0.0046004482996913,treino
2015-05-20,3.0347,0.0020781455913021,treino
2015-05-21,3.0295,-0.0017149834354097,treino
2015-05-22,3.0653,0.0117478544776221,treino
2015-05-25,3.1212,0.0180720993799401,treino
2015-05-26,3.1351,0.0044435282423216,treino
2015-05-27,3.174,0.0123315506014265,treino
2015-05-28,3.1748,0.000252016130366,treino
2015-05-29,3.1788,0.0012591288493037,treino
2015-06-01,3.1789,3.1457917174071426e-05,treino
2015-06-02,3.1443,-0.0109439351389568,treino
2015-06-03,3.1184,-0.008271240090945,treino
2015-06-05,3.1684,0.0159066788368282,treino
2015-06-08,3.119,-0.0157142909823213,treino
2015-06-09,3.0991,-0.0064006908669698,treino
2015-06-10,3.0843,-0.0047870195240509,treino
2015-06-11,3.1514,0.0215220713111627,treino
2015-06-12,3.1107,-0.0129990172956031,treino
2015-06-15,3.1036,-0.002285053212548,treino
2015-06-16,3.1082,0.0014810524617174,treino
2015-06-17,3.0989,-0.0029965706881029,treino
2015-06-18,3.0472,-0.0168240736290143,treino
2015-06-19,3.0788,0.0103167744957681,treino
2015-06-22,3.0757,-0.0010073930496929,treino
2015-06-23,3.1042,0.0092235156066147,treino
2015-06-24,3.0852,-0.0061395481572401,treino
2015-06-25,3.1015,0.0052693803533283,treino
2015-06-26,3.1271,0.0082201920664333,treino
2015-06-29,3.139,0.0037982203623478,treino
2015-06-30,3.1026,-0.0116638082117228,treino
2015-07-01,3.1191,0.0053040290218036,treino
2015-07-02,3.1173,-0.0005772561253234,treino
2015-07-03,3.1271,0.0031388149528948,treino
2015-07-06,3.1431,0.0051035165474233,treino
2015-07-07,3.1809,0.0119546015728331,treino
2015-07-08,3.2282,0.0147605307393172,treino
2015-07-09,3.2163,-0.0036930758088757,treino
2015-07-10,3.1897,-0.0083047620609642,treino
2015-07-13,3.1594,-0.0095447323343424,treino
2015-07-14,3.123,-0.0115880578519182,treino
2015-07-15,3.1532,0.0096237319026746,treino
2015-07-16,3.1375,-0.0049915057457139,treino
2015-07-17,3.1832,0.0144606756726795,treino
2015-07-20,3.2149,0.0099092728761884,treino
2015-07-21,3.1813,-0.0105063347212488,treino
2015-07-22,3.2094,0.0087940854976009,treino
2015-07-23,3.285,0.0232826481534516,treino
2015-07-24,3.3254,0.0122233156875679,treino
2015-07-27,3.3557,0.0090704248516106,treino
2015-07-28,3.3815,0.0076590055571048,treino
2015-07-29,3.3419,-0.0117798905096075,treino
2015-07-30,3.3652,0.0069478891712715,treino
2015-07-31,3.394,0.008521770117513,treino
2015-08-03,3.4425,0.0141887848086383,treino
2015-08-04,3.4675,0.0072359215861765,treino
2015-08-05,3.4851,0.0050628649985522,treino
2015-08-06,3.5347,0.014131691912423,treino
2015-08-07,3.5181,-0.0047073589648332,treino
2015-08-10,3.4909,-0.0077614885277383,treino
2015-08-11,3.4925,0.0004582295237267,treino
2015-08-12,3.4826,-0.0028386708858345,treino
2015-08-13,3.5074,0.0070958809899097,treino
2015-08-14,3.4761,-0.0089640465640659,treino
2015-08-17,3.4746,-0.0004316112113271,treino
2015-08-18,3.4811,0.001868971316207,treino
2015-08-19,3.4849,0.0010910136023347,treino
2015-08-20,3.4751,-0.0028160938150805,treino
2015-08-21,3.4896,0.0041638608841041,treino
2015-08-24,3.5494,0.0169914586530999,treino
2015-08-25,3.5345,-0.0042067284894555,treino
2015-08-26,3.6326,0.0273767987043342,treino
2015-08-27,3.5555,-0.0214529449917706,treino
2015-08-28,3.579,0.0065877314424533,treino
2015-08-31,3.6467,0.0187392172678846,treino
2015-09-01,3.6725,0.0070499800141217,treino
2015-09-02,3.7314,0.0159108692898664,treino
2015-09-03,3.776,0.0118817499274925,treino
2015-09-04,3.7986,0.0059673295127447,treino
2015-09-08,3.8028,0.0011050597067394,treino
2015-09-09,3.787,-0.0041634885830805,treino
2015-09-10,3.8698,0.0216286772000335,treino
2015-09-11,3.8698,0.0,treino
2015-09-14,3.8653,-0.0011635274289081,treino
2015-09-15,3.8599,-0.0013980222853802,treino
2015-09-16,3.8368,-0.0060025905543448,treino
2015-09-17,3.8921,0.014310171873352,treino
2015-09-18,3.9021,0.0025660120312573,treino
2015-09-21,3.9821,0.020294448579549,treino
2015-09-22,4.0425,0.0150539941339082,treino
2015-09-23,4.1041,0.0151231615742206,treino
2015-09-24,4.1949,0.0218830276894319,treino
2015-09-25,3.9479,-0.0606857097629824,treino
2015-09-28,4.0099,0.0155825113818739,treino
2015-09-29,4.1172,0.0264070173185984,treino
2015-09-30,3.9729,-0.0356770140513762,treino
2015-10-01,3.9794,0.0016347475441194,treino
2015-10-02,4.001,0.0054132757120874,treino
2015-10-05,3.9141,-0.021958911917423,treino
2015-10-06,3.8567,-0.0147735224151994,treino
2015-10-07,3.806,-0.0132331266685179,treino
2015-10-08,3.8517,0.011935840409053,treino
2015-10-09,3.7386,-0.0298033994869164,treino
2015-10-13,3.825,0.022847257482405,treino
2015-10-14,3.8507,0.0066964826760893,treino
2015-10-15,3.8344,-0.0042419810913041,treino
2015-10-16,3.8438,0.0024484917548828,treino
2015-10-19,3.9015,0.0148996339565115,treino
2015-10-20,3.8656,-0.0092441852563747,treino
2015-10-21,3.9386,0.0187084208976548,treino
2015-10-22,3.936,-0.0006603510259519,treino
2015-10-23,3.8988,-0.009496165709089,treino
2015-10-26,3.8582,-0.0104680600092659,treino
2015-10-27,3.9114,0.0136946127047594,treino
2015-10-28,3.8797,-0.0081375351181716,treino
2015-10-29,3.9328,0.0135938093313388,treino
2015-10-30,3.8589,-0.0189694716189361,treino
2015-11-03,3.8126,-0.0120707976729033,treino
2015-11-04,3.7687,-0.0115812566907298,treino
2015-11-05,3.7893,0.0054511910588928,treino
2015-11-06,3.8059,0.0043711887591491,treino
2015-11-09,3.7928,-0.0034479616192797,treino
2015-11-10,3.7981,0.0013964090848861,treino
2015-11-11,3.7327,-0.0173691093058385,treino
2015-11-12,3.7996,0.0177639656490711,treino
2015-11-13,3.8023,0.0007103487584771,treino
2015-11-16,3.8336,0.008198162706571,treino
2015-11-17,3.8052,-0.0074357571487735,treino
2015-11-18,3.7921,-0.0034485969970894,treino
2015-11-19,3.7442,-0.0127119793610444,treino
2015-11-20,3.701,-0.0116049225880121,treino
2015-11-23,3.7231,0.0059536011849281,treino
2015-11-24,3.7081,-0.0040370385326986,treino
2015-11-25,3.7688,0.0162370323474458,treino
2015-11-26,3.7606,-0.0021781292644571,treino
2015-11-27,3.7399,-0.005519646038177,treino
2015-11-30,3.8506,0.0291701072120378,treino
2015-12-01,3.8745,0.0061876419087698,treino
2015-12-02,3.8545,-0.005175325304688,treino
2015-12-03,3.797,-0.0150300156675144,treino
2015-12-04,3.7575,-0.0104574386046729,treino
2015-12-07,3.7476,-0.0026382075500963,treino
2015-12-08,3.7921,0.0118043202581794,treino
2015-12-09,3.758,-0.009033054361802,treino
2015-12-10,3.7685,0.002790143310114,treino
2015-12-11,3.8548,0.0226420806936078,treino
2015-12-14,3.9023,0.0122469978999382,treino
2015-12-15,3.8703,-0.00823409947787,treino
2015-12-16,3.9357,0.0167567333558937,treino
2015-12-17,3.8929,-0.0109343756053061,treino
2015-12-18,3.9062,0.0034106532530027,treino
2015-12-21,3.9831,0.019495376167175,treino
2015-12-22,3.977,-0.0015326443622754,treino
2015-12-23,3.9632,-0.0034759864725955,treino
2015-12-24,3.9524,-0.0027287904142874,treino
2015-12-28,3.9186,-0.0085885421841411,treino
2015-12-29,3.8492,-0.0178691126544205,treino
2015-12-30,3.9048,0.0143412310906918,treino
2015-12-31,3.9048,0.0,treino
2016-01-04,4.0387,0.0337162924210463,treino
2016-01-05,4.0114,-0.0067825504420375,treino
2016-01-06,4.0303,0.0047005073054822,treino
2016-01-07,4.0475,0.0042585916943616,treino
2016-01-08,4.025,-0.0055744956991263,treino
2016-01-11,4.0153,-0.0024128464624399,treino
2016-01-12,4.0299,0.0036294973468531,treino
2016-01-13,3.9863,-0.0108780793745093,treino
2016-01-14,4.0223,0.0089903959446924,treino
2016-01-15,4.0402,0.0044403173731009,treino
2016-01-18,4.0364,-0.0009409900899872,treino
2016-01-19,4.0303,-0.001512390732945,treino
2016-01-20,4.0861,0.0137501550336798,treino
2016-01-21,4.1558,0.0169139789746712,treino
2016-01-22,4.1232,-0.0078753879676791,treino
2016-01-25,4.1002,-0.0055938079076258,treino
2016-01-26,4.0967,-0.0008539814351053,treino
2016-01-27,4.0448,-0.0127496660428856,treino
2016-01-28,4.0838,0.0095958219764507,treino
2016-01-29,4.0428,-0.010090406288427,treino
2016-02-01,3.9986,-0.010993221362775,treino
2016-02-02,3.9919,-0.0016769918203372,treino
2016-02-03,3.9558,-0.009084451670086,treino
2016-02-04,3.8653,-0.0231435576743888,treino
2016-02-05,3.8975,0.0082960232590112,treino
2016-02-10,3.9412,0.0111499235163878,treino
2016-02-11,3.9642,0.0058188238155756,treino
2016-02-12,3.9891,0.0062615722668748,treino
2016-02-15,3.9885,-0.0001504211795857,treino
2016-02-16,4.0213,0.0081900130694201,treino
2016-02-17,4.0318,0.0026076929257188,treino
2016-02-18,4.0091,-0.005646149138631,treino
2016-02-19,4.0492,0.0099525535169044,treino
2016-02-22,3.9618,-0.0218208632960157,treino
2016-02-23,3.9684,0.0016645233471666,treino
2016-02-24,3.99,0.0054282401081617,treino
2016-02-25,3.94,-0.0126105075919296,treino
2016-02-26,3.9578,0.0045075920228236,treino
2016-02-29,3.9796,0.0054929964004013,treino
2016-03-01,3.9913,0.0029356806390155,treino
2016-03-02,3.9116,-0.0201704949161001,treino
2016-03-03,3.8504,-0.0157694584492202,treino
2016-03-04,3.7188,-0.0347760034071968,treino
2016-03-07,3.7714,0.0140452497111194,treino
2016-03-08,3.7813,0.0026215805394003,treino
2016-03-09,3.7037,-0.0207355458668232,treino
2016-03-10,3.67,-0.0091406579167834,treino
2016-03-11,3.6271,-0.0117582311504735,treino
2016-03-14,3.6239,-0.0008826369349732,treino
2016-03-15,3.7116,0.0239122565158551,treino
2016-03-16,3.8079,0.025614805583217,treino
2016-03-17,3.6445,-0.0438586742399735,treino
2016-03-18,3.6146,-0.0082379824207294,treino
2016-03-21,3.6229,0.0022936106773376,treino
2016-03-22,3.6073,-0.0043152400231467,treino
2016-03-23,3.6531,0.0126165521253422,treino
2016-03-24,3.6948,0.0113503035373836,treino
2016-03-28,3.6408,-0.0147229880160228,treino
2016-03-29,3.6687,0.0076339381610017,treino
2016-03-30,3.6116,-0.0156864884301097,treino
2016-03-31,3.5589,-0.0146993790981568,treino
2016-04-01,3.5799,0.0058833587085525,treino
2016-04-04,3.5871,0.0020092095499242,treino
2016-04-05,3.6581,0.019599810326319,treino
2016-04-06,3.6749,0.0045820344723974,treino
2016-04-07,3.6921,0.0046694804540401,treino
2016-04-08,3.6385,-0.0146238930592594,treino
2016-04-11,3.5284,-0.0307269984025293,treino
2016-04-12,3.5406,0.0034516939065663,treino
2016-04-13,3.5429,0.0006493965076102,treino
2016-04-14,3.5126,-0.008589096811153,treino
2016-04-15,3.5276,0.0042612490263904,treino
2016-04-18,3.5904,0.0176458638742966,treino
2016-04-19,3.5538,-0.010246163377348,treino
2016-04-20,3.5503,-0.0009853465697782,treino
2016-04-22,3.5829,0.0091404214012946,treino
2016-04-25,3.5472,-0.0100139684804436,treino
2016-04-26,3.5301,-0.0048323607240541,treino
2016-04-27,3.5295,-0.000169981302466,treino
2016-04-28,3.4992,-0.0086218469130234,treino
2016-04-29,3.4508,-0.0139282827200797,treino
2016-05-02,3.4991,0.0138997043510451,treino
2016-05-03,3.555,0.0158492706838724,treino
2016-05-04,3.5397,-0.0043130854633581,treino
2016-05-05,3.5296,-0.0028574277147999,treino
2016-05-06,3.5362,0.0018681541848057,treino
2016-05-09,3.5387,0.000706723799362,treino
2016-05-10,3.4772,-0.0175320558384419,treino
2016-05-11,3.4645,-0.0036590501374731,treino
2016-05-12,3.4877,0.006674171088121,treino
2016-05-13,3.5041,0.0046912183062861,treino
2016-05-16,3.5035,-0.0001712426512547,treino
2016-05-17,3.5037,5.7084142040864094e-05,treino
2016-05-18,3.5368,0.0094028105594041,treino
2016-05-19,3.6003,0.0177948117934718,treino
2016-05-20,3.5419,-0.0163538689982032,treino
2016-05-23,3.566,0.0067812131157836,treino
2016-05-24,3.5491,-0.0047504692222981,treino
2016-05-25,3.5804,0.0087804757959963,treino
2016-05-27,3.6168,0.0101151309836113,treino
2016-05-30,3.5997,-0.0047391483419425,treino
2016-05-31,3.5951,-0.001278701458492,treino
2016-06-01,3.6126,0.0048559275184965,treino
2016-06-02,3.5961,-0.0045778098172934,treino
2016-06-03,3.5409,-0.0154689927780307,treino
2016-06-06,3.5098,-0.0088218763236267,treino
2016-06-07,3.4745,-0.0101084720251243,treino
2016-06-08,3.3898,-0.0246796611704278,treino
2016-06-09,3.3817,-0.0023923809682797,treino
2016-06-10,3.4261,0.0130440464004983,treino
2016-06-13,3.4533,0.0079077075729532,treino
2016-06-14,3.4839,0.0088220603306958,treino
2016-06-15,3.4768,-0.0020400254176566,treino
2016-06-16,3.4904,0.0039040123072346,treino
2016-06-17,3.4372,-0.0153591563703319,treino
2016-06-20,3.3835,-0.0157465097667877,treino
2016-06-21,3.3897,0.0018307452110299,treino
2016-06-22,3.3883,-0.0004131012156711,treino
2016-06-23,3.3533,-0.0103833850892771,treino
2016-06-24,3.3772,0.0071020282169829,treino
2016-06-27,3.3934,0.0047854048134943,treino
2016-06-28,3.3267,-0.0198515469815592,treino
2016-06-29,3.2435,-0.0253278279741697,treino
2016-06-30,3.2098,-0.0104443637660542,treino
2016-07-01,3.2298,0.0062115859079108,treino
2016-07-04,3.248,0.0056192064866018,treino
2016-07-05,3.2904,0.0129697156346457,treino
2016-07-06,3.3242,0.0102199057207954,treino
2016-07-07,3.3388,0.0043824173395718,treino
2016-07-08,3.2968,-0.012659159951974,treino
2016-07-11,3.3031,0.001909120415003,treino
2016-07-12,3.275,-0.0085435523702583,treino
2016-07-13,3.2896,0.0044481077514391,treino
2016-07-14,3.2311,-0.0179433403050137,treino
2016-07-15,3.2656,0.0106208765398028,treino
2016-07-18,3.2634,-0.0006739163986102,treino
2016-07-19,3.2801,0.0051043130613537,treino
2016-07-20,3.2512,-0.0088497507742157,treino
2016-07-21,3.2585,0.0022428078283269,treino
2016-07-22,3.2854,0.0082214433346645,treino
2016-07-25,3.2819,-0.0010658871473414,treino
2016-07-26,3.279,-0.0008840251151098,treino
2016-07-27,3.282,0.0009144948053878,treino
2016-07-28,3.274,-0.0024405137189558,treino
2016-07-29,3.239,-0.010747838759751,treino
2016-08-01,3.2662,0.0083625894713137,treino
2016-08-02,3.249,-0.0052799729735426,treino
2016-08-03,3.2733,0.0074513936600624,treino
2016-08-04,3.2183,-0.0169453805161043,treino
2016-08-05,3.1859,-0.0101184461551795,treino
2016-08-08,3.1771,-0.0027659926482868,treino
2016-08-09,3.1503,-0.0084711446295346,treino
2016-08-10,3.1302,-0.0064007861236552,treino
2016-08-11,3.1364,0.0019787451003647,treino
2016-08-12,3.1602,0.0075596713606318,treino
2016-08-15,3.1672,0.0022126000745221,treino
2016-08-16,3.1749,0.0024282189758675,treino
2016-08-17,3.2248,0.0155947970351677,treino
2016-08-18,3.2215,-0.001023843224259,treino
2016-08-19,3.2267,0.0016128535489683,treino
2016-08-22,3.2163,-0.0032283125973617,treino
2016-08-23,3.2054,-0.0033947429708285,treino
2016-08-24,3.2372,0.0098718710620717,treino
2016-08-25,3.2319,-0.0016385590532903,treino
2016-08-26,3.2153,-0.0051495336526856,treino
2016-08-29,3.2613,0.0142052229624933,treino
2016-08-30,3.2525,-0.002701957491404,treino
2016-08-31,3.2403,-0.0037580132941221,treino
2016-09-01,3.2472,0.0021271684321497,treino
2016-09-02,3.2431,-0.0012634240467717,treino
2016-09-05,3.2721,0.0089023181248908,treino
2016-09-06,3.2452,-0.0082549990818969,treino
2016-09-08,3.1934,-0.0160908016153089,treino
2016-09-09,3.2638,0.0218059807912331,treino
2016-09-12,3.2854,0.0065962494102653,treino
2016-09-13,3.2972,0.0035852133319729,treino
2016-09-14,3.3262,0.008756887796967,treino
2016-09-15,3.3326,0.0019222688684834,treino
2016-09-16,3.3004,-0.0097091068743349,treino
2016-09-19,3.2636,-0.0112127926755429,treino
2016-09-20,3.254,-0.002945871775662,treino
2016-09-21,3.2408,-0.0040647958905022,treino
2016-09-22,3.2015,-0.0122007629296239,treino
2016-09-23,3.2242,0.0070654074830411,treino
2016-09-26,3.24,0.004888472344477,treino
2016-09-27,3.2358,-0.0012971372151389,treino
2016-09-28,3.2476,0.003640069417055,treino
2016-09-29,3.2235,-0.0074485362376164,treino
2016-09-30,3.2462,0.0070173557202952,treino
2016-10-03,3.2338,-0.0038271651652559,treino
2016-10-04,3.2203,-0.0041833934052377,treino
2016-10-05,3.2359,0.0048325734518399,treino
2016-10-06,3.231,-0.0015154095278182,treino
2016-10-07,3.2134,-0.0054621202152633,treino
2016-10-10,3.2125,-0.0002801164057595,treino
2016-10-11,3.2136,0.0003423538415971,treino
2016-10-13,3.2087,-0.0015259333730262,treino
2016-10-14,3.1864,-0.0069741178046118,treino
2016-10-17,3.1963,0.0031021379476361,treino
2016-10-18,3.1874,-0.0027883533895374,treino
2016-10-19,3.18,-0.0023243406513104,treino
2016-10-20,3.1605,-0.0061509538618691,treino
2016-10-21,3.1593,-0.0003797588576923,treino
2016-10-24,3.1311,-0.0089661035605452,treino
2016-10-25,3.1193,-0.0037757628371866,treino
2016-10-26,3.1219,0.0008331731559332,treino
2016-10-27,3.1429,0.0067041497429392,treino
2016-10-28,3.1815,0.0122068431170452,treino
2016-10-31,3.1811,-0.0001257347626841,treino
2016-11-01,3.2053,0.0075786408082003,treino
2016-11-03,3.231,0.0079859971061351,treino
2016-11-04,3.2449,0.0042928461978635,treino
2016-11-07,3.2024,-0.0131840043439979,treino
2016-11-08,3.2024,0.0,treino
2016-11-09,3.2258,0.0072804528047183,treino
2016-11-10,3.3104,0.0258880465081965,treino
2016-11-11,3.4377,0.0377336151092335,treino
2016-11-14,3.4446,0.0020051443011339,treino
2016-11-16,3.4183,-0.0076644359516289,treino
2016-11-17,3.4052,-0.0038396764401154,treino
2016-11-18,3.3917,-0.0039724044056823,treino
2016-11-21,3.3517,-0.0118635908141855,treino
2016-11-22,3.3476,-0.0012240086313151,treino
2016-11-23,3.3927,0.0133823933866721,treino
2016-11-24,3.3987,0.0017669410021614,treino
2016-11-25,3.4279,0.0085548232160326,treino
2016-11-28,3.3996,-0.0082900511391139,treino
2016-11-29,3.406,0.0018808045981624,treino
2016-11-30,3.3967,-0.0027342101794363,treino
2016-12-01,3.4362,0.0115618375846693,treino
2016-12-02,3.465,0.0083464229961369,treino
2016-12-05,3.4598,-0.0015018487111264,treino
2016-12-06,3.4354,-0.0070774167099521,treino
2016-12-07,3.3895,-0.0134509493319046,treino
2016-12-08,3.4008,0.0033282801735599,treino
2016-12-09,3.3858,-0.0044204828414309,treino
2016-12-12,3.3697,-0.0047664955908393,treino
2016-12-13,3.334,-0.0106509353015706,treino
2016-12-14,3.3103,-0.0071339646055961,treino
2016-12-15,3.383,0.0217240700755652,treino
2016-12-16,3.3712,-0.0034941257307838,treino
2016-12-19,3.3778,0.0019558459338964,treino
2016-12-20,3.3586,-0.0057003895229135,treino
2016-12-21,3.3297,-0.0086420106348639,treino
2016-12-22,3.3302,0.0001501524049729,treino
2016-12-23,3.2696,-0.0183647089809488,treino
2016-12-26,3.2701,0.0001529122133963,treino
2016-12-27,3.2776,0.0022908817691973,treino
2016-12-28,3.2774,-6.1022120537490565e-05,treino
2016-12-29,3.2591,-0.0055993414863393,treino
2016-12-30,3.2591,0.0,treino
2017-01-02,3.2729,0.0042253583991718,treino
2017-01-03,3.2632,-0.0029681330216075,treino
2017-01-04,3.2333,-0.0092050215114756,treino
2017-01-05,3.2129,-0.006329331420898,treino
2017-01-06,3.2057,-0.0022434808275708,treino
2017-01-09,3.2097,0.0012469995692665,treino
2017-01-10,3.1918,-0.0055924538475846,treino
2017-01-11,3.2154,0.0073667457637736,treino
2017-01-12,3.1661,-0.0154512201897487,treino
2017-01-13,3.2034,0.0117121991950845,treino
2017-01-16,3.2234,0.0062239573544222,treino
2017-01-17,3.21,-0.0041657659645562,treino
2017-01-18,3.2211,0.003451978984138,treino
2017-01-19,3.2113,-0.0030470765445196,treino
2017-01-20,3.1918,-0.0060908185985939,treino
2017-01-23,3.1609,-0.0097282238082507,treino
2017-01-24,3.1649,0.0012646623456713,treino
2017-01-25,3.169,0.0012946211884141,treino
2017-01-26,3.1804,0.0035908943364078,treino
2017-01-27,3.1596,-0.0065615377370644,treino
2017-01-30,3.1316,-0.0089013812565048,treino
2017-01-31,3.127,-0.0014699775759179,treino
2017-02-01,3.1479,0.0066614853741338,treino
2017-02-02,3.1196,-0.009030775375632,treino
2017-02-03,3.1241,0.0014414532341944,treino
2017-02-06,3.1179,-0.0019865434280517,treino
2017-02-07,3.1304,0.0040010936337169,treino
2017-02-08,3.1255,-0.0015665215243356,treino
2017-02-09,3.1185,-0.0022421534056895,treino
2017-02-10,3.1155,-0.0009624639819008,treino
2017-02-13,3.1175,0.000641745569915,treino
2017-02-14,3.1004,-0.0055002631468352,treino
2017-02-15,3.0779,-0.0072835891652787,treino
2017-02-16,3.051,-0.0087781405254079,treino
2017-02-17,3.095,0.0143185004020267,treino
2017-02-20,3.0918,-0.0010344605564629,treino
2017-02-21,3.097,0.0016804554109692,treino
2017-02-22,3.0824,-0.0047253866612551,treino
2017-02-23,3.0638,-0.0060525387333518,treino
2017-02-24,3.0993,0.0115203039449136,treino
2017-03-01,3.0976,-0.0005486614412517,treino
2017-03-02,3.1138,0.0052162271733162,treino
2017-03-03,3.1364,0.0072318001011928,treino
2017-03-06,3.1111,-0.0080992839705942,treino
2017-03-07,3.1185,0.0023757555800048,treino
2017-03-08,3.1477,0.0093199104276289,treino
2017-03-09,3.1735,0.0081630523527185,treino
2017-03-10,3.1623,-0.0035354688172717,treino
2017-03-13,3.1541,-0.0025964171384365,treino
2017-03-14,3.1639,0.0031022500346824,treino
2017-03-15,3.1629,-0.0003161155744852,treino
2017-03-16,3.108,-0.0175098957634756,treino
2017-03-17,3.1075,-0.000160888102672,treino
2017-03-20,3.0898,-0.0057121805069169,treino
2017-03-21,3.0765,-0.0043137766974044,treino
2017-03-22,3.0939,0.0056398438095881,treino
2017-03-23,3.1248,0.0099378501322815,treino
2017-03-24,3.1282,0.0010874781177265,treino
2017-03-27,3.1256,-0.0008314944992802,treino
2017-03-28,3.1303,0.0015025818457092,treino
2017-03-29,3.1229,-0.0023667893092742,treino
2017-03-30,3.1247,0.0005762212849109,treino
2017-03-31,3.1684,0.0138884500279177,treino
2017-04-03,3.1167,-0.016451978845529,treino
2017-04-04,3.1231,0.0020513485189534,treino
2017-04-05,3.0923,-0.0099109476832564,treino
2017-04-06,3.116,0.0076349774103463,treino
2017-04-07,3.1302,0.004546772265763,treino
2017-04-10,3.1409,0.0034124827808488,treino
2017-04-11,3.1424,0.0004774561228957,treino
2017-04-12,3.1463,0.0012403200979467,treino
2017-04-13,3.1269,-0.0061850608447071,treino
2017-04-17,3.1036,-0.007479370393592,treino
2017-04-18,3.0958,-0.0025163738800169,treino
2017-04-19,3.1294,0.0107949387281796,treino
2017-04-20,3.1453,0.0050679822244485,treino
2017-04-24,3.1251,-0.0064429924338926,treino
2017-04-25,3.1577,0.0103776318111508,treino
2017-04-26,3.1847,0.0085141785775371,treino
2017-04-27,3.1763,-0.0026410957028046,treino
2017-04-28,3.1984,0.0069336874017396,treino
2017-05-02,3.1724,-0.0081622855369709,treino
2017-05-03,3.1489,-0.0074352137254278,treino
2017-05-04,3.178,0.0091988826129245,treino
2017-05-05,3.1764,-0.0005035880756054,treino
2017-05-08,3.1938,0.0054629503857108,treino
2017-05-09,3.1857,-0.0025393853288571,treino
2017-05-10,3.1606,-0.0079101621029062,treino
2017-05-11,3.1559,-0.0014881661893137,treino
2017-05-12,3.129,-0.0085602521168073,treino
2017-05-15,3.1011,-0.0089565774263333,treino
2017-05-16,3.0924,-0.0028093987962292,treino
2017-05-17,3.1076,0.0049032356299461,treino
2017-05-18,3.3807,0.0842320645501475,treino
2017-05-19,3.2878,-0.0278641405510033,treino
2017-05-22,3.2863,-0.000456336236452,treino
2017-05-23,3.2654,-0.0063800451468938,treino
2017-05-24,3.2629,-0.0007658962125538,treino
2017-05-25,3.2824,0.005958491648466,treino
2017-05-26,3.2614,-0.0064183111007993,treino
2017-05-29,3.2709,0.0029086253532688,treino
2017-05-30,3.2659,-0.0015298008123612,treino
2017-05-31,3.2437,-0.0068207220308753,treino
2017-06-01,3.2307,-0.0040158215342642,treino
2017-06-02,3.2401,0.0029053615046714,treino
2017-06-05,3.282,0.0128487991424197,treino
2017-06-06,3.2817,-9.141185618144476e-05,treino
2017-06-07,3.2747,-0.0021353189737534,treino
2017-06-08,3.2838,0.0027750265578261,treino
2017-06-09,3.274,-0.002988809446847,treino
2017-06-12,3.2986,0.0074856570829715,treino
2017-06-13,3.3208,0.0067075817247772,treino
2017-06-14,3.2836,-0.0112653362647181,treino
2017-06-16,3.2892,0.0017039926226294,treino
2017-06-19,3.2975,0.0025202314947292,treino
2017-06-20,3.3145,0.0051421770899764,treino
2017-06-21,3.3247,0.0030726617740275,treino
2017-06-22,3.3362,0.0034529902644813,treino
2017-06-23,3.3342,-0.0005996642060244,treino
2017-06-26,3.3128,-0.006439017282573,treino
2017-06-27,3.3172,0.0013273003456912,treino
2017-06-28,3.303,-0.0042899071862592,treino
2017-06-29,3.2952,-0.0023642822689187,treino
2017-06-30,3.3082,0.0039373706862497,treino
2017-07-03,3.3015,-0.0020273241734947,treino
2017-07-04,3.305,0.0010595626511606,treino
2017-07-05,3.3193,0.0043174440206648,treino
2017-07-06,3.3064,-0.0038939331089287,treino
2017-07-07,3.2895,-0.0051244066714701,treino
2017-07-10,3.265,-0.0074758148155209,treino
2017-07-11,3.2522,-0.0039280723189094,treino
2017-07-12,3.2264,-0.0079647258324637,treino
2017-07-13,3.2108,-0.0048468373017365,treino
2017-07-14,3.1899,-0.0065305589322715,treino
2017-07-17,3.1821,-0.0024482121456159,treino
2017-07-18,3.1668,-0.0048197418822557,treino
2017-07-19,3.1533,-0.0042720907998601,treino
2017-07-20,3.1402,-0.0041630313559972,treino
2017-07-21,3.1256,-0.0046602274005602,treino
2017-07-24,3.1459,0.0064737529767413,treino
2017-07-25,3.1556,0.0030786345033322,treino
2017-07-26,3.1657,0.0031955479394112,treino
2017-07-27,3.1513,-0.0045591340645354,treino
2017-07-28,3.1457,-0.0017786252108316,treino
2017-07-31,3.1307,-0.0047798191824386,treino
2017-08-01,3.1161,-0.0046744018006645,treino
2017-08-02,3.1268,0.0034278974442998,treino
2017-08-03,3.1194,-0.0023694417284501,treino
2017-08-04,3.1224,0.00096126124868,treino
2017-08-07,3.1267,0.0013761983897377,treino
2017-08-08,3.132,0.0016936428545508,treino
2017-08-09,3.1464,0.0045871640069059,treino
2017-08-10,3.1543,0.0025076591933699,treino
2017-08-11,3.1695,0.0048072454132515,treino
2017-08-14,3.1888,0.006070823734309,treino
2017-08-15,3.1976,0.0027558579385835,treino
2017-08-16,3.167,-0.0096157608584741,treino
2017-08-17,3.1603,-0.0021178077550252,treino
2017-08-18,3.1654,0.0016124701155684,treino
2017-08-21,3.1443,-0.0066881400549414,treino
2017-08-22,3.1539,0.0030484924056535,treino
2017-08-23,3.1569,0.0009507511649811,treino
2017-08-24,3.1404,-0.0052403530907754,treino
2017-08-25,3.1462,0.0018451950643036,treino
2017-08-28,3.1563,0.0032050800939473,treino
2017-08-29,3.1695,0.0041733912418695,treino
2017-08-30,3.1638,-0.0018000099597421,treino
2017-08-31,3.1471,-0.005292442910044,treino
2017-09-01,3.1333,-0.0043946316189087,treino
2017-09-04,3.1389,0.0017856578195849,treino
2017-09-05,3.1203,-0.0059432690279142,treino
2017-09-06,3.1133,-0.0022458941678504,treino
2017-09-08,3.0908,-0.0072532997999177,treino
2017-09-11,3.0852,-0.0018134719995848,treino
2017-09-12,3.1144,0.0094200322364019,treino
2017-09-13,3.1343,0.0063693463524161,treino
2017-09-14,3.1354,0.0003508939857685,treino
2017-09-15,3.1255,-0.0031624872625637,treino
2017-09-18,3.1239,-0.0005120491679071,treino
2017-09-19,3.1323,0.0026853377602145,treino
2017-09-20,3.1281,-0.0013417675005171,treino
2017-09-21,3.1347,0.0021076842445177,treino
2017-09-22,3.1285,-0.0019798192697568,treino
2017-09-25,3.1412,0.0040512360623015,treino
2017-09-26,3.1674,0.0083061695569059,treino
2017-09-27,3.1932,0.0081124867140183,treino
2017-09-28,3.1871,-0.0019121363755942,treino
2017-09-29,3.168,-0.006010938461733,treino
2017-10-02,3.1642,-0.001200214919353,treino
2017-10-03,3.1502,-0.0044343161473283,treino
2017-10-04,3.1315,-0.0059538199021675,treino
2017-10-05,3.1347,0.0010213527427074,treino
2017-10-06,3.1648,0.0095563867202179,treino
2017-10-09,3.177,0.0038474928411231,treino
2017-10-10,3.1688,-0.0025843879618092,treino
2017-10-11,3.1639,-0.0015475234822077,treino
2017-10-13,3.1572,-0.0021198849912518,treino
2017-10-16,3.1607,0.001107963202344,treino
2017-10-17,3.1769,0.0051123565020954,treino
2017-10-18,3.1673,-0.0030263886154979,treino
2017-10-19,3.1732,0.0018610525046591,treino
2017-10-20,3.1833,0.0031778521198064,treino
2017-10-23,3.2003,0.0053261608459067,treino
2017-10-24,3.247,0.0144869377092846,treino
2017-10-25,3.2387,-0.0025594784004991,treino
2017-10-26,3.2444,0.001758418493843,treino
2017-10-27,3.2801,0.0109434765221341,treino
2017-10-30,3.2547,-0.0077738042218091,treino
2017-10-31,3.2769,0.0067977480210925,treino
2017-11-01,3.2736,-0.0010075567602998,treino
2017-11-03,3.292,0.0056049860396529,treino
2017-11-06,3.2851,-0.002098189941275,treino
2017-11-07,3.2733,-0.0035984425265225,treino
2017-11-08,3.2509,-0.0068667692645745,treino
2017-11-09,3.2515,0.0001845472446182,treino
2017-11-10,3.2661,0.0044801842460375,treino
2017-11-13,3.2873,0.0064699465782598,treino
2017-11-14,3.2834,-0.001187088273086,treino
2017-11-16,3.2808,-0.0007921757825684,treino
2017-11-17,3.2788,-0.0006097932989739,treino
2017-11-20,3.2623,-0.0050450337090051,treino
2017-11-21,3.2591,-0.000981384444086,treino
2017-11-22,3.2561,-0.000920923444261,treino
2017-11-23,3.2371,-0.0058522929304747,treino
2017-11-24,3.23,-0.0021957300343464,treino
2017-11-27,3.2218,-0.0025419276528368,treino
2017-11-28,3.2232,0.0004344453132723,treino
2017-11-29,3.2136,-0.002982850832065,treino
2017-11-30,3.2616,0.0148260684599712,treino
2017-12-01,3.2636,0.0006130080496014,treino
2017-12-04,3.2506,-0.0039912858855695,treino
2017-12-05,3.2322,-0.0056765747545324,treino
2017-12-06,3.2354,0.0009895479810504,treino
2017-12-07,3.2892,0.0164918062011467,treino
2017-12-08,3.2811,-0.0024656420874507,treino
2017-12-11,3.2845,0.001035701323238,treino
2017-12-12,3.3149,0.0092130239199159,treino
2017-12-13,3.3036,-0.0034146743158818,treino
2017-12-14,3.3332,0.0089200205714898,treino
2017-12-15,3.3182,-0.0045103362987968,treino
2017-12-18,3.2881,-0.0091125768703652,treino
2017-12-19,3.2883,6.082355089764846e-05,treino
2017-12-20,3.2909,0.0007903696909499,treino
2017-12-21,3.3045,0.0041240923297702,treino
2017-12-22,3.3209,0.0049506546006561,treino
2017-12-26,3.32,-0.0002710476006295,treino
2017-12-27,3.3031,-0.0051033614709234,treino
2017-12-28,3.308,0.0014823557039713,treino
2017-12-29,3.308,0.0,treino
2018-01-02,3.2697,-0.0116455395802064,treino
2018-01-03,3.2535,-0.0049668976283367,treino
2018-01-04,3.2318,-0.0066920823968912,treino
2018-01-05,3.2409,0.0028118114529014,treino
2018-01-08,3.2357,-0.0016057811559659,treino
2018-01-09,3.2397,0.0012354450717408,treino
2018-01-10,3.2467,0.0021583629493944,treino
2018-01-11,3.2301,-0.0051259993664372,treino
2018-01-12,3.2197,-0.0032249089935703,treino
2018-01-15,3.1963,-0.0072942966811402,treino
2018-01-16,3.2219,0.0079773568169878,treino
2018-01-17,3.2324,0.0032536477272342,treino
2018-01-18,3.2129,-0.0060509392883176,treino
2018-01-19,3.2087,-0.0013080853989286,treino
2018-01-22,3.1934,-0.0047796907664452,treino
2018-01-23,3.2249,0.0098157620915835,treino
2018-01-24,3.197,-0.0086890719373431,treino
2018-01-25,3.1391,-0.0182767354459318,treino
2018-01-26,3.145,0.0018777555206312,treino
2018-01-29,3.1655,0.0064971308496404,treino
2018-01-30,3.1661,0.0001895255549295,treino
2018-01-31,3.1624,-0.001169313556635,treino
2018-02-01,3.173,0.0033462796007197,treino
2018-02-02,3.206,0.0103465415863026,treino
2018-02-05,3.2355,0.0091594213278225,treino
2018-02-06,3.2613,0.0079424133807435,treino
2018-02-07,3.2467,-0.0044867930218459,treino
2018-02-08,3.2692,0.0069062107857564,treino
2018-02-09,3.2821,0.0039381547699655,treino
2018-02-14,3.2536,-0.0087213858189254,treino
2018-02-15,3.2208,-0.0101322997074877,treino
2018-02-16,3.2381,0.0053569621364477,treino
2018-02-19,3.2347,-0.0010505500904407,treino
2018-02-20,3.2507,0.0049341698156974,treino
2018-02-21,3.2555,0.0014755159296853,treino
2018-02-22,3.2598,0.0013199701086155,treino
2018-02-23,3.2417,-0.0055679602435128,treino
2018-02-26,3.2351,-0.0020380441836995,treino
2018-02-27,3.2383,0.0009886613713514,treino
2018-02-28,3.2449,0.0020360322926902,treino
2018-03-01,3.262,0.0052559711585975,treino
2018-03-02,3.2614,-0.0001839531537823,treino
2018-03-05,3.2582,-0.0009816553951078,treino
2018-03-06,3.2246,-0.0103659841024295,treino
2018-03-07,3.2318,0.002230346008508,treino
2018-03-08,3.2518,0.0061694316233071,treino
2018-03-09,3.2496,-0.0006767773353344,treino
2018-03-12,3.2606,0.0033793156794337,treino
2018-03-13,3.2492,-0.003502415328755,treino
2018-03-14,3.2584,0.0028274651574038,treino
2018-03-15,3.2859,0.0084043096636077,treino
2018-03-16,3.2905,0.0013989418983633,treino
2018-03-19,3.2911,0.0001823264864659,treino
2018-03-20,3.2981,0.0021246896841331,treino
2018-03-21,3.2921,-0.0018208860604573,treino
2018-03-22,3.3033,0.0033963097813396,treino
2018-03-23,3.3041,0.0002421527390226,treino
2018-03-26,3.3034,-0.000211880439688,treino
2018-03-27,3.3256,0.006697867851438,treino
2018-03-28,3.338,0.0037217162833524,treino
2018-03-29,3.3238,-0.0042631185283574,treino
2018-04-02,3.3104,-0.0040396787021441,treino
2018-04-03,3.3139,0.001056715524867,treino
2018-04-04,3.3538,0.0119682877968634,treino
2018-04-05,3.3196,-0.0102497375887162,treino
2018-04-06,3.3666,0.0140590392606885,treino
2018-04-09,3.3903,0.0070150800492332,treino
2018-04-10,3.4195,0.0085759285039361,treino
2018-04-11,3.4052,-0.0041906665282489,treino
2018-04-12,3.3858,-0.0057134598067525,treino
2018-04-13,3.4105,0.0072686928916245,treino
2018-04-16,3.4263,0.004622053629897,treino
2018-04-17,3.4041,-0.0065003742596174,treino
2018-04-18,3.3844,-0.0058039494147077,treino
2018-04-19,3.3977,0.0039220940562036,treino
2018-04-20,3.4101,0.0036428842542248,treino
2018-04-23,3.4421,0.0093401338649183,treino
2018-04-24,3.4667,0.0071213825740494,treino
2018-04-25,3.504,0.0107020402565398,treino
2018-04-26,3.4977,-0.0017995634489267,treino
2018-04-27,3.4676,-0.00864289761287,treino
2018-04-30,3.4811,0.0038856237815207,treino
2018-05-02,3.5424,0.0174561277383116,treino
2018-05-03,3.5484,0.001692334132114,treino
2018-05-04,3.5308,-0.0049723235003538,treino
2018-05-07,3.5458,0.0042393303182022,treino
2018-05-08,3.5788,0.0092637442091607,treino
2018-05-09,3.5943,0.004321708640522,treino
2018-05-10,3.5566,-0.0105442250044027,treino
2018-05-11,3.5716,0.0042086423335012,treino
2018-05-14,3.6097,0.0106109917375869,treino
2018-05-15,3.6753,0.0180100955875861,treino
2018-05-16,3.6803,0.0013595086111559,treino
2018-05-17,3.6874,0.0019273320568997,treino
2018-05-18,3.7503,0.0169142341283368,treino
2018-05-21,3.7072,-0.0115589620865153,treino
2018-05-22,3.6502,-0.0154949140821916,treino
2018-05-23,3.6507,0.0001369694149437,treino
2018-05-24,3.6436,-0.001946726140209,treino
2018-05-25,3.6587,0.004135689172571,treino
2018-05-28,3.7092,0.013708326882845,treino
2018-05-29,3.7289,0.0052970640521956,treino
2018-05-30,3.737,0.0021698665072171,treino
2018-06-01,3.7413,0.0011499941093273,treino
2018-06-04,3.7424,0.0002939722351034,treino
2018-06-05,3.7752,0.0087262445822631,treino
2018-06-06,3.8193,0.0116137983235315,treino
2018-06-07,3.9,0.0209093933820283,treino
2018-06-08,3.7859,-0.0296929137981996,treino
2018-06-11,3.6913,-0.0253049398062443,treino
2018-06-12,3.7044,0.0035426027828202,treino
2018-06-13,3.7054,0.0002699128197982,treino
2018-06-14,3.7057,8.09596416631031e-05,treino
2018-06-15,3.7738,0.0182102765960383,treino
2018-06-18,3.7543,-0.0051806016425817,treino
2018-06-19,3.7566,0.0006124432682879,treino
2018-06-20,3.7335,-0.0061681615035635,treino
2018-06-21,3.7894,0.0148615637225055,treino
2018-06-22,3.7663,-0.0061146080370277,treino
2018-06-25,3.776,0.0025721611041571,treino
2018-06-26,3.7721,-0.0010333727287803,treino
2018-06-27,3.8358,0.0167461424641253,treino
2018-06-28,3.8521,0.0042404361202903,treino
2018-06-29,3.8558,0.0009600540443419,treino
2018-07-02,3.9055,0.0128073078849835,treino
2018-07-03,3.892,-0.0034626517444562,treino
2018-07-04,3.9058,0.0035394635427863,treino
2018-07-05,3.9192,0.0034249234756829,treino
2018-07-06,3.9264,0.0018354241922273,treino
2018-07-09,3.8692,-0.0146752082082004,treino
2018-07-10,3.8452,-0.0062221501167307,treino
2018-07-11,3.8417,-0.0009106402429768,treino
2018-07-12,3.8564,0.003819128841541,treino
2018-07-13,3.8745,0.0046825164137795,treino
2018-07-16,3.8579,-0.0042936282401528,treino
2018-07-17,3.8671,0.0023818781487541,treino
2018-07-18,3.8474,-0.0051072766405251,treino
2018-07-19,3.8847,0.0096481652708231,treino
2018-07-20,3.7793,-0.0275069534633496,treino
2018-07-23,3.7915,0.0032229118614357,treino
2018-07-24,3.7459,-0.0120998106347622,treino
2018-07-25,3.712,-0.0090910936001367,treino
2018-07-26,3.7243,0.0033080997854066,treino
2018-07-27,3.7164,-0.0021234569243404,treino
2018-07-30,3.7155,-0.0002421991696335,treino
2018-07-31,3.7549,0.0105483950876401,treino
2018-08-01,3.7491,-0.0015458425253165,treino
2018-08-02,3.7645,0.0040992391303293,treino
2018-08-03,3.7201,-0.0118645006638615,treino
2018-08-06,3.7214,0.0003493919272254,treino
2018-08-07,3.7118,-0.0025830074093367,treino
2018-08-08,3.7519,0.0107454441747025,treino
2018-08-09,3.803,0.0135278506093527,treino
2018-08-10,3.8472,0.0115553820351932,treino
2018-08-13,3.8988,0.0133232024996021,treino
2018-08-14,3.8812,-0.0045244293119106,treino
2018-08-15,3.9134,0.0082621771928541,treino
2018-08-16,3.881,-0.0083137089750922,treino
2018-08-17,3.9389,0.0148086441256403,treino
2018-08-20,3.943,0.0010403583830804,treino
2018-08-21,3.9873,0.0111724552177696,treino
2018-08-22,4.074,0.0215110076913542,treino
2018-08-23,4.0727,-0.0003191476330375,treino
2018-08-24,4.0854,0.0031134725632624,treino
2018-08-27,4.0687,-0.0040961046220866,treino
2018-08-28,4.1192,0.0123354316370423,treino
2018-08-29,4.1353,0.0039009074847036,treino
2018-08-30,4.1812,0.0110384094419166,treino
2018-08-31,4.1353,-0.0110384094419166,treino
2018-09-03,4.1279,-0.0017910741548634,treino
2018-09-04,4.1652,0.008995490593969,treino
2018-09-05,4.1609,-0.00103289664604,treino
2018-09-06,4.146,-0.0035873830139758,treino
2018-09-10,4.1007,-0.0109863231690079,treino
2018-09-11,4.1641,0.0153424749896149,treino
2018-09-12,4.1259,-0.0092159880275601,treino
2018-09-13,4.1637,0.0091199242411321,treino
2018-09-14,4.1879,0.0057953129295047,treino
2018-09-17,4.1695,-0.0044032904323685,treino
2018-09-18,4.1369,-0.0078494094631691,treino
2018-09-19,4.1351,-0.0004352031016463,treino
2018-09-20,4.0997,-0.0085977116786413,treino
2018-09-21,4.0728,-0.0065830766954571,treino
2018-09-24,4.0594,-0.0032955441646,treino
2018-09-25,4.1286,0.016903187012963,treino
2018-09-26,4.057,-0.0174945822300418,treino
2018-09-27,4.0092,-0.0118520640557362,treino
2018-09-28,4.0039,-0.001322834052456,treino
2018-10-01,4.0273,0.005827290122701,treino
2018-10-02,3.9505,-0.0192540230581681,treino
2018-10-03,3.8542,-0.0246786903989675,treino
2018-10-04,3.9047,0.0130174929749395,treino
2018-10-05,3.8699,-0.0089522888420674,treino
2018-10-08,3.7588,-0.0291289093877826,treino
2018-10-09,3.7391,-0.0052548167704247,treino
2018-10-10,3.751,0.0031775303434022,treino
2018-10-11,3.746,-0.0013338670778535,treino
2018-10-15,3.7332,-0.003422829312442,treino
2018-10-16,3.7079,-0.0068000960857974,treino
2018-10-17,3.7008,-0.0019166661286196,treino
2018-10-18,3.6963,-0.0012166931784425,treino
2018-10-19,3.7079,0.0031333593070621,treino
2018-10-22,3.6903,-0.0047579230629453,treino
2018-10-23,3.708,0.0047848921428967,treino
2018-10-24,3.706,-0.0005395198404407,treino
2018-10-25,3.7014,-0.0012420014016569,treino
2018-10-26,3.6753,-0.0070763644754134,treino
2018-10-29,3.6368,-0.0105305878699557,treino
2018-10-30,3.7019,0.017742027244606,treino
2018-10-31,3.7177,0.0042589961407819,treino
2018-11-01,3.6973,-0.0055023739634192,treino
2018-11-05,3.7048,0.0020264526462947,treino
2018-11-06,3.7492,0.0119132077057884,treino
2018-11-07,3.7592,0.0026636849162751,treino
2018-11-08,3.7391,-0.0053612280501207,treino
2018-11-09,3.7506,0.0030708864273365,treino
2018-11-12,3.7478,-0.0007468260242562,treino
2018-11-13,3.7792,0.0083433458614776,treino
2018-11-14,3.7924,0.003486717040761,treino
2018-11-16,3.7525,-0.010576779536187,treino
2018-11-19,3.7553,0.0007458909746704,treino
2018-11-20,3.7591,0.0010113915479406,treino
2018-11-21,3.7872,0.0074473927294913,treino
2018-11-22,3.8103,0.0060809664186638,treino
2018-11-23,3.8081,-0.0005775491077266,treino
2018-11-26,3.8655,0.0149606626898726,treino
2018-11-27,3.8925,0.0069605849476239,treino
2018-11-28,3.8631,-0.0075816547603053,treino
2018-11-29,3.8568,-0.0016321458564354,treino
2018-11-30,3.8633,0.0016839164093565,treino
2018-12-03,3.8285,-0.0090486589475908,treino
2018-12-04,3.8313,0.0007310896171479,treino
2018-12-05,3.8561,0.0064521388337983,treino
2018-12-06,3.9178,0.0158739617451755,treino
2018-12-07,3.8964,-0.0054772218524994,treino
2018-12-10,3.911,0.0037400458587135,treino
2018-12-11,3.9013,-0.0024832648476558,treino
2018-12-12,3.8629,-0.0098916341932604,treino
2018-12-13,3.879,0.0041591917253693,treino
2018-12-14,3.909,0.0077041983529875,treino
2018-12-17,3.9121,0.0007927274072294,treino
2018-12-18,3.8997,-0.003174687118101,treino
2018-12-19,3.8907,-0.0023105370722775,treino
2018-12-20,3.8443,-0.0119975582603992,treino
2018-12-21,3.8671,0.0059133403631999,treino
2018-12-24,3.8855,0.0047468035366906,treino
2018-12-26,3.9258,0.0103184764544512,treino
2018-12-27,3.933,0.0018323413280614,treino
2018-12-28,3.8748,-0.0149084448795797,treino
2018-12-31,3.8748,0.0,treino
2019-01-02,3.8595,-0.0039564071623212,treino
2019-01-03,3.7683,-0.0239136700285915,treino
2019-01-04,3.7627,-0.0014871865707442,treino
2019-01-07,3.7062,-0.0151296918606642,treino
2019-01-08,3.7208,0.0039316059799787,treino
2019-01-09,3.6931,-0.0074724851677732,treino
2019-01-10,3.6869,-0.001680217197457,treino
2019-01-11,3.7141,0.0073503911536072,treino
2019-01-14,3.726,0.0031988844632695,treino
2019-01-15,3.7049,-0.0056790043489043,treino
2019-01-16,3.7197,0.0039867520412766,treino
2019-01-17,3.7591,0.0105365471763221,treino
2019-01-18,3.7486,-0.0027971301053435,treino
2019-01-21,3.7705,0.0058251817178172,treino
2019-01-22,3.7615,-0.0023898046424255,treino
2019-01-23,3.7994,0.0100253455106724,treino
2019-01-24,3.7815,-0.0047224032148645,treino
2019-01-25,3.7626,-0.0050105485190541,treino
2019-01-28,3.7676,0.0013279861716319,treino
2019-01-29,3.737,-0.0081550434631783,treino
2019-01-30,3.7151,-0.0058775547955007,treino
2019-01-31,3.6519,-0.0171580156063226,treino
2019-02-01,3.6694,0.0047805808609588,treino
2019-02-04,3.6756,0.0016882236821107,treino
2019-02-05,3.6741,-0.0004081799313786,treino
2019-02-06,3.7019,0.0075379966475335,treino
2019-02-07,3.7193,0.0046892771747164,treino
2019-02-08,3.7184,-0.0002420103000639,treino
2019-02-11,3.7391,0.0055514725209477,treino
2019-02-12,3.7296,-0.0025439514569924,treino
2019-02-13,3.7277,-0.0005095678170685,treino
2019-02-14,3.7756,0.0127678889863651,treino
2019-02-15,3.7155,-0.0160460518532652,treino
2019-02-18,3.7316,0.004323837489282,treino
2019-02-19,3.7206,-0.0029521505029186,treino
2019-02-20,3.71,-0.0028530689824064,treino
2019-02-21,3.7595,0.0132540932166007,treino
2019-02-22,3.743,-0.0043985409136526,treino
2019-02-25,3.7285,-0.0038814209205795,treino
2019-02-26,3.7595,0.0082799618342321,treino
2019-02-27,3.7351,-0.0065113778478611,treino
2019-02-28,3.7385,0.0009098694697498,treino
2019-03-01,3.7832,0.0118857508896956,treino
2019-03-06,3.8303,0.0123729167591943,treino
2019-03-07,3.8487,0.0047922998345437,treino
2019-03-08,3.8678,0.004950441004794,treino
2019-03-11,3.8461,-0.0056262220774527,treino
2019-03-12,3.8129,-0.0086695934058032,treino
2019-03-13,3.8265,0.0035604928050334,treino
2019-03-14,3.8327,0.0016189683920551,treino
2019-03-15,3.8344,0.0004434532033907,treino
2019-03-18,3.8111,-0.0060951074837545,treino
2019-03-19,3.7762,-0.0091996483972351,treino
2019-03-20,3.7897,0.0035686473062412,treino
2019-03-21,3.7967,0.0018454080951597,treino
2019-03-22,3.8815,0.0220894084799021,treino
2019-03-25,3.877,-0.0011600181748059,treino
2019-03-26,3.8646,-0.0032034748900291,treino
2019-03-27,3.9389,0.0190433127136466,treino
2019-03-28,3.9682,0.0074110948658232,treino
2019-03-29,3.8967,-0.0181825502790218,treino
2019-04-01,3.8682,-0.0073407585367186,treino
2019-04-02,3.8661,-0.0005430355821742,treino
2019-04-03,3.8436,-0.0058368195593423,treino
2019-04-04,3.8713,0.0071809405257876,treino
2019-04-05,3.8622,-0.0023533986422752,treino
2019-04-08,3.8658,0.0009316770860265,treino
2019-04-09,3.8563,-0.0024604718386675,treino
2019-04-10,3.8345,-0.0056691263290702,treino
2019-04-11,3.8399,0.0014072763711019,treino
2019-04-12,3.8685,0.0074205104134932,treino
2019-04-15,3.873,0.0011625655252431,treino
2019-04-16,3.8913,0.0047138914999849,treino
2019-04-17,3.9225,0.0079859135924504,treino
2019-04-18,3.937,0.0036898063365498,treino
2019-04-22,3.923,-0.0035623447341848,treino
2019-04-23,3.9436,0.0052373444913336,treino
2019-04-24,3.963,0.0049073024895487,treino
2019-04-25,3.9725,0.002394305220436,treino
2019-04-26,3.9353,-0.0094085015835736,treino
2019-04-29,3.9364,0.0002794821975329,treino
2019-04-30,3.9453,0.0022583969911984,treino
2019-05-02,3.965,0.0049808580529195,treino
2019-05-03,3.9388,-0.0066297466953013,treino
2019-05-06,3.9624,0.0059737939003809,treino
2019-05-07,3.988,0.006439949807701,treino
2019-05-08,3.9344,-0.0135314596198008,treino
2019-05-09,3.9673,0.0083273700902106,treino
2019-05-10,3.9578,-0.0023974472373355,treino
2019-05-13,3.989,0.0078522575906032,treino
2019-05-14,3.9788,-0.0025603066271475,treino
2019-05-15,4.0031,0.0060887946663399,treino
2019-05-16,4.0138,0.0026693625599838,treino
2019-05-17,4.0844,0.0174364151768,treino
2019-05-20,4.1056,0.0051770567399345,treino
2019-05-21,4.081,-0.0060098390155114,treino
2019-05-22,4.0228,-0.0143638788354805,treino
2019-05-23,4.0513,0.0070596396790649,treino
2019-05-24,4.0322,-0.0047256845537795,treino
2019-05-27,4.021,-0.0027815047983368,treino
2019-05-28,4.0275,0.0016152081538554,treino
2019-05-29,3.9965,-0.0077268579850555,treino
2019-05-30,3.972,-0.0061492319010105,treino
2019-05-31,3.9407,-0.007911373679017,treino
2019-06-03,3.9003,-0.0103048992498133,treino
2019-06-04,3.871,-0.0075406016585846,treino
2019-06-05,3.8611,-0.0025607546229116,treino
2019-06-06,3.8726,0.0029739991145611,treino
2019-06-07,3.8571,-0.0040105103109848,treino
2019-06-10,3.879,0.0056617826816542,treino
2019-06-11,3.8664,-0.0032535469090928,treino
2019-06-12,3.8437,-0.0058883971907339,treino
2019-06-13,3.8429,-0.0002081544513539,treino
2019-06-14,3.8813,0.0099428591576895,treino
2019-06-17,3.8895,0.0021104656003527,treino
2019-06-18,3.8608,-0.0074061987760616,treino
2019-06-19,3.8723,0.0029742298631745,treino
2019-06-21,3.8255,-0.0121594680620351,treino
2019-06-24,3.8234,-0.0005490985769887,treino
2019-06-25,3.8303,0.0018030499939425,treino
2019-06-26,3.8441,0.0035963762311079,treino
2019-06-27,3.8642,0.0052151695073148,treino
2019-06-28,3.8322,-0.0083156240316846,treino
2019-07-01,3.8193,-0.0033718910598892,treino
2019-07-02,3.8564,0.009666946054516,treino
2019-07-03,3.8475,-0.002310519077191,treino
2019-07-04,3.794,-0.0140027152180748,treino
2019-07-05,3.8204,0.006934257665623,treino
2019-07-08,3.8065,-0.0036449974143151,treino
2019-07-09,3.7858,-0.0054529065741482,treino
2019-07-10,3.7697,-0.0042618024931855,treino
2019-07-11,3.7533,-0.0043599696874696,treino
2019-07-12,3.7452,-0.0021604329267299,treino
2019-07-15,3.7463,0.0002936661570862,treino
2019-07-16,3.7624,0.004288365409018,treino
2019-07-17,3.7618,-0.0001594853941342,treino
2019-07-18,3.7489,-0.0034351026362182,treino
2019-07-19,3.7408,-0.0021629713227364,treino
2019-07-22,3.74,-0.0002138808691716,treino
2019-07-23,3.7621,0.0058917007046424,treino
2019-07-24,3.7596,-0.0006647433670738,treino
2019-07-25,3.7849,0.0067068976971262,treino
2019-07-26,3.7741,-0.0028575227804978,treino
2019-07-29,3.7909,0.0044415142413374,treino
2019-07-30,3.79,-0.00023743882764,treino
2019-07-31,3.7649,-0.0066447186201792,treino
2019-08-01,3.8296,0.0170390586220066,treino
2019-08-02,3.8739,0.0115013924424163,treino
2019-08-05,3.9404,0.0170204894608083,treino
2019-08-06,3.9643,0.0060470537348538,treino
2019-08-07,3.985,0.0052080175079374,treino
2019-08-08,3.9409,-0.0111281886217335,treino
2019-08-09,3.9362,-0.0011933327132447,treino
2019-08-12,3.9966,0.0152282087578516,treino
2019-08-13,3.9736,-0.005771514854048,treino
2019-08-14,4.0074,0.0084701671665046,treino
2019-08-15,4.0188,0.0028406986285138,treino
2019-08-16,3.9933,-0.006365393867076,treino
2019-08-19,4.0274,0.0085030497232219,treino
2019-08-20,4.0425,0.003742306006957,treino
2019-08-21,4.0254,-0.0042390276543646,treino
2019-08-22,4.0444,0.0047089234203467,treino
2019-08-23,4.0851,0.0100129995813951,treino
2019-08-26,4.1367,0.0125521607171659,treino
2019-08-27,4.1557,0.004582517304795,treino
2019-08-28,4.1559,4.812551134270038e-05,treino
2019-08-29,4.168,0.0029072931012599,treino
2019-08-30,4.1385,-0.0071029011077525,treino
2019-09-02,4.1581,0.0047248358273608,treino
2019-09-03,4.1657,0.0018260895533086,treino
2019-09-04,4.1249,-0.009842551655433,treino
2019-09-05,4.0859,-0.0094997547856281,treino
2019-09-06,4.065,-0.0051282792831475,treino
2019-09-09,4.0766,0.0028495646677189,treino
2019-09-10,4.1108,0.008354349101288,treino
2019-09-11,4.0631,-0.0116714277106679,treino
2019-09-12,4.0494,-0.0033775070628341,treino
2019-09-13,4.0616,0.0030082626557685,treino
2019-09-16,4.0872,0.0062831543834036,treino
2019-09-17,4.0998,0.0030780529981992,treino
2019-09-18,4.0972,-0.0006343784524081,treino
2019-09-19,4.1393,0.0102228778353827,treino
2019-09-20,4.1687,0.0070775451912445,treino
2019-09-23,4.1734,0.0011268147102776,treino
2019-09-24,4.1721,-0.0003115451466095,treino
2019-09-25,4.1827,0.0025374648555422,treino
2019-09-26,4.1469,-0.008595903869796,treino
2019-09-27,4.1587,0.0028414582785878,treino
2019-09-30,4.1644,0.0013696821835886,treino
2019-10-01,4.174,0.0023026010365485,treino
2019-10-02,4.1546,-0.0046586545365618,treino
2019-10-03,4.1012,-0.0129365403046479,treino
2019-10-04,4.061,-0.0098503651096386,treino
2019-10-07,4.0688,0.0019188669815575,treino
2019-10-08,4.0868,0.0044141520494134,treino
2019-10-09,4.0954,0.002102124897191,treino
2019-10-10,4.1145,0.0046529274313078,treino
2019-10-11,4.106,-0.0020680014668887,treino
2019-10-14,4.1263,0.0049318030552465,treino
2019-10-15,4.1488,0.0054380141502745,treino
2019-10-16,4.1714,0.0054325750781347,treino
2019-10-17,4.1457,-0.006180058384986,treino
2019-10-18,4.1376,-0.0019557429000103,treino
2019-10-21,4.1319,-0.0013785599861426,treino
2019-10-22,4.0858,-0.0112198020378424,treino
2019-10-23,4.0721,-0.0033587106679582,treino
2019-10-24,4.0089,-0.01564194743047,treino
2019-10-25,4.0133,0.0010969560572449,treino
2019-10-28,3.9793,-0.0085079210994662,treino
2019-10-29,3.9946,0.0038375246181678,treino
2019-10-30,4.0186,0.0059901342193813,treino
2019-10-31,4.0041,-0.0036147471022371,treino
2019-11-01,3.9786,-0.0063888375453384,treino
2019-11-04,3.9922,0.0034124587739052,treino
2019-11-05,4.0043,0.0030263263265106,treino
2019-11-06,4.0351,0.0076623008411187,treino
2019-11-07,4.0927,0.0141738143907184,treino
2019-11-08,4.1365,0.0106451206951074,treino
2019-11-11,4.1559,0.0046789917017053,treino
2019-11-12,4.1756,0.0047290492022005,treino
2019-11-13,4.1767,0.0002634005019837,treino
2019-11-14,4.1831,0.001531137407674,treino
2019-11-18,4.1827,-9.562743558411135e-05,treino
2019-11-19,4.2084,0.0061255569259155,treino
2019-11-20,4.2037,-0.001117438092524,treino
2019-11-21,4.2012,-0.0005948910929882,treino
2019-11-22,4.1832,-0.0042936948746994,treino
2019-11-25,4.2089,0.0061248270019123,treino
2019-11-26,4.2559,0.0111049246290044,treino
2019-11-27,4.2602,0.0010098520133463,treino
2019-11-28,4.248,-0.0028678235964092,treino
2019-11-29,4.224,-0.0056657375356774,treino
2019-12-02,4.2261,0.0004970355482734,treino
2019-12-03,4.2008,-0.0060045986107211,treino
2019-12-04,4.1926,-0.0019539167938675,treino
2019-12-05,4.2136,0.0049963226393974,treino
2019-12-06,4.1783,-0.008412923939262,treino
2019-12-09,4.1503,-0.0067238444612822,treino
2019-12-10,4.1427,-0.0018328716092201,treino
2019-12-11,4.1153,-0.0066360136958922,treino
2019-12-12,4.1092,-0.0014833731214138,treino
2019-12-13,4.0949,-0.0034860653775325,treino
2019-12-16,4.0801,-0.0036207990628076,treino
2019-12-17,4.0687,-0.0027979598068792,treino
2019-12-18,4.0548,-0.0034221735866446,treino
2019-12-19,4.0633,0.0020940868198673,treino
2019-12-20,4.0777,0.0035376526269452,treino
2019-12-23,4.0757,-0.000490592891337,treino
2019-12-24,4.0813,0.0013730540345213,treino
2019-12-26,4.0601,-0.0052079612639182,treino
2019-12-27,4.0545,-0.0013802284497113,treino
2019-12-30,4.0307,-0.0058873172570361,treino
2019-12-31,4.0307,0.0,treino
2020-01-02,4.0213,-0.0023348247069716,treino
2020-01-03,4.0522,0.0076547100714465,treino
2020-01-06,4.0554,0.0007893828423124,treino
2020-01-07,4.0841,0.0070520594486576,treino
2020-01-08,4.0672,-0.004146583787886,treino
2020-01-09,4.0744,0.0017686945752599,treino
2020-01-10,4.0745,2.4543189879544514e-05,treino
2020-01-13,4.1309,0.0137472611297411,treino
2020-01-14,4.1443,0.0032385952513911,treino
2020-01-15,4.1622,0.0043098844779041,treino
2020-01-16,4.1726,0.0024955620764628,treino
2020-01-17,4.1837,0.0026566797574525,treino
2020-01-20,4.1829,-0.0001912365841412,treino
2020-01-21,4.2014,0.0044130171924949,treino
2020-01-22,4.1889,-0.0029796334453211,treino
2020-01-23,4.1662,-0.0054338202664443,treino
2020-01-24,4.1769,0.0025649952335349,treino
2020-01-27,4.2196,0.0101709922243042,treino
2020-01-28,4.2064,-0.0031331618320367,treino
2020-01-29,4.2013,-0.0012131737872453,treino
2020-01-30,4.2523,0.0120660118175033,treino
2020-01-31,4.2695,0.0040367113417858,treino
2020-02-03,4.2475,-0.0051661498015738,treino
2020-02-04,4.2381,-0.0022155189603585,treino
2020-02-05,4.2449,0.0016032067562152,treino
2020-02-06,4.2477,0.0006593976170912,treino
2020-02-07,4.3076,0.014003244495691,treino
2020-02-10,4.3195,0.0027587503442128,treino
2020-02-11,4.3148,-0.0010886812976647,treino
2020-02-12,4.3366,0.0050396574288433,treino
2020-02-13,4.3389,0.0005302288176785,treino
2020-02-14,4.3163,-0.005222305980947,treino
2020-02-17,4.3157,-0.0001390176091209,treino
2020-02-18,4.3471,0.0072494199372983,treino
2020-02-19,4.3728,0.0058945800787773,treino
2020-02-20,4.3873,0.0033104675157495,treino
2020-02-21,4.3924,0.0011617710340052,treino
2020-02-26,4.4359,0.0098547516612261,treino
2020-02-27,4.4764,0.0090886255590876,treino
2020-02-28,4.4987,0.0049693141892168,treino
2020-03-02,4.4946,-0.0009117899511967,treino
2020-03-03,4.4883,-0.0014026652935961,treino
2020-03-04,4.5258,0.0083203461993441,treino
2020-03-05,4.6207,0.0207518516623981,treino
2020-03-06,4.6459,0.005438901457154,treino
2020-03-09,4.7379,0.0196088893369259,treino
2020-03-10,4.6693,-0.0145848320498629,treino
2020-03-11,4.6738,0.0009632777874506,treino
2020-03-12,4.8833,0.0438487755335341,treino
2020-03-13,4.7362,-0.0305860944133189,treino
2020-03-16,4.9471,0.043566419892757,treino
2020-03-17,5.0496,0.0205074859168219,treino
2020-03-18,5.1107,0.0120273489058528,treino
2020-03-19,5.1444,0.0065723632745784,treino
2020-03-20,5.0248,-0.0235230922517606,treino
2020-03-23,5.0805,0.0110240297857651,treino
2020-03-24,5.0713,-0.0018124869517885,treino
2020-03-25,5.0706,-0.0001380411956559,treino
2020-03-26,5.001,-0.0138212613595878,treino
2020-03-27,5.1109,0.0217376215152347,treino
2020-03-30,5.1594,0.0094447797107672,treino
2020-03-31,5.1987,0.0075883006694035,treino
2020-04-01,5.2404,0.0079892369652063,treino
2020-04-02,5.2651,0.0047023074605154,treino
2020-04-03,5.2997,0.0065500764245429,treino
2020-04-06,5.2471,-0.009974672149849,treino
2020-04-07,5.2217,-0.0048525236590821,treino
2020-04-08,5.2123,-0.0018018022892629,treino
2020-04-09,5.0779,-0.0261234267880998,treino
2020-04-13,5.1824,0.0203704791387848,treino
2020-04-14,5.1858,0.0006558515695826,treino
2020-04-15,5.2579,0.0138075864840567,treino
2020-04-16,5.2377,-0.0038492368118661,treino
2020-04-17,5.2573,0.0037351163004823,treino
2020-04-20,5.2837,0.0050090229007986,treino
2020-04-22,5.3847,0.018934988872086,treino
2020-04-23,5.4467,0.0114483219459924,treino
2020-04-24,5.651,0.0368225999516456,treino
2020-04-27,5.6358,-0.0026934134013187,treino
2020-04-28,5.5683,-0.0120493063553621,treino
2020-04-29,5.4291,-0.0253164265388972,treino
2020-04-30,5.427,-0.0003868792708605,treino
2020-05-04,5.5816,0.028088978561622,treino
2020-05-05,5.5354,-0.0083116427041107,treino
2020-05-06,5.6676,0.0236019167691559,treino
2020-05-07,5.8365,0.0293655544026461,treino
2020-05-08,5.7653,-0.0122741115821785,treino
2020-05-11,5.7954,0.0052073089027657,treino
2020-05-12,5.7723,-0.0039938848182248,treino
2020-05-13,5.9022,0.0222545481516869,treino
2020-05-14,5.9372,0.0059124790038425,treino
2020-05-15,5.8229,-0.0194392223393311,treino
2020-05-18,5.7375,-0.0147748440424781,treino
2020-05-19,5.7216,-0.0027750888296602,treino
2020-05-20,5.6968,-0.0043438728712252,treino
2020-05-21,5.6019,-0.016798787774771,treino
2020-05-22,5.5808,-0.0037736906185381,treino
2020-05-25,5.4772,-0.0187381138165272,treino
2020-05-26,5.3707,-0.0196357676329839,treino
2020-05-27,5.2992,-0.0134023880742086,treino
2020-05-28,5.3405,0.0077634157788641,treino
2020-05-29,5.4263,0.0159382205083131,treino
2020-06-01,5.3639,-0.011566179614151,treino
2020-06-02,5.2601,-0.0195412844660269,treino
2020-06-03,5.0516,-0.0404450131858702,treino
2020-06-04,5.1041,0.0103391135371697,treino
2020-06-05,4.9775,-0.0251163813708332,treino
2020-06-08,4.9331,-0.0089601632701044,treino
2020-06-09,4.9057,-0.0055697993322452,treino
2020-06-10,4.8894,-0.0033281977817727,treino
2020-06-12,5.0373,0.0298006276793041,treino
2020-06-15,5.1883,0.0295358662826916,treino
2020-06-16,5.1285,-0.0115928717687592,treino
2020-06-17,5.2499,0.023395810037748,treino
2020-06-18,5.3468,0.0182892223121042,treino
2020-06-19,5.3466,-3.740625058901159e-05,treino
2020-06-22,5.2226,-0.0234654826816631,treino
2020-06-23,5.1705,-0.0100259665400361,treino
2020-06-24,5.2435,0.0140198186494302,treino
2020-06-25,5.3287,0.0161180916973688,treino
2020-06-26,5.4629,0.0248724782957068,treino
2020-06-29,5.4416,-0.0039066490146044,treino
2020-06-30,5.476,0.0063017721554083,treino
2020-07-01,5.3651,-0.0204598921882666,treino
2020-07-02,5.3028,-0.0116800322953782,treino
2020-07-03,5.3374,0.0065036600736785,treino
2020-07-06,5.3085,-0.0054293335447452,treino
2020-07-07,5.3318,0.0043795827641328,treino
2020-07-08,5.3482,0.0030711634626328,treino
2020-07-09,5.2978,-0.0094684156553066,treino
2020-07-10,5.344,0.0086827961913948,treino
2020-07-13,5.3486,0.0008604081858074,treino
2020-07-14,5.4288,0.0148832706276764,treino
2020-07-15,5.3491,-0.0147897925902733,treino
2020-07-16,5.356,0.0012891053713708,treino
2020-07-17,5.351,-0.0009339684997584,treino
2020-07-20,5.3635,0.0023332877261792,treino
2020-07-21,5.2283,-0.0255305696191496,treino
2020-07-22,5.1111,-0.0226715321987278,treino
2020-07-23,5.1647,0.0104323723945729,treino
2020-07-24,5.2146,0.0096153660572899,treino
2020-07-27,5.1889,-0.0049406550253694,treino
2020-07-28,5.1777,-0.0021607864406327,treino
2020-07-29,5.1395,-0.0074051437524904,treino
2020-07-30,5.1837,0.008563288534209,treino
2020-07-31,5.2033,0.0037739526837587,treino
2020-08-03,5.3075,0.0198278749064666,treino
2020-08-04,5.3329,0.0047742656754374,treino
2020-08-05,5.276,-0.0107269454156435,treino
2020-08-06,5.3431,0.0126377740225327,treino
2020-08-07,5.4227,0.0147878375175027,treino
2020-08-10,5.3933,-0.0054364039216825,treino
2020-08-11,5.4285,0.0065054102163486,treino
2020-08-12,5.4551,0.0048880982329218,treino
2020-08-13,5.3801,-0.0138439895611466,treino
2020-08-14,5.3852,0.0009474887613978,treino
2020-08-17,5.4497,0.0119061111655707,treino
2020-08-18,5.4659,0.002968231135995,treino
2020-08-19,5.4906,0.0045087467427418,treino
2020-08-20,5.651,0.028794981480456,treino
2020-08-21,5.6064,-0.0079237183278257,treino
2020-08-24,5.5954,-0.00196397070752,treino
2020-08-25,5.5997,0.0007681932651715,treino
2020-08-26,5.568,-0.0056771018454135,treino
2020-08-27,5.5956,0.00494465158802,treino
2020-08-28,5.4679,-0.0230859441480515,treino
2020-08-31,5.4713,0.0006216176885844,treino
2020-09-01,5.3732,-0.0180926139539503,treino
2020-09-02,5.3741,0.000167483926587,treino
2020-09-03,5.3079,-0.0123948413283783,treino
2020-09-04,5.2848,-0.0043615011505415,treino
2020-09-08,5.3698,0.0159558882249535,treino
2020-09-09,5.3024,-0.0126311156292351,treino
2020-09-10,5.2936,-0.0016610045343938,treino
2020-09-11,5.2854,-0.0015502413540446,treino
2020-09-14,5.2984,0.0024565858269645,treino
2020-09-15,5.2728,-0.0048433574322594,treino
2020-09-16,5.2532,-0.0037241160275052,treino
2020-09-17,5.2593,0.0011605233169331,treino
2020-09-18,5.2889,0.0056123466934834,treino
2020-09-21,5.444,0.0289038000499353,treino
2020-09-22,5.4329,-0.0020410234264069,treino
2020-09-23,5.5311,0.0179136493995051,treino
2020-09-24,5.5714,0.0072596580937376,treino
2020-09-25,5.5667,-0.0008439500954318,treino
2020-09-28,5.5858,0.0034252443261879,treino
2020-09-29,5.6528,0.0119233345359321,treino
2020-09-30,5.6407,-0.002142826339039,treino
2020-10-01,5.6441,0.0006025804804479,treino
2020-10-02,5.6464,0.0004074221747158,treino
2020-10-05,5.6299,-0.0029264939343582,treino
2020-10-06,5.5205,-0.0196232441074555,treino
2020-10-07,5.6018,0.0146195387683809,treino
2020-10-08,5.62,0.0032436892401639,treino
2020-10-09,5.5393,-0.0144635249203337,treino
2020-10-13,5.5859,0.008377426479877,treino
2020-10-14,5.5675,-0.0032994453157573,treino
2020-10-15,5.6172,0.0088871989625025,treino
2020-10-16,5.6226,0.0009608712638078,treino
2020-10-19,5.6023,-0.0036169626689037,treino
2020-10-20,5.583,-0.0034509613785689,treino
2020-10-21,5.6006,0.0031474685306371,treino
2020-10-22,5.582,-0.00332659974473,treino
2020-10-23,5.612,0.005360027126084,treino
2020-10-26,5.6328,0.0036994919825716,treino
2020-10-27,5.6491,0.0028895862118414,treino
2020-10-28,5.7325,0.0146554953152948,treino
2020-10-29,5.7803,0.0083038487016304,treino
2020-10-30,5.7718,-0.001471594174905,treino
2020-11-03,5.6895,-0.0143616194617217,treino
2020-11-04,5.6932,0.0006501093994069,treino
2020-11-05,5.5624,-0.0232428104116619,treino
2020-11-06,5.5313,-0.0056068005214025,treino
2020-11-09,5.2821,-0.0460991233628975,treino
2020-11-10,5.3696,0.0164296719323242,treino
2020-11-11,5.402,0.0060158375197285,treino
2020-11-12,5.4094,0.0013689256073416,treino
2020-11-13,5.4854,0.0139518362527053,treino
2020-11-16,5.4198,-0.0120311028287549,treino
2020-11-17,5.3968,-0.0042527290764673,treino
2020-11-18,5.2932,-0.0193832074084914,treino
2020-11-19,5.333,0.007490953701708,treino
2020-11-20,5.3505,0.0032760828664537,treino
2020-11-23,5.3828,0.0060186704003302,treino
2020-11-24,5.4037,0.0038752192379671,treino
2020-11-25,5.3508,-0.0098378216839223,treino
2020-11-26,5.3201,-0.005753982269921,treino
2020-11-27,5.3494,0.0054923049166029,treino
2020-11-30,5.3317,-0.0033142684184122,treino
2020-12-01,5.2789,-0.0099523939871304,treino
2020-12-02,5.2267,-0.0099376388955971,treino
2020-12-03,5.1625,-0.012359145497685,treino
2020-12-04,5.1706,0.0015677776580311,treino
2020-12-07,5.1018,-0.0133953173075174,treino
2020-12-08,5.092,-0.0019227379425048,treino
2020-12-09,5.1109,0.0037048332568414,treino
2020-12-10,5.0852,-0.0050411538581709,treino
2020-12-11,5.0691,-0.0031710730412537,treino
2020-12-14,5.0578,-0.002231680907262,treino
2020-12-15,5.0968,0.0076812856748267,treino
2020-12-16,5.1057,0.0017446708664623,treino
2020-12-17,5.0612,-0.0087539533536322,treino
2020-12-18,5.0986,0.0073623829086741,treino
2020-12-21,5.1572,0.0114278043128996,treino
2020-12-22,5.1473,-0.001921491202097,treino
2020-12-23,5.174,0.0051737784113889,treino
2020-12-24,5.18,0.0011589725075542,treino
2020-12-28,5.239,0.011325584154691,treino
2020-12-29,5.1942,-0.0085880219584366,treino
2020-12-30,5.1967,0.0004811902815422,treino
2020-12-31,5.1967,0.0,treino
2021-01-04,5.1626,-0.0065834801895936,treino
2021-01-05,5.3269,0.0313291269069688,treino
2021-01-06,5.3182,-0.0016345552295484,treino
2021-01-07,5.3433,0.0047085393936969,treino
2021-01-08,5.3683,0.0046678452132777,treino
2021-01-11,5.4966,0.0236184344230911,treino
2021-01-12,5.4637,-0.0060035033375427,treino
2021-01-13,5.307,-0.0290995120837802,treino
2021-01-14,5.2617,-0.0085725353956931,treino
2021-01-15,5.2714,0.0018418134722142,treino
2021-01-18,5.2788,0.0014028172382583,treino
2021-01-19,5.2945,0.0029697467278346,treino
2021-01-20,5.3033,0.0016607224183382,treino
2021-01-21,5.3166,0.0025047329924643,treino
2021-01-22,5.4301,0.0211235486833547,treino
2021-01-25,5.5089,0.0144074162285769,treino
2021-01-26,5.3865,-0.0224691428589962,treino
2021-01-27,5.3824,-0.0007614519956731,treino
2021-01-28,5.4282,0.0084732159211768,treino
2021-01-29,5.4759,0.0087490584770972,treino
2021-02-01,5.4608,-0.0027613465844056,treino
2021-02-02,5.3875,-0.0135138437404394,treino
2021-02-03,5.3423,-0.008425183576896,treino
2021-02-04,5.391,0.0090746246165616,treino
2021-02-05,5.3884,-0.0004824016272559,treino
2021-02-08,5.367,-0.003979401647584,treino
2021-02-09,5.4216,0.0101218816450743,treino
2021-02-10,5.4024,-0.0035476755612708,treino
2021-02-11,5.3626,-0.0073943671795839,treino
2021-02-12,5.3815,0.0035182136233047,treino
2021-02-17,5.4138,0.005984103524157,treino
2021-02-18,5.4238,0.0018454275555477,treino
2021-02-19,5.3924,-0.0058061219671485,treino
2021-02-22,5.5044,0.0205572175742174,treino
2021-02-23,5.449,-0.0101156668080282,treino
2021-02-24,5.4182,-0.0056684486289602,treino
2021-02-25,5.46,0.0076851327848124,treino
2021-02-26,5.5302,0.0127751914887228,treino
2021-03-01,5.5832,0.0095381074752682,treino
2021-03-02,5.6844,0.0179634920147646,treino
2021-03-03,5.7342,0.0087226657824825,treino
2021-03-04,5.6008,-0.0235388018372013,treino
2021-03-05,5.687,0.0152734236438121,treino
2021-03-08,5.7343,0.008282817265631,treino
2021-03-09,5.8397,0.0182137400673514,treino
2021-03-10,5.7449,-0.0163669209488028,treino
2021-03-11,5.589,-0.0275121244212812,treino
2021-03-12,5.564,-0.0044831062263646,treino
2021-03-15,5.6296,0.0117211176090055,treino
2021-03-16,5.5851,-0.0079360542063782,treino
2021-03-17,5.6579,0.0129504611695787,treino
2021-03-18,5.5474,-0.0197234491091633,treino
2021-03-19,5.5082,-0.0070914584964281,treino
2021-03-22,5.5269,0.0033891886616248,treino
2021-03-23,5.4951,-0.005770293637292,treino
2021-03-24,5.533,0.0068733778638288,treino
2021-03-25,5.6585,0.0224286755078866,treino
2021-03-26,5.7042,0.0080439061870434,treino
2021-03-29,5.7925,0.0153612317134916,treino
2021-03-30,5.7642,-0.0048976016627837,treino
2021-03-31,5.6973,-0.0116739972554384,treino
2021-04-01,5.6849,-0.0021788415078975,treino
2021-04-05,5.6579,-0.004760738264872,treino
2021-04-06,5.6263,-0.0056007661338663,treino
2021-04-07,5.5864,-0.0071169599498477,treino
2021-04-08,5.5817,-0.0008416830575421,treino
2021-04-09,5.6445,0.0111882302273182,treino
2021-04-12,5.6582,0.0024242007147474,treino
2021-04-13,5.7064,0.0084825315474794,treino
2021-04-14,5.6936,-0.002245614978767,treino
2021-04-15,5.6234,-0.012406273818879,treino
2021-04-16,5.6328,0.0016701910387408,treino
2021-04-19,5.575,-0.0103143368766036,treino
2021-04-20,5.5266,-0.0087195191060747,treino
2021-04-22,5.497,-0.0053703093615846,treino
2021-04-23,5.4787,-0.0033346423385756,treino
2021-04-26,5.4566,-0.0040419613706312,treino
2021-04-27,5.4424,-0.0026057451206022,treino
2021-04-28,5.4005,-0.0077285981723222,treino
2021-04-29,5.3662,-0.0063715188567607,treino
2021-04-30,5.4036,0.0069453750937582,treino
2021-05-03,5.4087,0.0009433701207379,treino
2021-05-04,5.4505,0.0076985793521489,treino
2021-05-05,5.3872,-0.011681578161603,treino
2021-05-06,5.2897,-0.018264235937629,treino
2021-05-07,5.2217,-0.012938514113538,treino
2021-05-10,5.2227,0.0001914901771389,treino
2021-05-11,5.2403,0.0033642390518751,treino
2021-05-12,5.2353,-0.0009545993317217,treino
2021-05-13,5.2815,0.0087859990102816,treino
2021-05-14,5.2701,-0.0021608105757697,treino
2021-05-17,5.2755,0.0010241238946997,treino
2021-05-18,5.2588,-0.0031705977596976,treino
2021-05-19,5.2822,0.0044398137630741,treino
2021-05-20,5.2905,0.0015700817586929,treino
2021-05-21,5.3027,0.002303365440833,treino
2021-05-24,5.3198,0.0032195838590065,treino
2021-05-25,5.3143,-0.0010344082697013,treino
2021-05-26,5.3164,0.0003950821728231,treino
2021-05-27,5.284,-0.0061129959049619,treino
2021-05-28,5.2281,-0.0106354633075094,treino
2021-05-31,5.2322,0.000783916371416,treino
2021-06-01,5.1636,-0.0131978290735681,treino
2021-06-02,5.1147,-0.0095152639932591,treino
2021-06-04,5.0666,-0.0094487654543395,treino
2021-06-07,5.0498,-0.0033213426602034,treino
2021-06-08,5.0489,-0.0001782407641346,treino
2021-06-09,5.0533,0.0008710974398111,treino
2021-06-10,5.0635,0.0020164485719111,treino
2021-06-11,5.119,0.0109011636852434,treino
2021-06-14,5.0707,-0.0094802323415896,treino
2021-06-15,5.0874,0.0032880194220188,treino
2021-06-16,5.0207,-0.013197528342326,treino
2021-06-17,5.0359,0.0030228927420095,treino
2021-06-18,5.0314,-0.0008939835506445,treino
2021-06-21,5.0373,0.0011719488464818,treino
2021-06-22,5.0178,-0.0038786336179981,treino
2021-06-23,4.9519,-0.013220249316068,treino
2021-06-24,4.9277,-0.0048989935625449,treino
2021-06-25,4.9206,-0.0014418734665015,treino
2021-06-28,4.942,0.0043396332781349,treino
2021-06-29,4.945,0.0006068575082571,treino
2021-06-30,5.0022,0.0115008505878102,treino
2021-07-01,5.0055,0.0006594922149154,treino
2021-07-02,5.0293,0.0047435015399577,treino
2021-07-05,5.0749,0.0090260108828597,treino
2021-07-06,5.1645,0.0175014721643325,treino
2021-07-07,5.2328,0.0131382152003147,treino
2021-07-08,5.2587,0.0049373402496077,treino
2021-07-09,5.2393,-0.0036959462914254,treino
2021-07-12,5.2239,-0.0029436522517385,treino
2021-07-13,5.177,-0.0090185114515455,treino
2021-07-14,5.088,-0.0173409118819432,treino
2021-07-15,5.1,0.002355713692459,treino
2021-07-16,5.0941,-0.0011575324273402,treino
2021-07-19,5.1978,0.0201524518390727,treino
2021-07-20,5.2465,0.0093257284738161,treino
2021-07-21,5.2516,0.0009716044619894,treino
2021-07-22,5.1978,-0.0102973329358055,treino
2021-07-23,5.1701,-0.0053434284489679,treino
2021-07-26,5.1863,0.003128502802743,treino
2021-07-27,5.1669,-0.003747637968114,treino
2021-07-28,5.1527,-0.0027520463898369,treino
2021-07-29,5.0682,-0.0165351241584676,treino
2021-07-30,5.1216,0.0104811652540925,treino
2021-08-02,5.1379,0.0031775454388247,treino
2021-08-03,5.2464,0.0208976914359606,treino
2021-08-04,5.2091,-0.0071350309867481,treino
2021-08-05,5.1464,-0.0121096550068451,treino
2021-08-06,5.241,0.0182148787053755,treino
2021-08-09,5.2774,0.0069212323750835,treino
2021-08-10,5.2217,-0.0106105328216068,treino
2021-08-11,5.2013,-0.0039144250309168,treino
2021-08-12,5.2351,0.0064773519942191,treino
2021-08-13,5.2474,0.002346769500598,treino
2021-08-16,5.2495,0.0004001181354527,treino
2021-08-17,5.2585,0.001712981005087,treino
2021-08-18,5.3025,0.0083325924787545,treino
2021-08-19,5.418,0.0215483362062027,treino
2021-08-20,5.4274,0.0017334542485865,treino
2021-08-23,5.3686,-0.010893031015869,treino
2021-08-24,5.3017,-0.0125396430513602,treino
2021-08-25,5.2465,-0.0104663362284318,treino
2021-08-26,5.2429,-0.0006864072571066,treino
2021-08-27,5.22,-0.0043773784641747,treino
2021-08-30,5.1952,-0.0047622795281028,treino
2021-08-31,5.1433,-0.0100402255618856,treino
2021-09-01,5.1576,0.0027764582097145,treino
2021-09-02,5.1735,0.0030780870485949,validacao
2021-09-03,5.1685,-0.0009669310364659,validacao
2021-09-06,5.1773,0.0017011738332968,validacao
2021-09-08,5.2524,0.0144014301430137,validacao
2021-09-09,5.2825,0.0057143555053618,validacao
2021-09-10,5.2158,-0.0127069901771381,validacao
2021-09-13,5.219,0.0006133323303396,validacao
2021-09-14,5.226,0.0013403544371446,validacao
2021-09-15,5.2576,0.006028481762391,validacao
2021-09-16,5.2594,0.0003423029414426,validacao
2021-09-17,5.3103,0.0096313790308288,validacao
2021-09-20,5.3332,0.0043031024260828,validacao
2021-09-21,5.3044,-0.0054147684378593,validacao
2021-09-22,5.2783,-0.0049325886434776,validacao
2021-09-23,5.2891,0.0020440228930913,validacao
2021-09-24,5.3435,0.0102327699118935,validacao
2021-09-27,5.3478,0.0008043923997753,validacao
2021-09-28,5.4206,0.013521249049061,validacao
2021-09-29,5.4173,-0.0006089740820609,validacao
2021-09-30,5.4394,0.0040712243177711,validacao
2021-10-01,5.3911,-0.0089193149356254,validacao
2021-10-04,5.4204,0.0054201677346863,validacao
2021-10-05,5.4611,0.0074806212004687,validacao
2021-10-06,5.5097,0.00885994055469,validacao
2021-10-07,5.514,0.0007801373800244,validacao
2021-10-08,5.5084,-0.0010161127307712,validacao
2021-10-11,5.5161,0.0013968889749347,validacao
2021-10-13,5.5471,0.0056041798275856,validacao
2021-10-14,5.4988,-0.0087453820582261,validacao
2021-10-15,5.451,-0.0087308085329842,validacao
2021-10-18,5.5193,0.0124519625713874,validacao
2021-10-19,5.5521,0.0059251939161442,validacao
2021-10-20,5.5571,0.0009001548874114,validacao
2021-10-21,5.6423,0.0152153943429209,validacao
2021-10-22,5.7117,0.0122249188495957,validacao
2021-10-25,5.5973,-0.0202323640338837,validacao
2021-10-26,5.58,-0.0030955622225001,validacao
2021-10-27,5.5667,-0.0023863576325959,validacao
2021-10-28,5.6124,0.0081760167770801,validacao
2021-10-29,5.643,0.0054374034492992,validacao
2021-11-01,5.6694,0.0046674530474952,validacao
2021-11-03,5.6672,-0.0003881234281208,validacao
2021-11-04,5.5942,-0.0129648218736551,validacao
2021-11-05,5.5455,-0.008743558670063,validacao
2021-11-08,5.5627,0.0030968138395117,validacao
2021-11-09,5.4957,-0.0121176336247847,validacao
2021-11-10,5.459,-0.0067003454777656,validacao
2021-11-11,5.4171,-0.0077050058918131,validacao
2021-11-12,5.4199,0.0005167481890389,validacao
2021-11-16,5.4772,0.010516656379095,validacao
2021-11-17,5.4993,0.0040267899353503,validacao
2021-11-18,5.547,0.0086364296618057,validacao
2021-11-19,5.5584,0.0020530559915512,validacao
2021-11-22,5.5841,0.0046129765445264,validacao
2021-11-23,5.6456,0.0109532070953082,validacao
2021-11-24,5.6027,-0.007627856299758,validacao
2021-11-25,5.574,-0.0051356953449688,validacao
2021-11-26,5.5865,0.002240043945499,validacao
2021-11-29,5.6118,0.0045185506811675,validacao
2021-11-30,5.6199,0.0014423464665627,validacao
2021-12-01,5.6168,-0.0005517634320839,validacao
2021-12-02,5.6345,0.003146305689365,validacao
2021-12-03,5.6432,0.0015428680893836,validacao
2021-12-06,5.6877,0.0078546679943147,validacao
2021-12-07,5.6411,-0.0082268665399478,validacao
2021-12-08,5.5779,-0.0112667204820278,validacao
2021-12-09,5.5564,-0.0038619449308925,validacao
2021-12-10,5.5931,0.00658327863074,validacao
2021-12-13,5.6357,0.0075876682072741,validacao
2021-12-14,5.6461,0.0018436779496051,validacao
2021-12-15,5.7127,0.0117267252196568,validacao
2021-12-16,5.6963,-0.0028749252863118,validacao
2021-12-17,5.6959,-7.022348627372388e-05,validacao
2021-12-20,5.7055,0.0016840041168093,validacao
2021-12-21,5.7372,0.0055406645453237,validacao
2021-12-22,5.7201,-0.0029849986815493,validacao
2021-12-23,5.691,-0.0051003081353848,validacao
2021-12-24,5.6591,-0.0056211106501278,validacao
2021-12-27,5.665,0.0010420255091105,validacao
2021-12-28,5.6438,-0.0037492969783583,validacao
2021-12-29,5.6619,0.0032019274284551,validacao
2021-12-30,5.5805,-0.0144811468164338,validacao
2021-12-31,5.5805,0.0,validacao
2022-01-03,5.6309,0.0089909091661384,validacao
2022-01-04,5.6776,0.0082593209488652,validacao
2022-01-05,5.6628,-0.0026101386904311,validacao
2022-01-06,5.7042,0.0072842760726976,validacao
2022-01-07,5.6753,-0.0050793202045351,validacao
2022-01-10,5.6736,-0.0002995885086156,validacao
2022-01-11,5.6351,-0.0068089433345481,validacao
2022-01-12,5.5611,-0.0132189631421875,validacao
2022-01-13,5.5246,-0.0065850838281202,validacao
2022-01-14,5.5349,0.0018626525571616,validacao
2022-01-17,5.5058,-0.0052714170995455,validacao
2022-01-18,5.5213,0.0028112577573904,validacao
2022-01-19,5.4978,-0.0042653275908168,validacao
2022-01-20,5.4166,-0.0148796998774967,validacao
2022-01-21,5.4401,0.0043291307122501,validacao
2022-01-24,5.491,0.0093129452448965,validacao
2022-01-25,5.4971,0.0011102921572696,validacao
2022-01-26,5.4324,-0.0118396552062289,validacao
2022-01-27,5.3812,-0.0094696276185255,validacao
2022-01-28,5.3954,0.0026353410571564,validacao
2022-01-31,5.3574,-0.0070679559173183,validacao
2022-02-01,5.281,-0.0143633090442927,validacao
2022-02-02,5.2956,0.0027608133565688,validacao
2022-02-03,5.3025,0.0013021203753356,validacao
2022-02-04,5.3284,0.0048725980384702,validacao
2022-02-07,5.2913,-0.0069870431238636,validacao
2022-02-08,5.2699,-0.0040525753301383,validacao
2022-02-09,5.2735,0.0006828916933632,validacao
2022-02-10,5.2101,-0.0120952292954907,validacao
2022-02-11,5.1987,-0.0021904551068689,validacao
2022-02-14,5.2106,0.0022864179501298,validacao
2022-02-15,5.1881,-0.0043274707632916,validacao
2022-02-16,5.163,-0.0048497356214982,validacao
2022-02-17,5.1565,-0.0012597511235254,validacao
2022-02-18,5.1339,-0.004392450504608,validacao
2022-02-21,5.0997,-0.0066838897986818,validacao
2022-02-22,5.0611,-0.0075978634930404,validacao
2022-02-23,5.0143,-0.0092900205623587,validacao
2022-02-24,5.1174,0.0203526671556841,validacao
2022-02-25,5.1394,0.0042898435649283,validacao
2022-03-02,5.1347,-0.0009149220521227,validacao
2022-03-03,5.0479,-0.0170491038667659,validacao
2022-03-04,5.0758,0.0055118327556451,validacao
2022-03-07,5.0579,-0.0035327705806753,validacao
2022-03-08,5.0903,0.0063853905298669,validacao
2022-03-09,5.0094,-0.0160206204759854,validacao
2022-03-10,5.0513,0.0083294884556488,validacao
2022-03-11,5.0255,-0.0051206844188642,validacao
2022-03-14,5.0647,0.0077699544539513,validacao
2022-03-15,5.1314,0.0130836204978452,validacao
2022-03-16,5.1287,-0.0005263106718891,validacao
2022-03-17,5.0764,-0.0102498668086927,validacao
2022-03-18,5.0411,-0.0069780367162732,validacao
2022-03-21,4.9666,-0.0148888108631739,validacao
2022-03-22,4.9208,-0.0092643824624034,validacao
2022-03-23,4.8704,-0.0102950496668463,validacao
2022-03-24,4.8067,-0.0131652912677673,validacao
2022-03-25,4.7782,-0.0059468714316248,validacao
2022-03-28,4.7905,0.002570883563008,validacao
2022-03-29,4.7486,-0.0087849523477858,validacao
2022-03-30,4.7497,0.000231620396264,validacao
2022-03-31,4.7378,-0.0025085652153797,validacao
2022-04-01,4.6984,-0.0083508677157164,validacao
2022-04-04,4.6175,-0.0173685921349149,validacao
2022-04-05,4.64,0.004860933146906,validacao
2022-04-06,4.6967,0.0121457682112093,validacao
2022-04-07,4.7422,0.0096410286013666,validacao
2022-04-08,4.7513,0.0019171017616443,validacao
2022-04-11,4.7025,-0.0103239826193359,validacao
2022-04-12,4.6483,-0.0115927208364603,validacao
2022-04-13,4.6811,0.0070315636897939,validacao
2022-04-14,4.7158,0.0073854479084283,validacao
2022-04-18,4.6746,-0.0087749753720798,validacao
2022-04-19,4.6664,-0.0017557011254396,validacao
2022-04-20,4.6397,-0.0057381874817763,validacao
2022-04-22,4.7326,0.0198250253832992,validacao
2022-04-25,4.8818,0.0310392699559134,validacao
2022-04-26,4.9666,0.0172214970596977,validacao
2022-04-27,5.0167,0.010036845648548,validacao
2022-04-28,5.011,-0.0011368510453853,validacao
2022-04-29,4.9191,-0.018509909035792,validacao
2022-05-02,5.0266,0.0216182242824862,validacao
2022-05-03,5.0167,-0.0019714642013088,validacao
2022-05-04,5.0093,-0.0014761622469083,validacao
2022-05-05,5.0051,-0.0008387921884986,validacao
2022-05-06,5.075,0.0138691323402853,validacao
2022-05-09,5.134,0.0115585575210976,validacao
2022-05-10,5.139,0.0009734255611437,validacao
2022-05-11,5.1244,-0.002845063009951,validacao
2022-05-12,5.1482,0.0046336940179454,validacao
2022-05-13,5.1075,-0.0079370913084468,validacao
2022-05-16,5.0666,-0.0080400665068216,validacao
2022-05-17,4.9676,-0.0197331551110779,validacao
2022-05-18,4.9592,-0.0016923886861679,validacao
2022-05-19,4.9198,-0.00797655813411,validacao
2022-05-20,4.8777,-0.0085940819839804,validacao
2022-05-23,4.7973,-0.016620537636113,validacao
2022-05-24,4.8106,0.0027685568116384,validacao
2022-05-25,4.8359,0.0052454378292561,validacao
2022-05-26,4.7967,-0.0081390728149162,validacao
2022-05-27,4.7434,-0.0111740033286902,validacao
2022-05-30,4.7216,-0.0046064529421192,validacao
2022-05-31,4.7289,0.0015448921119316,validacao
2022-06-01,4.7765,0.0100154434094565,validacao
2022-06-02,4.7879,0.002383841202493,validacao
2022-06-03,4.7956,0.0016069289209423,validacao
2022-06-06,4.7839,-0.0024427174315353,validacao
2022-06-07,4.8909,0.0221202222117551,validacao
2022-06-08,4.8711,-0.0040565513525399,validacao
2022-06-09,4.8951,0.004914920503956,validacao
2022-06-10,4.9836,0.0179178166595737,validacao
2022-06-13,5.1033,0.0237348678589386,validacao
2022-06-14,5.1203,0.00332564178336,validacao
2022-06-15,5.1119,-0.0016418760163072,validacao
2022-06-17,5.1313,0.0037878833169369,validacao
2022-06-20,5.1641,0.006371799244863,validacao
2022-06-21,5.1462,-0.0034722593880687,validacao
2022-06-22,5.1509,0.0009128784466294,validacao
2022-06-23,5.1833,0.0062704623793647,validacao
2022-06-24,5.2334,0.0096192433902291,validacao
2022-06-27,5.2214,-0.0022955972892384,validacao
2022-06-28,5.2179,-0.0006705430691984,validacao
2022-06-29,5.2268,0.0017042140327736,validacao
2022-06-30,5.238,0.0021405099526663,validacao
2022-07-01,5.3142,0.0144427369759347,validacao
2022-07-04,5.3038,-0.0019589382794837,validacao
2022-07-05,5.3899,0.0161032870911319,validacao
2022-07-06,5.4321,0.0077989676394663,validacao
2022-07-07,5.364,-0.0126158340931374,validacao
2022-07-08,5.3086,-0.0103818184122672,validacao
2022-07-11,5.3477,0.0073384149223831,validacao
2022-07-12,5.412,0.0119521483789934,validacao
2022-07-13,5.3992,-0.0023679158614817,validacao
2022-07-14,5.4568,0.0106117429113128,validacao
2022-07-15,5.4014,-0.0102043581307587,validacao
2022-07-18,5.3675,-0.0062959284568149,validacao
2022-07-19,5.3904,0.0042573428993524,validacao
2022-07-20,5.4288,0.0070985213776773,validacao
2022-07-21,5.475,0.0084741606547358,validacao
2022-07-22,5.4522,-0.0041730787553451,validacao
2022-07-25,5.4144,-0.0069571259575069,validacao
2022-07-26,5.3608,-0.0099488533128884,validacao
2022-07-27,5.3074,-0.0100111445214132,validacao
2022-07-28,5.2149,-0.0175821603419434,validacao
2022-07-29,5.1884,-0.0050945483290862,validacao
2022-08-01,5.1606,-0.0053725126810291,validacao
2022-08-02,5.2329,0.0139127659067099,validacao
2022-08-03,5.2846,0.0098313128443161,validacao
2022-08-04,5.2409,-0.0083036912445622,validacao
2022-08-05,5.2165,-0.0046665603839286,validacao
2022-08-08,5.1247,-0.0177546922001139,validacao
2022-08-09,5.1224,-0.0004489075033178,validacao
2022-08-10,5.0497,-0.0142942436403836,validacao
2022-08-11,5.1127,0.0123988048260899,validacao
2022-08-12,5.1023,-0.0020362219468181,validacao
2022-08-15,5.0925,-0.0019225493425194,validacao
2022-08-16,5.134,0.0081162133301249,validacao
2022-08-17,5.1784,0.0086110458002146,validacao
2022-08-18,5.1773,-0.0002124433894643,validacao
2022-08-19,5.1961,0.0036246593369784,validacao
2022-08-22,5.1709,-0.0048615895888093,validacao
2022-08-23,5.103,-0.0132181525260337,validacao
2022-08-24,5.105,0.0003918495347945,validacao
2022-08-25,5.1173,0.0024065045901695,validacao
2022-08-26,5.0903,-0.0052901882849403,validacao
2022-08-29,5.0428,-0.009375284546881,validacao
2022-08-30,5.0617,0.0037409118791051,validacao
2022-08-31,5.179,0.022909592187672,validacao
2022-09-01,5.2007,0.0041812444704047,validacao
2022-09-02,5.1878,-0.0024835167022079,validacao
2022-09-05,5.1686,-0.0037078563974188,validacao
2022-09-06,5.2228,0.0104317977392141,validacao
2022-09-08,5.2155,-0.0013986954178577,validacao
2022-09-09,5.1633,-0.0100590511719811,validacao
2022-09-12,5.1183,-0.0087535572950714,validacao
2022-09-13,5.1794,0.0118668667798995,validacao
2022-09-14,5.1774,-0.000386219686556,validacao
2022-09-15,5.2211,0.0084051079036964,validacao
2022-09-16,5.2882,0.0127698156528968,validacao
2022-09-19,5.2367,-0.0097863943652374,validacao
2022-09-20,5.1705,-0.0127221333086429,validacao
2022-09-21,5.1692,-0.0002514579739933,validacao
2022-09-22,5.1677,-0.0002902224091416,validacao
2022-09-23,5.2257,0.0111610449096311,validacao
2022-09-26,5.3548,0.0244045947602169,validacao
2022-09-27,5.3508,-0.0007472724903114,validacao
2022-09-28,5.3594,0.0016059460791262,validacao
2022-09-29,5.3916,0.0059901583635573,validacao
2022-09-30,5.4066,0.002778242604932,validacao
2022-10-03,5.2002,-0.0389233431006925,validacao
2022-10-04,5.1411,-0.0114300220334411,validacao
2022-10-05,5.2144,0.0141569647483841,validacao
2022-10-06,5.2009,-0.0025923415667843,validacao
2022-10-07,5.2221,0.0040679323102603,validacao
2022-10-10,5.1941,-0.0053762538052033,validacao
2022-10-11,5.2068,0.0024420975707355,validacao
2022-10-13,5.3017,0.0180620602340921,validacao
2022-10-14,5.2824,-0.003646983946036,validacao
2022-10-17,5.2713,-0.0021035284484056,validacao
2022-10-18,5.2697,-0.0003035765130987,validacao
2022-10-19,5.2808,0.0021041664557039,validacao
2022-10-20,5.2176,-0.0120400753395064,validacao
2022-10-21,5.1919,-0.004937807237229,validacao
2022-10-24,5.2744,0.0157652100012641,validacao
2022-10-25,5.3091,0.006557400546159,validacao
2022-10-26,5.3248,0.0029528228415858,validacao
2022-10-27,5.3003,-0.0046117294749696,validacao
2022-10-28,5.3454,0.008472955242788,validacao
2022-10-31,5.257,-0.0166758561352051,validacao
2022-11-01,5.15,-0.020563807161666,validacao
2022-11-03,5.1349,-0.0029363456814373,validacao
2022-11-04,5.036,-0.0194482528121069,validacao
2022-11-07,5.0886,0.0103906274314715,validacao
2022-11-08,5.1744,0.0167206467870786,validacao
2022-11-09,5.1629,-0.0022249532748686,validacao
2022-11-10,5.3064,0.027415202103427,validacao
2022-11-11,5.3051,-0.0002450171995482,validacao
2022-11-14,5.3013,-0.0007165485296782,validacao
2022-11-16,5.3204,0.0035964149970215,validacao
2022-11-17,5.4655,0.0269071202547488,validacao
2022-11-18,5.3477,-0.021789046822205,validacao
2022-11-21,5.3259,-0.0040848505308235,validacao
2022-11-22,5.3339,0.0015009665288154,validacao
2022-11-23,5.393,0.0110191384275499,validacao
2022-11-24,5.3149,-0.0145876194136238,validacao
2022-11-25,5.3508,0.0067318854978279,validacao
2022-11-28,5.3796,0.0053679395279628,validacao
2022-11-29,5.3076,-0.0134742662871125,validacao
2022-11-30,5.2941,-0.0025467627449842,validacao
2022-12-01,5.1948,-0.0189348676813621,validacao
2022-12-02,5.1974,0.0005003752919012,validacao
2022-12-05,5.2464,0.0093836265625475,validacao
2022-12-06,5.2396,-0.0012969675668901,validacao
2022-12-07,5.2208,-0.0035945126844376,validacao
2022-12-08,5.2091,-0.0022435507354203,validacao
2022-12-09,5.2396,0.005838063419858,validacao
2022-12-12,5.3066,0.0127061693137873,validacao
2022-12-13,5.2669,-0.0075093746742485,validacao
2022-12-14,5.3406,0.0138960520299082,validacao
2022-12-15,5.3183,-0.0041843027960513,validacao
2022-12-16,5.2806,-0.0071139757890685,validacao
2022-12-19,5.316,0.0066814132253147,validacao
2022-12-20,5.2427,-0.0138845080470229,validacao
2022-12-21,5.2031,-0.0075820309995517,validacao
2022-12-22,5.1871,-0.0030798276543504,validacao
2022-12-23,5.1445,-0.0082465913163458,validacao
2022-12-26,5.1872,0.008265869725492,validacao
2022-12-27,5.2832,0.0183379221844519,validacao
2022-12-28,5.2736,-0.0018187334507109,validacao
2022-12-29,5.2177,-0.0106565495236761,validacao
2022-12-30,5.2177,0.0,validacao
2023-01-02,5.3436,0.0238428913642352,validacao
2023-01-03,5.3759,0.0060264187238479,validacao
2023-01-04,5.4459,0.0129370301249902,validacao
2023-01-05,5.4026,-0.0079827128056635,validacao
2023-01-06,5.2855,-0.021913096950114,validacao
2023-01-09,5.2967,0.0021167629003371,validacao
2023-01-10,5.2395,-0.0108579111940585,validacao
2023-01-11,5.202,-0.0071829069063993,validacao
2023-01-12,5.14,-0.0119900875593861,validacao
2023-01-13,5.1146,-0.0049538844898942,validacao
2023-01-16,5.1115,-0.0006062917622478,validacao
2023-01-17,5.1203,0.0017201278699381,validacao
2023-01-18,5.0909,-0.0057583988639711,validacao
2023-01-19,5.2144,0.0239693968802614,validacao
2023-01-20,5.1986,-0.0030346705321191,validacao
2023-01-23,5.1922,-0.0012318591079265,validacao
2023-01-24,5.1696,-0.0043621833730176,validacao
2023-01-25,5.1042,-0.0127315858603402,validacao
2023-01-26,5.0951,-0.0017844366602992,validacao
2023-01-27,5.0767,-0.0036178493618712,validacao
2023-01-30,5.0959,0.0037748506378292,validacao
2023-01-31,5.0993,0.000666980564588,validacao
2023-02-01,5.0721,-0.0053483423791098,validacao
2023-02-02,4.9901,-0.0162989833861055,validacao
2023-02-03,5.103,0.0223726524390466,validacao
2023-02-06,5.1763,0.0142619132516885,validacao
2023-02-07,5.1695,-0.0013145432889123,validacao
2023-02-08,5.2036,0.0065747217006562,validacao
2023-02-09,5.2315,0.005347350093698,validacao
2023-02-10,5.2526,0.0040251482698925,validacao
2023-02-13,5.1834,-0.0132619804981011,validacao
2023-02-14,5.1507,-0.0063285838416173,validacao
2023-02-15,5.2243,0.0141881898149147,validacao
2023-02-16,5.2432,0.0036111813783594,validacao
2023-02-17,5.2012,-0.0080426307673853,validacao
2023-02-22,5.173,-0.0054365771736497,validacao
2023-02-23,5.133,-0.0077625074432119,validacao
2023-02-24,5.1791,0.0089410124240392,validacao
2023-02-27,5.196,0.0032578028061476,validacao
2023-02-28,5.2078,0.0022684029027644,validacao
2023-03-01,5.207,-0.0001536275303555,validacao
2023-03-02,5.208,0.0001920307255063,validacao
2023-03-03,5.2037,-0.0008259938808223,validacao
2023-03-06,5.197,-0.001288374999141,validacao
2023-03-07,5.1901,-0.0013285712113935,validacao
2023-03-08,5.1387,-0.0099528356249993,validacao
2023-03-09,5.1353,-0.0006618649258551,validacao
2023-03-10,5.1822,0.0090914122681011,validacao
2023-03-13,5.24,0.0110918218007929,validacao
2023-03-14,5.2362,-0.0007254539177672,validacao
2023-03-15,5.2981,0.0117522213037504,validacao
2023-03-16,5.2892,-0.0016812600184032,validacao
2023-03-17,5.2679,-0.0040352045357334,validacao
2023-03-20,5.2467,-0.004032493623679,validacao
2023-03-21,5.2444,-0.0004384668980084,validacao
2023-03-22,5.2648,0.0038823175166626,validacao
2023-03-23,5.2632,-0.0003039513701212,validacao
2023-03-24,5.2921,0.0054759357319902,validacao
2023-03-27,5.2306,-0.0116891482716154,validacao
2023-03-28,5.1733,-0.0110152114827901,validacao
2023-03-29,5.1493,-0.0046499996599649,validacao
2023-03-30,5.1254,-0.0046522123479586,validacao
2023-03-31,5.0804,-0.0088185721112847,validacao
2023-04-03,5.0637,-0.0032925572671727,validacao
2023-04-04,5.0762,0.0024655087983143,validacao
2023-04-05,5.0447,-0.0062247629583491,validacao
2023-04-06,5.0683,0.0046672684348185,validacao
2023-04-10,5.0834,0.0029748733977732,validacao
2023-04-11,5.0128,-0.0139856878376212,validacao
2023-04-12,4.9496,-0.0126878759811484,validacao
2023-04-13,4.9097,-0.0080939250912153,validacao
2023-04-14,4.9455,0.0072652320543316,validacao
2023-04-17,4.9421,-0.0006877301132748,validacao
2023-04-18,4.9678,0.00518674408738,validacao
2023-04-19,5.0467,0.0157574781673315,validacao
2023-04-20,5.0497,0.0005942712428765,validacao
2023-04-24,5.0595,0.0019388286056059,validacao
2023-04-25,5.0613,0.0003557031102243,validacao
2023-04-26,5.0585,-0.0005533706340938,validacao
2023-04-27,5.015,-0.0086365752499091,validacao
2023-04-28,5.0007,-0.0028555187788839,validacao
2023-05-02,5.0334,0.0065177974631518,validacao
2023-05-03,5.0227,-0.0021280623776702,validacao
2023-05-04,5.0106,-0.0024119693153947,validacao
2023-05-05,4.9696,-0.0082163144328708,validacao
2023-05-08,4.9696,0.0,validacao
2023-05-09,5.0007,0.006238548662784,validacao
2023-05-10,4.9547,-0.0092412815901177,validacao
2023-05-11,4.9696,0.0030027329273336,validacao
2023-05-12,4.9234,-0.0093400052273218,validacao
2023-05-15,4.9103,-0.0026643090086624,validacao
2023-05-16,4.9122,0.0003868668920739,validacao
2023-05-17,4.9513,0.0079282617346645,validacao
2023-05-18,4.9647,0.0027027043478851,validacao
2023-05-19,4.9858,0.0042409992714949,validacao
2023-05-22,4.968,-0.0035765273511874,validacao
2023-05-23,4.9674,-0.0001207802404996,validacao
2023-05-24,4.9474,-0.0040343783287624,validacao
2023-05-25,4.999,0.0103757063695175,validacao
2023-05-26,5.0114,0.0024774247467076,validacao
2023-05-29,4.9954,-0.0031978282037823,validacao
2023-05-30,5.0593,0.0127106448342175,validacao
2023-05-31,5.0959,0.0072081610348391,validacao
2023-06-01,5.035,-0.0120227686728895,validacao
2023-06-02,4.9558,-0.0158549183430205,validacao
2023-06-05,4.9236,-0.0065186375735013,validacao
2023-06-06,4.9292,0.0011367328278271,validacao
2023-06-07,4.9119,-0.0035158707504114,validacao
2023-06-09,4.8922,-0.0040187322677764,validacao
2023-06-12,4.8832,-0.0018413573956967,validacao
2023-06-13,4.8533,-0.0061418567229698,validacao
2023-06-14,4.8462,-0.0014639932508078,validacao
2023-06-15,4.8222,-0.0049646372295777,validacao
2023-06-16,4.8286,0.001326315111326,validacao
2023-06-19,4.7803,-0.0100532645356969,validacao
2023-06-20,4.793,0.0026532141372743,validacao
2023-06-21,4.7795,-0.002820581655814,validacao
2023-06-22,4.775,-0.0009419645889865,validacao
2023-06-23,4.7799,0.001025651849742,validacao
2023-06-26,4.7698,-0.0021152504823931,validacao
2023-06-27,4.7903,0.0042886646417417,validacao
2023-06-28,4.8563,0.0136837911493288,validacao
2023-06-29,4.8584,0.0004323345101153,validacao
2023-06-30,4.8192,-0.0081012264178457,validacao
2023-07-03,4.7876,-0.0065786971663042,validacao
2023-07-04,4.8056,0.0037526625367361,validacao
2023-07-05,4.8577,0.0107831703111698,validacao
2023-07-06,4.8977,0.0082006322995775,validacao
2023-07-07,4.8799,-0.0036409793127447,validacao
2023-07-10,4.8735,-0.0013123630566895,validacao
2023-07-11,4.8949,0.0043814819694778,validacao
2023-07-12,4.8058,-0.0183703249645981,validacao
2023-07-13,4.8038,-0.0004162504222604,validacao
2023-07-14,4.7957,-0.0016875882957172,validacao
2023-07-17,4.8302,0.0071681915926642,validacao
2023-07-18,4.804,-0.0054389704569568,validacao
2023-07-19,4.8,-0.0008329863038918,validacao
2023-07-20,4.7888,-0.0023360597975476,validacao
2023-07-21,4.7732,-0.003262918602934,validacao
2023-07-24,4.7457,-0.0057779946228571,validacao
2023-07-25,4.7496,0.0008214590838222,validacao
2023-07-26,4.7368,-0.0026986017388994,validacao
2023-07-27,4.7202,-0.0035106306543144,validacao
2023-07-28,4.7253,0.0010798794125477,validacao
2023-07-31,4.7415,0.0034224903479826,validacao
2023-08-01,4.7752,0.0070823165306579,validacao
2023-08-02,4.8083,0.006907733420709,validacao
2023-08-03,4.8797,0.0147401512725171,validacao
2023-08-04,4.8609,-0.0038601366126014,validacao
2023-08-07,4.901,0.0082156599744824,validacao
2023-08-08,4.9217,0.0042147333508815,validacao
2023-08-09,4.9015,-0.004112718558648,validacao
2023-08-10,4.8518,-0.0101915106028287,validacao
2023-08-11,4.8918,0.0082105637979679,validacao
2023-08-14,4.9481,0.011443330597169,validacao
2023-08-15,4.9812,0.0066671613529043,validacao
2023-08-16,4.9772,-0.0008033419455173,validacao
2023-08-17,4.9816,0.000883640656766,validacao
2023-08-18,4.9724,-0.0018485036406816,validacao
2023-08-21,4.9847,0.0024706001258318,validacao
2023-08-22,4.9431,-0.0083805563118968,validacao
2023-08-23,4.8977,-0.0092269575847965,validacao
2023-08-24,4.8748,-0.0046866291973519,validacao
2023-08-25,4.8772,0.0004922067367625,validacao
2023-08-28,4.8938,0.0033978131144745,validacao
2023-08-29,4.8706,-0.0047519650274292,validacao
2023-08-30,4.8653,-0.0010887541005031,validacao
2023-08-31,4.9219,0.0115662561276259,validacao
2023-09-01,4.9318,0.0020093981613173,validacao
2023-09-04,4.9176,-0.0028834263687953,validacao
2023-09-05,4.9705,0.0106998320594,validacao
2023-09-06,4.9762,0.0011461088851465,validacao
2023-09-08,4.9835,0.0014659078701646,validacao
2023-09-11,4.9366,-0.0094556202938875,validacao
2023-09-12,4.9505,0.0028117464489458,validacao
2023-09-13,4.9171,-0.0067696557532059,validacao
2023-09-14,4.8751,-0.0085783087672881,validacao
2023-09-15,4.8689,-0.0012725781684559,validacao
2023-09-18,4.8535,-0.0031679447213381,validacao
2023-09-19,4.8575,0.0008238080993141,validacao
2023-09-20,4.8487,-0.0018132744866525,validacao
2023-09-21,4.9229,0.0151871599695621,validacao
2023-09-22,4.9131,-0.0019926806105734,validacao
2023-09-25,4.9606,0.00962159402097,validacao
2023-09-26,4.9717,0.0022351327731002,validacao
2023-09-27,5.0289,0.0114394383873401,validacao
2023-09-28,5.0475,0.0036917988816507,validacao
2023-09-29,5.0076,-0.0079363128014853,validacao
2023-10-02,5.0679,0.011969772211285,validacao
2023-10-03,5.11,0.0082728736009578,validacao
2023-10-04,5.1526,0.0083020374328726,validacao
2023-10-05,5.1713,0.0036226659404117,validacao
2023-10-06,5.1918,0.0039563502697137,validacao
2023-10-09,5.1666,-0.0048656259105737,validacao
2023-10-10,5.0862,-0.0156838420877596,validacao
2023-10-11,5.0496,-0.0072219576309144,validacao
2023-10-13,5.0625,0.0025514002032942,validacao
2023-10-16,5.0618,-0.0001382811653378,validacao
2023-10-17,5.0384,-0.0046335799026964,validacao
2023-10-18,5.0568,0.0036453008113286,validacao
2023-10-19,5.054,-0.0005538632099493,validacao
2023-10-20,5.0528,-0.0002374638868165,validacao
2023-10-23,5.0164,-0.0072300001114282,validacao
2023-10-24,5.0065,-0.0019754768020372,validacao
2023-10-25,4.9981,-0.001679227949916,validacao
2023-10-26,5.0055,0.0014794676615967,validacao
2023-10-27,4.948,-0.0115538533471597,validacao
2023-10-30,5.0074,0.0119333637832581,validacao
2023-10-31,5.0575,0.0099554717462637,validacao
2023-11-01,5.0194,-0.0075618854117891,validacao
2023-11-03,4.891,-0.0259136230907541,validacao
2023-11-06,4.8999,0.0018180151878461,validacao
2023-11-07,4.867,-0.0067370658937491,validacao
2023-11-08,4.8855,0.0037939035509437,validacao
2023-11-09,4.9007,0.0031064176540671,validacao
2023-11-10,4.9219,0.0043165827618125,validacao
2023-11-13,4.9247,0.0005687242450125,validacao
2023-11-14,4.8682,-0.0115391001474762,validacao
2023-11-16,4.8575,-0.0022003566462187,validacao
2023-11-17,4.8849,0.0056249121866891,validacao
2023-11-20,4.8723,-0.0025827095896175,validacao
2023-11-21,4.8806,0.0017020582603657,validacao
2023-11-22,4.8968,0.0033137674278276,validacao
2023-11-23,4.8931,-0.0007558810970835,validacao
2023-11-24,4.8927,-8.17511087949363e-05,validacao
2023-11-27,4.8951,0.0004904064341528,validacao
2023-11-28,4.8867,-0.0017174757334654,validacao
2023-11-29,4.8933,0.0013496934564254,validacao
2023-11-30,4.9355,0.0085870623698482,validacao
2023-12-01,4.9191,-0.0033283979340101,validacao
2023-12-04,4.9091,-0.0020349613257546,validacao
2023-12-05,4.9522,0.0087412966728246,validacao
2023-12-06,4.9031,-0.0099642641516415,validacao
2023-12-07,4.8949,-0.0016738113726184,validacao
2023-12-08,4.9158,0.0042606606290813,validacao
2023-12-11,4.944,0.0057202127617026,validacao
2023-12-12,4.9476,0.000727890363328,validacao
2023-12-13,4.958,0.0020998230942812,validacao
2023-12-14,4.8912,-0.0135647614585658,validacao
2023-12-15,4.9397,0.0098669284563939,validacao
2023-12-18,4.9399,4.048746913376533e-05,validacao
2023-12-19,4.8663,-0.0150111933379191,validacao
2023-12-20,4.8766,0.0021143609884526,validacao
2023-12-21,4.8755,-0.0002255924374576,validacao
2023-12-22,4.8619,-0.0027933552782486,validacao
2023-12-26,4.8368,-0.0051759629717311,validacao
2023-12-27,4.8306,-0.0012826614912038,validacao
2023-12-28,4.8413,0.0022125961528196,validacao
2023-12-29,4.8413,0.0,validacao
2024-01-02,4.8916,0.0103361686284053,validacao
2024-01-03,4.9212,0.0060329548707989,validacao
2024-01-04,4.9188,-0.0004878048877217,validacao
2024-01-05,4.8899,-0.0058927449362269,validacao
2024-01-08,4.885,-0.0010025678851821,validacao
2024-01-09,4.8937,0.0017793780963697,validacao
2024-01-10,4.8901,-0.0007359104156807,validacao
2024-01-11,4.8794,-0.0021904916891228,validacao
2024-01-12,4.8543,-0.005157351394577,validacao
2024-01-15,4.8765,0.0045628393381975,validacao
2024-01-16,4.9038,0.0055826653380695,validacao
2024-01-17,4.9346,0.0062612011343392,validacao
2024-01-18,4.9403,0.0011544421985134,validacao
2024-01-19,4.9223,-0.0036501571564224,validacao
2024-01-22,4.949,0.0054096350253165,validacao
2024-01-23,4.9715,0.0045360694682423,validacao
2024-01-24,4.9192,-0.0105756897808684,validacao
2024-01-25,4.9232,0.0008128099285173,validacao
2024-01-26,4.9125,-0.0021757483902606,validacao
2024-01-29,4.9225,0.0020335543357641,validacao
2024-01-30,4.9638,0.0083550449109115,validacao
2024-01-31,4.9535,-0.0020771790111073,validacao
2024-02-01,4.935,-0.0037417245455029,validacao
2024-02-02,4.9471,0.0024488734270964,validacao
2024-02-05,5.0053,0.0116958047182489,validacao
2024-02-06,4.9687,-0.0073391145539982,validacao
2024-02-07,4.9608,-0.0015912184232609,validacao
2024-02-08,4.9804,0.0039431910425893,validacao
2024-02-09,4.9717,-0.0017483751602558,validacao
2024-02-14,4.9723,0.0001206757845388,validacao
2024-02-15,4.971,-0.0002614826078679,validacao
2024-02-16,4.9761,0.0010254245854339,validacao
2024-02-19,4.9585,-0.0035431760539268,validacao
2024-02-20,4.9408,-0.0035760142357772,validacao
2024-02-21,4.9303,-0.0021274232780923,validacao
2024-02-22,4.9419,0.0023500345087363,validacao
2024-02-23,4.9851,0.0087035907542312,validacao
2024-02-26,4.9819,-0.0006421190147389,validacao
2024-02-27,4.9575,-0.0049097629665877,validacao
2024-02-28,4.9557,-0.0003631521647462,validacao
2024-02-29,4.9833,0.005553892935936,validacao
2024-03-01,4.9596,-0.0047672298594536,validacao
2024-03-04,4.9475,-0.0024426938289663,validacao
2024-03-05,4.9488,0.0002627244540844,validacao
2024-03-06,4.9398,-0.0018202783983698,validacao
2024-03-07,4.9364,-0.0006885239534069,teste
2024-03-08,4.9751,0.0078091503141648,teste
2024-03-11,4.9777,0.0005224660515921,teste
2024-03-12,4.9813,0.0007229641845172,teste
2024-03-13,4.9803,-0.0002007709611626,teste
2024-03-14,4.9768,-0.00070301596733,teste
2024-03-15,4.9937,0.0033900037480045,teste
2024-03-18,5.0124,0.0037377243423155,teste
2024-03-19,5.0352,0.0045384050190122,teste
2024-03-20,5.012,-0.0046182102941836,teste
2024-03-21,4.9807,-0.0062645936262115,teste
2024-03-22,4.9897,0.0018053443080421,teste
2024-03-25,4.9869,-0.0005613134882658,teste
2024-03-26,4.987,2.005233659918559e-05,teste
2024-03-27,4.9856,-0.0002807693097481,teste
2024-03-28,4.9962,0.0021238662334541,teste
2024-04-01,5.0532,0.0113440824860537,teste
2024-04-02,5.0476,-0.0011088231771267,teste
2024-04-03,5.0724,0.0049011955819888,teste
2024-04-04,5.0237,-0.0096473643714207,teste
2024-04-05,5.052,0.0056174904810579,teste
2024-04-08,5.0421,-0.0019615425197512,teste
2024-04-09,5.008,-0.0067860281706959,teste
2024-04-10,5.0654,0.0113964741311143,teste
2024-04-11,5.0765,0.0021889398302286,teste
2024-04-12,5.1364,0.0117303972158413,teste
2024-04-15,5.1746,0.0074095965030724,teste
2024-04-16,5.2635,0.0170341632311881,teste
2024-04-17,5.2469,-0.0031587786959079,teste
2024-04-18,5.2512,0.0008191959003003,teste
2024-04-19,5.2269,-0.0046382537988025,teste
2024-04-22,5.2043,-0.0043331611630479,teste
2024-04-23,5.1626,-0.0080448783921895,teste
2024-04-24,5.1592,-0.000658799845564,teste
2024-04-25,5.1679,0.0016848877338582,teste
2024-04-26,5.1184,-0.0096245262347722,teste
2024-04-29,5.1155,-0.0005667438762588,teste
2024-04-30,5.1718,0.0109456440648114,teste
2024-05-02,5.1184,-0.0103789001885525,teste
2024-05-03,5.0668,-0.0101324355857761,teste
2024-05-06,5.0727,0.0011637656030156,teste
2024-05-07,5.061,-0.002309127998415,teste
2024-05-08,5.0887,0.0054583029591623,teste
2024-05-09,5.1577,0.0134683484982454,teste
2024-05-10,5.1464,-0.0021933025746951,teste
2024-05-13,5.1412,-0.0010109258608137,teste
2024-05-14,5.1356,-0.0010898335190483,teste
2024-05-15,5.1423,0.0013037684641923,teste
2024-05-16,5.127,-0.0029797573974204,teste
2024-05-17,5.1157,-0.0022064503664913,teste
2024-05-20,5.1085,-0.0014084233857307,teste
2024-05-21,5.1037,-0.0009400521637803,teste
2024-05-22,5.1502,0.0090697819874829,teste
2024-05-23,5.1443,-0.0011462432650419,teste
2024-05-24,5.1508,0.0012627368094897,teste
2024-05-27,5.1704,0.0037980125490568,teste
2024-05-28,5.1538,-0.0032157483010979,teste
2024-05-29,5.1972,0.0083857123609936,teste
2024-05-31,5.2416,0.0085067762101143,teste
2024-06-03,5.2373,-0.00082069687493,teste
2024-06-04,5.2687,0.0059775544444071,teste
2024-06-05,5.2841,0.0029186587317415,teste
2024-06-06,5.2681,-0.0030325453008419,teste
2024-06-07,5.2802,0.0022942095517304,teste
2024-06-10,5.3666,0.0162305850962352,teste
2024-06-11,5.3524,-0.002649502436204,teste
2024-06-12,5.3891,0.0068333366489228,teste
2024-06-13,5.3974,0.0015389610416991,teste
2024-06-14,5.363,-0.0063938361385305,teste
2024-06-17,5.413,0.0092799478140526,teste
2024-06-18,5.4074,-0.0010350819747855,teste
2024-06-19,5.4647,0.010540839496677,teste
2024-06-20,5.4254,-0.0072175959094384,teste
2024-06-21,5.4416,0.0029815058435,teste
2024-06-24,5.4,-0.0076741817005652,teste
2024-06-25,5.429,0.0053560013530853,teste
2024-06-26,5.5097,0.0147552202982663,teste
2024-06-27,5.5229,0.0023929094317962,teste
2024-06-28,5.5589,0.0064971623092395,teste
2024-07-01,5.5893,0.0054538087496642,teste
2024-07-02,5.6677,0.0139293359927255,teste
2024-07-03,5.5863,-0.0144662199313168,teste
2024-07-04,5.4839,-0.0185006451049405,teste
2024-07-05,5.497,0.0023859622097743,teste
2024-07-08,5.472,-0.0045583085582738,teste
2024-07-09,5.4387,-0.0061041185986541,teste
2024-07-10,5.3967,-0.007752406066982,teste
2024-07-11,5.41,0.002461437203777,teste
2024-07-12,5.4529,0.0078984843881313,teste
2024-07-15,5.4563,0.0006233271202444,teste
2024-07-16,5.4274,-0.0053107064552762,teste
2024-07-17,5.467,0.0072698220013722,teste
2024-07-18,5.5426,0.0137336848323443,teste
2024-07-19,5.5543,0.0021086978048716,teste
2024-07-22,5.5598,0.0009897338424114,teste
2024-07-23,5.5807,0.0037520801614578,teste
2024-07-24,5.6346,0.0096119435025383,teste
2024-07-25,5.6402,0.0009933658176632,teste
2024-07-26,5.6465,0.0011163583074387,teste
2024-07-29,5.6479,0.0002479104701746,teste
2024-07-30,5.6532,0.0009379618600962,teste
2024-07-31,5.6621,0.0015730916255582,teste
2024-08-01,5.6681,0.0010591164429338,teste
2024-08-02,5.7366,0.0120127357569674,teste
2024-08-05,5.7646,0.0048690667614168,teste
2024-08-06,5.6528,-0.0195847694759914,teste
2024-08-07,5.6093,-0.00772506305706,teste
2024-08-08,5.6172,0.0014073845462043,teste
2024-08-09,5.5115,-0.0189965006906551,teste
2024-08-12,5.4911,-0.0037082186713139,teste
2024-08-13,5.4875,-0.0006558213486294,teste
2024-08-14,5.4502,-0.006820473151758,teste
2024-08-15,5.4651,0.0027301144732241,teste
2024-08-16,5.4632,-0.0003477210580133,teste
2024-08-19,5.4237,-0.0072564592908008,teste
2024-08-20,5.4547,0.0056993829817406,teste
2024-08-21,5.4707,0.0029289566401928,teste
2024-08-22,5.5524,0.0148236877229421,teste
2024-08-23,5.5263,-0.0047117528746729,teste
2024-08-26,5.4921,-0.0062078178012026,teste
2024-08-27,5.4969,0.0008736009291603,teste
2024-08-28,5.5315,0.0062747295207266,teste
2024-08-29,5.6358,0.0186800807535589,teste
2024-08-30,5.6562,0.0036131814016351,teste
2024-09-02,5.623,-0.005886959337958,teste
2024-09-03,5.6224,-0.0001067102994236,teste
2024-09-04,5.6359,0.0023982317881838,teste
2024-09-05,5.6049,-0.0055156356470604,teste
2024-09-06,5.5702,-0.0062102552144709,teste
2024-09-09,5.6097,0.0070662822315938,teste
2024-09-10,5.6254,0.0027948145044323,teste
2024-09-11,5.6387,0.0023614858143568,teste
2024-09-12,5.6554,0.0029572984427228,teste
2024-09-13,5.5717,-0.0149106270940289,teste
2024-09-16,5.5207,-0.009195549993074,teste
2024-09-17,5.501,-0.0035747699499752,teste
2024-09-18,5.4767,-0.0044271641035089,teste
2024-09-19,5.4189,-0.0106098869653277,teste
2024-09-20,5.4775,0.010755949663,teste
2024-09-23,5.5446,0.0121756886524282,teste
2024-09-24,5.4702,-0.0135093023031376,teste
2024-09-25,5.4736,0.0006213564044281,teste
2024-09-26,5.4412,-0.0059369104640654,teste
2024-09-27,5.4431,0.0003491267273596,teste
2024-09-30,5.4481,0.0009181725340212,teste
2024-10-01,5.4521,0.0007339315204402,teste
2024-10-02,5.4305,-0.0039696448210051,teste
2024-10-03,5.485,0.0099858829892398,teste
2024-10-04,5.4686,-0.0029944515510047,teste
2024-10-07,5.4626,-0.0010977752858891,teste
2024-10-08,5.5197,0.0103986440957206,teste
2024-10-09,5.5737,0.009735595312077,teste
2024-10-10,5.5819,0.0014701139296577,teste
2024-10-11,5.6263,0.0079228122717809,teste
2024-10-14,5.6045,-0.0038821860205231,teste
2024-10-15,5.6378,0.005924072011517,teste
2024-10-16,5.6749,0.0065590235763077,teste
2024-10-17,5.6758,0.0001585805284054,teste
2024-10-18,5.6672,-0.0015163539888658,teste
2024-10-21,5.7068,0.0069632776521448,teste
2024-10-22,5.6958,-0.0019293851248514,teste
2024-10-23,5.7149,0.003347738147241,teste
2024-10-24,5.7087,-0.0010854722869781,teste
2024-10-25,5.6969,-0.0020691597478543,teste
2024-10-28,5.6988,0.00033345911486,teste
2024-10-29,5.714,0.002663677447642,teste
2024-10-30,5.7801,0.0115016797641056,teste
2024-10-31,5.7779,-0.0003806887050648,teste
2024-11-01,5.8073,0.0050754519753639,teste
2024-11-04,5.7898,-0.003017998169017,teste
2024-11-05,5.7846,-0.0008985347577166,teste
2024-11-06,5.7648,-0.0034287529045609,teste
2024-11-07,5.6624,-0.0179226304026298,teste
2024-11-08,5.7648,0.0179226304026298,teste
2024-11-11,5.798,0.0057425694877719,teste
2024-11-12,5.7694,-0.0049449415215705,teste
2024-11-13,5.7713,0.0003292694580341,teste
2024-11-14,5.7885,0.0029758322277186,teste
2024-11-18,5.7603,-0.0048836339788025,teste
2024-11-19,5.7743,0.0024274802550188,teste
2024-11-21,5.8173,0.0074191996346826,teste
2024-11-22,5.8124,-0.0008426701101411,teste
2024-11-25,5.8002,-0.002101166747926,teste
2024-11-26,5.799,-0.000206910822174,teste
2024-11-27,5.8291,0.0051771256232573,teste
2024-11-28,5.9871,0.0267445401423511,teste
2024-11-29,6.0535,0.0110294625057456,teste
2024-12-02,6.0634,0.0016340816880446,teste
2024-12-03,6.0707,0.0012032208207792,teste
2024-12-04,6.0581,-0.0020777001076248,teste
2024-12-05,5.9849,-0.0121565891342689,teste
2024-12-06,6.0293,0.0073912873324883,teste
2024-12-09,6.057,0.0045837102337338,teste
2024-12-10,6.0529,-0.0006771319592493,teste
2024-12-11,6.032,-0.0034588653339058,teste
2024-12-12,5.9408,-0.0152348262649764,teste
2024-12-13,6.04,0.0165602075060449,teste
2024-12-16,6.0509,0.0018030093628844,teste
2024-12-17,6.1685,0.0192486752197742,teste
2024-12-18,6.1624,-0.0009893844727633,teste
2024-12-19,6.1841,0.0035151698610165,teste
2024-12-20,6.078,-0.017305787423034,teste
2024-12-23,6.1612,0.013595869273564,teste
2024-12-24,6.1541,-0.0011530374065784,teste
2024-12-26,6.1656,0.0018669291200594,teste
2024-12-27,6.1991,0.005418664742157,teste
2024-12-30,6.1923,-0.0010975354976188,teste
2024-12-31,6.1923,0.0,teste
2025-01-02,6.2086,0.0026288429690084,teste
2025-01-03,6.1563,-0.0084594799625019,teste
2025-01-06,6.1119,-0.0072382572588629,teste
2025-01-07,6.0741,-0.0062038603703851,teste
2025-01-08,6.1321,0.0095034386661725,teste
2025-01-09,6.0896,-0.0069548706499222,teste
2025-01-10,6.0965,0.0011324378984889,teste
2025-01-13,6.1079,0.0018681792329962,teste
2025-01-14,6.0671,-0.0067022838160089,teste
2025-01-15,6.0377,-0.0048575867111462,teste
2025-01-16,6.0322,-0.0009113580693593,teste
2025-01-17,6.0609,0.0047465172508054,teste
2025-01-20,6.0498,-0.0018330902603818,teste
2025-01-21,6.044,-0.0009591692345944,teste
2025-01-22,5.9674,-0.0127547227561648,teste
2025-01-23,5.9399,-0.0046190234383203,teste
2025-01-24,5.8925,-0.0080119423878588,teste
2025-01-27,5.9272,0.005871570292161,teste
2025-01-28,5.893,-0.0057867202645338,teste
2025-01-29,5.8596,-0.0056838639822982,teste
2025-01-30,5.9006,0.0069726987828726,teste
2025-01-31,5.8301,-0.0120198877823927,teste
2025-02-03,5.8687,0.0065989913623747,teste
2025-02-04,5.7927,-0.013034640101867,teste
2025-02-05,5.7997,0.0012076879422375,teste
2025-02-06,5.7856,-0.0024341203010376,teste
2025-02-07,5.7557,-0.0051814036362636,teste
2025-02-10,5.7808,0.0043514132718367,teste
2025-02-11,5.7788,-0.0003460327381494,teste
2025-02-12,5.7711,-0.0013333450749808,teste
2025-02-13,5.7788,0.0013333450749808,teste
2025-02-14,5.7283,-0.0087772460845545,teste
2025-02-17,5.7105,-0.0031122170800099,teste
2025-02-18,5.6979,-0.0022088996043616,teste
2025-02-19,5.7087,0.0018936410897707,teste
2025-02-20,5.7019,-0.0011918743633088,teste
2025-02-21,5.7027,0.0001402942674555,teste
2025-02-24,5.7258,0.0040425307710454,teste
2025-02-25,5.7779,0.0090580171984964,teste
2025-02-26,5.7757,-0.0003808336841486,teste
2025-02-27,5.8228,0.008121784524895,teste
2025-02-28,5.8488,0.0044552662886001,teste
2025-03-05,5.7914,-0.0098624534397093,teste
2025-03-06,5.7489,-0.0073655263968375,teste
2025-03-07,5.7688,0.0034555544599905,teste
2025-03-10,5.793,0.0041862054940744,teste
2025-03-11,5.8346,0.0071554194319165,teste
2025-03-12,5.8268,-0.0013377469537478,teste
2025-03-13,5.8131,-0.0023539732001462,teste
2025-03-14,5.7419,-0.0123238253799462,teste
2025-03-17,5.7082,-0.005886428469412,teste
2025-03-18,5.6852,-0.0040374306604316,teste
2025-03-19,5.6657,-0.0034358542817352,teste
2025-03-20,5.6628,-0.0005119830627793,teste
2025-03-21,5.7241,0.0107668623038845,teste
2025-03-24,5.7403,0.0028261419319903,teste
2025-03-25,5.6992,-0.0071856596608745,teste
2025-03-26,5.7298,0.0053548119903219,teste
2025-03-27,5.7474,0.0030669525312365,teste
2025-03-28,5.766,0.0032310205814465,teste
2025-03-31,5.7422,-0.0041361870546119,teste
2025-04-01,5.7051,-0.0064819005173955,teste
2025-04-02,5.6923,-0.0022461272538343,teste
2025-04-03,5.6067,-0.0151520732281391,teste
2025-04-04,5.7777,0.0300433684539096,teste
2025-04-07,5.8877,0.0188597494254285,teste
2025-04-08,5.9368,0.0083048386322188,teste
2025-04-09,6.0605,0.020622037254643,teste
2025-04-10,5.9115,-0.0248926986073987,teste
2025-04-11,5.8737,-0.0064148473718308,teste
2025-04-14,5.8425,-0.005325971518324,teste
2025-04-15,5.8707,0.0048150897252565,teste
2025-04-16,5.8808,0.001718929921608,teste
2025-04-17,5.8559,-0.0042431070672674,teste
2025-04-22,5.7496,-0.0183194128383774,teste
2025-04-23,5.688,-0.0107715946711559,teste
2025-04-24,5.6738,-0.0024996052374619,teste
2025-04-25,5.6846,0.0019016768655333,teste
2025-04-28,5.6681,-0.0029067995486602,teste
2025-04-29,5.6467,-0.0037826608542546,teste
2025-04-30,5.6608,0.0024939212572328,teste
2025-05-02,5.6394,-0.0037875481111553,teste
2025-05-05,5.652,0.0022317879501072,teste
2025-05-06,5.721,0.0121341504641105,teste
2025-05-07,5.7375,0.0028799601002718,teste
2025-05-08,5.686,-0.0090165621578552,teste
2025-05-09,5.6511,-0.006156796754662,teste
2025-05-12,5.6822,0.0054882652120202,teste
2025-05-13,5.6262,-0.0099042230146688,teste
2025-05-14,5.61,-0.0028835391368924,teste
2025-05-15,5.6328,0.0040559346881812,teste
2025-05-16,5.6925,0.0105428647329712,teste
2025-05-19,5.6591,-0.0058846499848985,teste
2025-05-20,5.662,0.0005123177188488,teste
2025-05-21,5.6571,-0.0008657932708582,teste
2025-05-22,5.639,-0.0032046485938044,teste
2025-05-23,5.6932,0.0095657353892879,teste
2025-05-26,5.6619,-0.0055129552842667,teste
2025-05-27,5.6539,-0.0014139524086393,teste
2025-05-28,5.6936,0.0069971644814974,teste
2025-05-29,5.6559,-0.0066434889044144,teste
2025-05-30,5.7087,0.0092920788954238,teste
2025-06-02,5.6937,-0.0026310265650872,teste
2025-06-03,5.6694,-0.0042770083943481,teste
2025-06-04,5.6332,-0.00640562769274,teste
2025-06-05,5.5969,-0.0064647913064586,teste
2025-06-06,5.5947,-0.0003931520119264,teste
2025-06-09,5.576,-0.0033480475651506,teste
2025-06-10,5.5557,-0.0036472457042902,teste
2025-06-11,5.539,-0.0030104487029656,teste
2025-06-12,5.5388,-3.610825254485306e-05,teste
2025-06-13,5.5652,0.0047550521871626,teste
2025-06-16,5.5123,-0.0095509640499364,teste
2025-06-17,5.4773,-0.0063696801225388,teste
2025-06-18,5.4879,0.0019333898701159,teste
2025-06-20,5.4957,0.001420299594161,teste
2025-06-23,5.5213,0.0046473715305161,teste
2025-06-24,5.4938,-0.0049931561465463,teste
2025-06-25,5.5427,0.0088615629952111,teste
2025-06-26,5.5145,-0.0051007598925025,teste
2025-06-27,5.4759,-0.0070243410093533,teste
2025-06-30,5.4571,-0.0034391326314746,teste
2025-07-01,5.4511,-0.001100089951614,teste
2025-07-02,5.4512,1.834475294248961e-05,teste
2025-07-03,5.4208,-0.0055923618890214,teste
2025-07-04,5.409,-0.0021791731462537,teste
2025-07-07,5.4552,0.008505049335016,teste
2025-07-08,5.4571,0.0003482308989306,teste
2025-07-09,5.4626,0.0010073537670631,teste
2025-07-10,5.5433,0.0146651243992432,teste
2025-07-11,5.5722,0.0051999577383374,teste
2025-07-14,5.5595,-0.0022817728667137,teste
2025-07-15,5.5576,-0.0003418157646326,teste
2025-07-16,5.5722,0.0026235886313463,teste
2025-07-17,5.5737,0.0002691572702169,teste
2025-07-18,5.5466,-0.0048739788761453,teste
2025-07-21,5.5625,0.0028625200704064,teste
2025-07-22,5.5709,0.0015089732864894,teste
2025-07-23,5.5537,-0.0030922484773443,teste
2025-07-24,5.5239,-0.0053802397423565,teste
2025-07-25,5.5426,0.0033795721860594,teste
2025-07-28,5.5877,0.0081040487373293,teste
2025-07-29,5.5764,-0.0020243465857401,teste
2025-07-30,5.6034,0.0048301494647944,teste
2025-07-31,5.6021,-0.0002320289154134,teste
2025-08-01,5.5436,-0.0104974182336663,teste
2025-08-04,5.5113,-0.0058435792116462,teste
2025-08-05,5.5119,0.0001088613107975,teste
2025-08-06,5.4802,-0.0057677946673482,teste
2025-08-07,5.4638,-0.0029970782668222,teste
2025-08-08,5.4254,-0.0070528889501972,teste
2025-08-11,5.4473,0.0040284436463335,teste
2025-08-12,5.4052,-0.0077586198918335,teste
2025-08-13,5.3928,-0.0022967226247019,teste
2025-08-14,5.4095,0.003091936588399,teste
2025-08-15,5.3928,-0.003091936588399,teste
2025-08-18,5.4155,0.0042004817365626,teste
2025-08-19,5.4716,0.0103058659394974,teste
2025-08-20,5.4726,0.0001827451988785,teste
2025-08-21,5.4828,0.0018620959430584,teste
2025-08-22,5.4392,-0.0079839281449762,teste
2025-08-25,5.4174,-0.0040159956707612,teste
2025-08-26,5.4218,0.0008118680791351,teste
2025-08-27,5.4428,0.0038657706960796,teste
2025-08-28,5.4115,-0.0057673155815021,teste
2025-08-29,5.4264,0.0027496118966685,teste
2025-09-01,5.4378,0.0020986366569213,teste
2025-09-02,5.468,0.0055383515550491,teste
2025-09-03,5.4485,-0.0035725774268993,teste
2025-09-04,5.4587,0.0018703247347435,teste
2025-09-05,5.3968,-0.0114044808442987,teste
2025-09-08,5.4278,0.0057277099847563,teste
2025-09-09,5.4278,0.0,teste
2025-09-10,5.4123,-0.002859754165275,teste
2025-09-11,5.3858,-0.0049082807533589,teste
2025-09-12,5.3677,-0.0033663490199267,teste
2025-09-15,5.3208,-0.0087758433833697,teste
2025-09-16,5.3096,-0.0021071651384962,teste
2025-09-17,5.3011,-0.0016021566566248,teste
2025-09-18,5.301,-1.886418728425099e-05,teste
2025-09-19,5.3276,0.0050053733390693,teste
2025-09-22,5.3457,0.0033916440746031,teste
2025-09-23,5.3063,-0.0073977055358036,teste
2025-09-24,5.3112,0.0009230045392747,teste
2025-09-25,5.3425,0.0058759097883529,teste
2025-09-26,5.3445,0.0003742865206977,teste
2025-09-29,5.3229,-0.004049727116357,teste
2025-09-30,5.3186,-0.0008081567888047,teste
2025-10-01,5.3208,0.000413557161373,teste
2025-10-02,5.3449,0.0045191672400162,teste
2025-10-03,5.3498,0.000916341803486,teste
2025-10-06,5.3226,-0.0050972712591175,teste
2025-10-07,5.3363,0.0025706231495274,teste
2025-10-08,5.3427,0.0011986142459456,teste
2025-10-09,5.3538,0.0020754459840912,teste
2025-10-10,5.4446,0.0168177026427995,teste
2025-10-13,5.4629,0.0033554924905752,teste
2025-10-14,5.4982,0.0064409816603476,teste
2025-10-15,5.4464,-0.0094659259888829,teste
2025-10-16,5.4354,-0.0020217250357033,teste
2025-10-17,5.439,0.0006621055196638,teste
2025-10-20,5.3771,-0.0114460250551415,teste
2025-10-21,5.3848,0.0014309743286842,teste
2025-10-22,5.3898,0.0009281087667125,teste
2025-10-23,5.384,-0.0010766861386521,teste
2025-10-24,5.3797,-0.0007989818052809,teste
2025-10-27,5.3744,-0.0009856706612547,teste
2025-10-28,5.369,-0.0010052684354586,teste
2025-10-29,5.3416,-0.0051164378789105,teste
2025-10-30,5.385,0.00809207704683,teste
2025-10-31,5.3843,-0.000129999164474,teste
2025-11-03,5.3505,-0.0062972969589587,teste
2025-11-04,5.3846,0.0063530129559643,teste
2025-11-05,5.3798,-0.0008918286793768,teste
2025-11-06,5.3451,-0.0064709453856095,teste
2025-11-07,5.3567,0.002167860461411,teste
2025-11-10,5.3181,-0.0072320171315967,teste
2025-11-11,5.2729,-0.0085356008735246,teste
2025-11-12,5.2885,0.002954155953784,teste
2025-11-13,5.282,-0.00122983791103,teste
2025-11-14,5.2952,0.0024959359476355,teste
2025-11-17,5.3108,0.0029417332170338,teste
2025-11-18,5.3361,0.0047525660277945,teste
2025-11-19,5.3346,-0.0002811436943932,teste
2025-11-21,5.3902,0.0103685846108847,teste
2025-11-24,5.3948,0.0008530366766694,teste
2025-11-25,5.3841,-0.0019853609393618,teste
2025-11-26,5.3694,-0.0027339952864731,teste
2025-11-27,5.349,-0.0038065428856173,teste
2025-11-28,5.3338,-0.0028456978053432,teste
2025-12-01,5.3469,0.0024530239720081,teste
2025-12-02,5.3465,-7.481250120378036e-05,teste
2025-12-03,5.3114,-0.0065866872272062,teste
2025-12-04,5.2952,-0.0030547041647919,teste
2025-12-05,5.3405,0.0085185317250369,teste
2025-12-08,5.4249,0.0156801845292935,teste
2025-12-09,5.457,0.0058997221271883,teste
2025-12-10,5.4656,0.001574716967964,teste
2025-12-11,5.4237,-0.0076956657981175,teste
2025-12-12,5.4011,-0.0041756028447914,teste
2025-12-15,5.3929,-0.0015193629011394,teste
2025-12-16,5.4505,0.0106240739582654,teste
2025-12-17,5.5093,0.0107302257657746,teste
2025-12-18,5.5283,0.003442780815908,teste
2025-12-19,5.516,-0.0022273942369033,teste
2025-12-22,5.5389,0.0041429651566144,teste
2025-12-23,5.5643,0.0045752655645732,teste
2025-12-24,5.535,-0.0052796244916428,teste
2025-12-26,5.5413,0.0011375641106463,teste
2025-12-29,5.5739,0.0058658581898314,teste
2025-12-30,5.5024,-0.0129106277652133,teste
2025-12-31,5.5024,0.0,teste
2026-01-02,5.4372,-0.0119201382169089,teste
2026-01-05,5.4351,-0.000386302811018,teste
2026-01-06,5.3797,-0.0102453091307919,teste
2026-01-07,5.388,0.0015416480109717,teste
2026-01-08,5.386,-0.0003712641587103,teste
2026-01-09,5.3707,-0.0028447405464497,teste
2026-01-12,5.376,0.0009863493778909,teste
2026-01-13,5.3764,7.44019940077667e-05,teste
2026-01-14,5.3795,0.0005764278369706,teste
2026-01-15,5.3846,0.0009475943890564,teste
2026-01-16,5.3798,-0.0008918286793768,teste
2026-01-19,5.3653,-0.0026989062552444,teste
2026-01-20,5.379,0.0025501907848435,teste
2026-01-21,5.3368,-0.0078762608779368,teste
2026-01-22,5.3118,-0.0046954615502474,teste
2026-01-23,5.2879,-0.0045095692336476,teste
2026-01-26,5.276,-0.0022529567742055,teste
2026-01-27,5.2392,-0.0069994199333611,teste
2026-01-28,5.1838,-0.0106304368628837,teste
2026-01-29,5.1956,0.0022737354921686,teste
2026-01-30,5.2301,0.0066182848019371,teste
2026-02-02,5.2587,0.0054534495615448,teste
2026-02-03,5.2236,-0.0066970285503584,teste
2026-02-04,5.2359,0.0023519299526482,teste
2026-02-05,5.258,0.0042119769909259,teste
2026-02-06,5.2341,-0.0045558165358605,teste
2026-02-09,5.1943,-0.0076330392466184,teste
2026-02-10,5.2021,0.0015005196921074,teste
2026-02-11,5.1836,-0.0035625946381954,teste
2026-02-12,5.1674,-0.003130134910048,teste
2026-02-13,5.2288,0.0118121455744175,teste
2026-02-18,5.2349,0.0011659356998063,teste
2026-02-19,5.2257,-0.0017589817739096,teste
2026-02-20,5.2006,-0.004814756622915,teste
2026-02-23,5.1635,-0.0071593594171519,teste
2026-02-24,5.1682,0.0009098212925677,teste
2026-02-25,5.144,-0.004693478486571,teste
2026-02-26,5.1382,-0.0011281633532052,teste
2026-02-27,5.1495,0.0021967990016062,teste
2026-03-02,5.2001,0.0097782335879841,teste
2026-03-03,5.287,0.0165731210816095,teste
2026-03-04,5.2091,-0.0148438811318143,teste
2026-03-05,5.2447,0.0068109467601409,teste
2026-03-06,5.2878,0.008184237469893,teste
2026-03-09,5.2139,-0.0140741441572478,teste
2026-03-10,5.1622,-0.0099652909758105,teste
2026-03-11,5.1596,-0.0005037881096303,teste
2026-03-12,5.2051,0.0087798570694037,teste
2026-03-13,5.2541,0.0093698100215975,teste
2026-03-16,5.2647,0.0020154397056884,teste
2026-03-17,5.2022,-0.0119425508668815,teste
2026-03-18,5.2112,0.0017285425011799,teste
2026-03-19,5.2587,0.0090736923746417,teste
2026-03-20,5.28,0.0040422498036964,teste
2026-03-23,5.244,-0.0068415318167167,teste
2026-03-24,5.2599,0.0030274492606017,teste
2026-03-25,5.2275,-0.0061788628414036,teste
2026-03-26,5.2308,0.0006310777295586,teste
2026-03-27,5.2376,0.0012991480945343,teste
2026-03-30,5.2353,-0.0004392288739463,teste
2026-03-31,5.2194,-0.003041696511385,teste
2026-04-01,5.1606,-0.0113296009560612,teste
2026-04-02,5.1655,0.0009490515040111,teste
2026-04-06,5.1532,-0.0023840223721303,teste
2026-04-07,5.1625,0.0018030773519184,teste
2026-04-08,5.0899,-0.0141627742831345,teste
2026-04-09,5.0821,-0.001533622007235,teste
2026-04-10,5.0229,-0.0117171058483112,teste
2026-04-13,5.0244,0.0002985876824905,teste
2026-04-14,4.9806,-0.0087556781240529,teste
2026-04-15,4.9928,0.0024465089307883,teste
2026-04-16,5.0007,0.0015810279973187,teste
2026-04-17,4.9695,-0.0062586712090917,teste
2026-04-20,4.9844,0.0029938036606522,teste
2026-04-22,4.9653,-0.0038393164541081,teste
2026-04-23,4.9539,-0.002298573477552,teste
2026-04-24,5.0083,0.0109213910020546,teste
2026-04-27,4.97,-0.0076766960484326,teste
2026-04-28,4.9878,0.0035750906744229,teste
2026-04-29,4.9985,0.0021429366421379,teste
2026-04-30,4.9886,-0.0019825581485499,teste
2026-05-04,4.9587,-0.0060116996672678,teste
2026-05-05,4.9242,-0.0069817847276965,teste
2026-05-06,4.9274,0.0006496406903533,teste
2026-05-07,4.917,-0.0021128771421348,teste
2026-05-08,4.8999,-0.0034837916847361,teste
2026-05-11,4.8973,-0.0005307639041842,teste
2026-05-12,4.8977,8.167432368000327e-05,teste
2026-05-13,4.9118,0.0028747662389578,teste
2026-05-14,4.9809,0.0139701241961933,teste
2026-05-15,5.0654,0.0168225103291985,teste
2026-05-18,5.0093,-0.0111369231528473,teste
2026-05-19,5.0378,0.0056732940733823,teste
2026-05-20,5.0301,-0.001529614219712,teste
2026-05-21,5.0077,-0.0044631367796175,teste
2026-05-22,5.014,0.0012572718859844,teste
2026-05-25,5.0072,-0.0013571231077469,teste
2026-05-26,5.0211,0.00277215657721,teste
2026-05-27,5.0579,0.0073023441864263,teste
2026-05-28,5.0517,-0.0012265570897551,teste
2026-05-29,5.0569,0.0010288270301872,teste
2026-06-01,5.0303,-0.0052740228521801,teste
2026-06-02,5.016,-0.0028468211496235,teste
2026-06-03,5.0415,0.0050708535205132,teste
2026-06-05,5.1244,0.0163097881490086,teste
2026-06-08,5.1695,0.0087625270444691,teste
2026-06-09,5.1693,-3.868920958427502e-05,teste
2026-06-10,5.1763,0.0013532324984966,teste
2026-06-11,5.1478,-0.005521076393175,teste
2026-06-12,5.0827,-0.0127268224809706,teste
2026-06-15,5.043,-0.0078414733647891,teste
2026-06-16,5.078,0.0069163401878984,teste
2026-06-17,5.0641,-0.0027410514001986,teste
2026-06-18,5.1613,0.0190120538646347,teste
2026-06-19,5.1442,-0.0033186193185883,teste
2026-06-22,5.1395,-0.0009140679574948,teste
2026-06-23,5.1743,0.0067482658308801,teste
2026-06-24,5.2098,0.0068374030107978,teste
2026-06-25,5.1892,-0.0039619245977973,teste
2026-06-26,5.1695,-0.0038035706701096,teste
2026-06-29,5.1717,0.0004254825422949,teste
2026-06-30,5.1766,0.0009470155225899,teste
2026-07-01,5.195,0.0035481544416953,teste
2026-07-02,5.1945,-9.625102274157804e-05,teste
2026-07-03,5.1717,-0.0043989189415436,teste
2026-07-06,5.167,-0.000909205281858,teste
2026-07-07,5.1458,-0.0041114013387353,teste
2026-07-08,5.1552,0.0018250660342058,teste
2026-07-09,5.1329,-0.0043351123966557,teste
2026-07-10,5.1088,-0.004706258625482,teste
2026-07-13,5.1183,0.0018578096884558,teste
2026-07-14,5.0742,-0.0086534756327416,teste
2026-07-15,5.0727,-0.0002956568037384,teste
2026-07-16,5.0975,0.0048770032361171,teste
2026-07-17,5.1176,0.0039353556873176,teste
2026-07-20,5.0894,-0.0055256337320739,teste
2026-07-21,5.078,-0.0022424621392302,teste
2026-07-22,5.0638,-0.0028002936913129,teste
2026-07-23,5.0807,0.0033318577819105,teste
2026-07-24,5.0666,-0.0027790661702657,teste
2026-07-27,5.1005,0.006668592937618,teste
2026-07-28,5.1177,0.0033665452320099,teste
2026-07-29,5.1217,0.0007812958187929,teste
2026-07-30,5.0739,-0.0093766625252704,teste
2026-07-31,5.0773,0.0006698715673298,teste
2026-08-03,5.0723,-0.0009852605825793,teste
2026-08-04,5.1053,0.0064848521550293,teste
2026-08-05,5.1154,0.0019763819087972,teste
2026-08-06,5.1017,-0.0026817801941456,teste
2026-08-07,5.0908,-0.0021388283846455,teste
2026-08-10,5.0963,0.0010797971030813,teste
2026-08-11,5.1285,0.0062984325264923,teste
2026-08-12,5.1639,0.0068788891981041,teste
2026-08-13,5.1859,0.0042512962829768,teste
2026-08-14,5.2236,0.0072434151177056,teste
2026-08-17,5.2014,-0.0042589992436026,teste
2026-08-18,5.2043,0.0005573868312716,teste
2026-08-19,5.1714,-0.0063417620525128,teste
2026-08-20,5.1862,0.0028578068418758,teste
2026-08-21,5.1625,-0.0045802934539962,teste
2026-08-24,5.1512,-0.0021912610453143,teste
2026-08-25,5.149,-0.0004271761778325,teste
2026-08-26,5.1604,0.0022115748048401,teste
2026-08-27,5.1642,0.0007361060325024,teste
2026-08-28,5.2005,0.0070045729097039,teste
2026-08-31,5.1816,-0.0036408859244803,teste
2026-09-01,5.157,-0.0047588738177484,teste
2026-09-02,5.1273,-0.0057758102283897,teste
2026-09-03,5.0962,-0.0060840408728746,teste
