data,cotacao,log_retorno
2010-01-04,1.724,
2010-01-05,1.7227,-0.0007543447713149742
2010-01-06,1.7337,0.006365025539518565
2010-01-07,1.7413,0.004374107693495
2010-01-08,1.739,-0.0013217253310539023
2010-01-11,1.7323,-0.00386023006938796
2010-01-12,1.7439,0.006673979090519366
2010-01-13,1.7442,0.00017201341747064003
2010-01-14,1.7648,0.01174137170635281
2010-01-15,1.7711,0.003563452963348479
2010-01-18,1.7721,0.000564461518712811
2010-01-19,1.7747,0.0014661105592198576
2010-01-20,1.7854,0.006011085204742583
2010-01-21,1.7903,0.002740723811965662
2010-01-22,1.8187,0.01573875657574486
2010-01-25,1.8194,0.00038481625498920646
2010-01-26,1.8367,0.009463706746527856
2010-01-27,1.8513,0.007917611860641549
2010-01-28,1.856,0.002535539351015137
2010-01-29,1.8748,0.010078352702405091
2010-02-01,1.8773,0.0013325872817653295
2010-02-02,1.8363,-0.022081896805182577
2010-02-03,1.8337,-0.0014168939700148764
2010-02-04,1.8715,0.02040446478936464
2010-02-05,1.8753,0.002028398261392783
2010-02-08,1.873,-0.001227223161787916
2010-02-09,1.855,-0.009656727402552967
2010-02-10,1.8483,-0.003618398352900787
2010-02-11,1.8516,0.0017838324684806839
2010-02-12,1.867,0.008282734384607249
2010-02-17,1.8313,-0.019306767394819735
2010-02-18,1.8266,-0.0025697818893243296
2010-02-19,1.8116,-0.008245882575519725
2010-02-22,1.8046,-0.0038714721216585035
2010-02-23,1.8186,0.007728013731412076
2010-02-24,1.8203,0.0009343483600406932
2010-02-25,1.8364,0.008805810723213847
2010-02-26,1.811,-0.013927954491653627
2010-03-01,1.8,-0.006092513999157223
2010-03-02,1.7851,-0.008312228830749668
2010-03-03,1.7846,-0.0002801355874554323
2010-03-04,1.7888,0.0023507034947289895
2010-03-05,1.7824,-0.0035842332278150923
2010-03-08,1.7826,0.0001122019636520255
2010-03-09,1.7899,0.004086779655837369
2010-03-10,1.7716,-0.01027665930341115
2010-03-11,1.7693,-0.0012991049300860036
2010-03-12,1.7637,-0.003170113042638145
2010-03-15,1.7644,0.0003968141544656856
2010-03-16,1.7666,0.0012461060802471113
2010-03-17,1.764,-0.0014728377442951857
2010-03-18,1.7848,0.011722406551586073
2010-03-19,1.7954,0.0059214742042654755
2010-03-22,1.803,0.004224105880729079
2010-03-23,1.7813,-0.012108509404877954
2010-03-24,1.7904,0.005095623759221457
2010-03-25,1.8008,0.005791952034861714
2010-03-26,1.8231,0.01230733821689678
2010-03-29,1.8064,-0.009202434414021687
2010-03-30,1.7952,-0.00621947806702039
2010-03-31,1.781,-0.007941432038715557
2010-04-01,1.7701,-0.00613896214255083
2010-04-05,1.7573,-0.007257501946310252
2010-04-06,1.7605,0.0018193193943066843
2010-04-07,1.7662,0.0032324864395946173
2010-04-08,1.7806,0.008120040104868997
2010-04-09,1.773,-0.004277359065362973
2010-04-12,1.7608,-0.006904775861956036
2010-04-13,1.7584,-0.0013639465628949576
2010-04-14,1.7446,-0.007879001650238693
2010-04-15,1.7483,0.0021185842044850745
2010-04-16,1.7558,0.004280706288505187
2010-04-19,1.7588,0.00170716481454658
2010-04-20,1.7497,-0.005187413656080886
2010-04-22,1.7626,0.007345647014985968
2010-04-23,1.7624,-0.00011347517742676949
2010-04-26,1.7446,-0.010151213489015154
2010-04-27,1.7592,0.008333857241433318
2010-04-28,1.7558,-0.0019345667484430562
2010-04-29,1.7321,-0.01359004831587396
2010-04-30,1.7306,-0.0008663760035960699
2010-05-03,1.7315,0.0005199156698383334
2010-05-04,1.7557,0.013879552932686168
2010-05-05,1.7862,0.017222820474622758
2010-05-06,1.8353,0.027117497614640662
2010-05-07,1.8343,-0.0005450185441212563
2010-05-10,1.7833,-0.02819735686183744
2010-05-11,1.7843,0.0005606009789154154
2010-05-12,1.7723,-0.006748043376289092
2010-05-13,1.7737,0.000789622150446756
2010-05-14,1.7967,0.012883888726985648
2010-05-17,1.8045,0.004331896144316949
2010-05-18,1.7921,-0.006895428533500336
2010-05-19,1.8366,0.02452791963007883
2010-05-20,1.8677,0.016791691140139453
2010-05-21,1.871,0.0017653199545283327
2010-05-24,1.8522,-0.01009892553792091
2010-05-25,1.8811,0.015482590362806192
2010-05-26,1.8461,-0.018781406322451066
2010-05-27,1.8328,-0.007230453637238066
2010-05-28,1.8229,-0.00541621260040992
2010-05-31,1.8167,-0.0034069710941764253
2010-06-01,1.8255,0.004832253650992158
2010-06-02,1.8362,0.005844296613908173
2010-06-04,1.8401,0.0021216992427289805
2010-06-07,1.8634,0.012582858063995839
2010-06-08,1.8658,0.0012871395105360506
2010-06-09,1.8423,-0.012675124523397363
2010-06-10,1.8185,-0.01300280557641953
2010-06-11,1.8125,-0.0033048776982138595
2010-06-14,1.803,-0.005255163525512585
2010-06-15,1.7971,-0.0032776896653408105
2010-06-16,1.7893,-0.004349772640160343
2010-06-17,1.7817,-0.004256517207891886
2010-06-18,1.7761,-0.003148015416643113
2010-06-21,1.7663,-0.005532986111883353
2010-06-22,1.768,0.0009620010361910403
2010-06-23,1.7908,0.012813483169221707
2010-06-24,1.7907,-5.58425240966276e-05
2010-06-25,1.7781,-0.007061226380811636
2010-06-28,1.7826,0.002527594234714714
2010-06-29,1.8076,0.013927025840507756
2010-06-30,1.8015,-0.003380347348976742
2010-07-01,1.8006,-0.0004997085137715684
2010-07-02,1.7785,-0.012349630285866553
2010-07-05,1.7755,-0.001688239005367187
2010-07-06,1.7665,-0.005081885583942736
2010-07-07,1.7719,0.003052229364823744
2010-07-08,1.7652,-0.003788418768631452
2010-07-09,1.7572,-0.004542365293767614
2010-07-12,1.7644,0.004089056129160107
2010-07-13,1.7525,-0.006767349322039595
2010-07-14,1.7657,0.007503872400007494
2010-07-15,1.769,0.00186720285103259
2010-07-16,1.7792,0.005749409896477986
2010-07-19,1.7854,0.0034786546889985503
2010-07-20,1.78,-0.003029115459130871
2010-07-21,1.7766,-0.001911938950530323
2010-07-22,1.7629,-0.0077412450439028335
2010-07-23,1.7617,-0.0006809283586031167
2010-07-26,1.7669,0.0029473466895098
2010-07-27,1.7658,-0.0006227531551222798
2010-07-28,1.765,-0.00045315510008503423
2010-07-29,1.7643,-0.0003966792333770508
2010-07-30,1.7572,-0.004032378032395423
2010-08-02,1.7489,-0.00473461424647903
2010-08-03,1.7594,0.005985822963428644
2010-08-04,1.7563,-0.0017635183908842889
2010-08-05,1.7535,-0.0015955328474570596
2010-08-06,1.7566,0.0017663319027841906
2010-08-09,1.7537,-0.0016522808077701345
2010-08-10,1.7576,0.0022214003951536165
2010-08-11,1.7663,0.004937721090997216
2010-08-12,1.7731,0.003842463901545079
2010-08-13,1.7716,-0.0008463340138996633
2010-08-16,1.7639,-0.004355826431611698
2010-08-17,1.7528,-0.006312757336174757
2010-08-18,1.7513,-0.0008561400026378951
2010-08-19,1.7584,0.004045935370738052
2010-08-20,1.7597,0.0007390353083590595
2010-08-23,1.7587,-0.000568440215397481
2010-08-24,1.7727,0.0079289082774201
2010-08-25,1.7668,-0.0033338072973672084
2010-08-26,1.7596,-0.0040834902478066315
2010-08-27,1.7544,-0.002959592370886277
2010-08-30,1.7591,0.0026753965011814262
2010-08-31,1.756,-0.0017638194097978621
2010-09-01,1.7441,-0.006799831920439203
2010-09-02,1.7367,-0.004251902521554163
2010-09-03,1.7281,-0.004964221693122606
2010-09-06,1.7259,-0.0012738855225885581
2010-09-08,1.7231,-0.0016236593883035555
2010-09-09,1.7238,0.0004061620642449304
2010-09-10,1.7186,-0.00302115033417627
2010-09-13,1.7174,-0.0006984866407381274
2010-09-14,1.7076,-0.005722643354577395
2010-09-15,1.7169,0.005431463199359277
2010-09-16,1.7184,0.0008732862313791667
2010-09-17,1.7166,-0.0010480350304259423
2010-09-20,1.7216,0.002908500683345805
2010-09-21,1.7255,0.0022627725705928192
2010-09-22,1.7184,-0.004123238223512682
2010-09-23,1.7194,0.0005817674257982963
2010-09-24,1.712,-0.00431311503865639
2010-09-27,1.71,-0.0011689072049818616
2010-09-28,1.7093,-0.0004094405344831076
2010-09-29,1.7053,-0.0023428816433538335
2010-09-30,1.6942,-0.006530395321418081
2010-10-01,1.6812,-0.0077028288664888755
2010-10-04,1.6882,0.004155048418657881
2010-10-05,1.6808,-0.004393002018828751
2010-10-06,1.6758,-0.002979207351604729
2010-10-07,1.6777,0.0011331445971687337
2010-10-08,1.6804,0.001608052518872194
2010-10-11,1.6648,-0.0093268642158022
2010-10-13,1.6554,-0.005662324628129323
2010-10-14,1.6596,0.0025339380074174134
2010-10-15,1.6604,0.0004819277201708605
2010-10-18,1.6686,0.004926414289090464
2010-10-19,1.6868,0.010848291404430666
2010-10-20,1.6735,-0.007916001221023539
2010-10-21,1.6897,0.009633756715222708
2010-10-22,1.6997,0.005900766516701794
2010-10-25,1.7026,0.0017047295666507978
2010-10-26,1.7045,0.0011153181280011415
2010-10-27,1.7077,0.0018756233152356083
2010-10-28,1.7112,0.002047442875002581
2010-10-29,1.7014,-0.005743437226411907
2010-11-01,1.7044,0.0017617010839728886
2010-11-03,1.6937,-0.006297657728681294
2010-11-04,1.6819,-0.006991378163688444
2010-11-05,1.6801,-0.001070791298030449
2010-11-08,1.697,0.01000867079886969
2010-11-09,1.697,0.0
2010-11-10,1.707,0.005875457560214237
2010-11-11,1.7178,0.0063069585376837045
2010-11-12,1.7198,0.0011636026446717462
2010-11-16,1.7295,0.005624344400427361
2010-11-17,1.7298,0.00017344549518805152
2010-11-18,1.7143,-0.00900096085897617
2010-11-19,1.7189,0.002679717320675956
2010-11-22,1.7235,0.00267255562280877
2010-11-23,1.7336,0.005843064265229292
2010-11-24,1.7247,-0.005147048924794451
2010-11-25,1.7206,-0.002380055110107193
2010-11-26,1.7298,0.005332727685163796
2010-11-29,1.7271,-0.0015620935225378885
2010-11-30,1.7161,-0.006389426941616261
2010-12-01,1.7052,-0.006371868517202062
2010-12-02,1.7029,-0.0013497258584962424
2010-12-03,1.6917,-0.00659873955131296
2010-12-06,1.6836,-0.004799582584830486
2010-12-07,1.6739,-0.005778124787841343
2010-12-08,1.6892,0.009098810951214231
2010-12-09,1.7024,0.00778397608753667
2010-12-10,1.7117,0.005448008554293393
2010-12-13,1.7027,-0.005271802275020221
2010-12-14,1.6949,-0.004591484402589607
2010-12-15,1.6988,0.002298377415107411
2010-12-16,1.7028,0.002351835514881162
2010-12-17,1.7098,0.0041024496381359965
2010-12-20,1.7082,-0.0009362200800864251
2010-12-21,1.6974,-0.0063425159764703976
2010-12-22,1.6946,-0.0016509437712126651
2010-12-23,1.6984,0.0022399066246824306
2010-12-24,1.6903,-0.004780603432914199
2010-12-27,1.6922,0.001123429534268472
2010-12-28,1.6866,-0.003314789349859293
2010-12-29,1.6788,-0.00463541568110537
2010-12-30,1.6662,-0.007533667918627085
2010-12-31,1.6662,0.0
2011-01-03,1.651,-0.009164419620680708
2011-01-04,1.6556,0.0027823159544492215
2011-01-05,1.6713,0.009438285820302261
2011-01-06,1.6857,0.008579141091382692
2011-01-07,1.6861,0.00023726199767271083
2011-01-10,1.6912,0.0030201663320382766
2011-01-11,1.6887,-0.0014793339778825798
2011-01-12,1.6773,-0.006773644437381265
2011-01-13,1.6701,-0.004301852843137666
2011-01-14,1.6843,0.00846654234676858
2011-01-17,1.6818,-0.0014853988055427703
2011-01-18,1.6745,-0.004350035164538135
2011-01-19,1.6714,-0.001853014666923558
2011-01-20,1.6715,5.982829281747648e-05
2011-01-21,1.6723,0.00047849752692374903
2011-01-24,1.6731,0.00047826867654066074
2011-01-25,1.6745,0.0008364201706416718
2011-01-26,1.6692,-0.0031701435168618453
2011-01-27,1.672,0.001676044927249376
2011-01-28,1.6782,0.0037012757913220673
2011-01-31,1.6734,-0.0028643055744707047
2011-02-01,1.6631,-0.006174154185404013
2011-02-02,1.6671,0.002402259277891061
2011-02-03,1.6697,0.0015583796009260853
2011-02-04,1.6738,0.002452521043862288
2011-02-07,1.6776,0.0022677099889364394
2011-02-08,1.6711,-0.003882108378373217
2011-02-09,1.6643,-0.004077477616656222
2011-02-10,1.668,0.0022206893260112714
2011-02-11,1.6679,-5.995383556456346e-05
2011-02-14,1.6681,0.00011990407688233784
2011-02-15,1.6682,5.9946647501640804e-05
2011-02-16,1.6704,0.0013179178808082614
2011-02-17,1.6661,-0.0025775527532966303
2011-02-18,1.6677,0.0009598656925103866
2011-02-21,1.6667,-0.0005998080794029637
2011-02-22,1.6694,0.001618656868505819
2011-02-23,1.672,0.0015562342280106556
2011-02-24,1.6649,-0.0042554530938403445
2011-02-25,1.6625,-0.0014425680207973413
2011-02-28,1.6612,-0.0007822607734107034
2011-03-01,1.6627,0.0009025542897352912
2011-03-02,1.661,-0.0010229564330389573
2011-03-03,1.6545,-0.003920982251627958
2011-03-04,1.6462,-0.0050292468231232235
2011-03-09,1.6559,0.005875066109894855
2011-03-10,1.6612,0.0031955651081599923
2011-03-11,1.6649,0.0022248287942080447
2011-03-14,1.6631,-0.0010817308747123056
2011-03-15,1.6692,0.003661139041303274
2011-03-16,1.6674,-0.001078942740884492
2011-03-17,1.6757,0.004965461430165408
2011-03-18,1.672,-0.0022104737620315396
2011-03-21,1.6652,-0.004075278323826481
2011-03-22,1.6638,-0.0008410934710331164
2011-03-23,1.6602,-0.0021660658288521484
2011-03-24,1.6593,-0.0005422503521931299
2011-03-25,1.6581,-0.0007234581614151692
2011-03-28,1.6614,0.0019882518976442887
2011-03-29,1.6546,-0.004101332648888567
2011-03-30,1.636,-0.011305049593390293
2011-03-31,1.6287,-0.004472087583177187
2011-04-01,1.6194,-0.005726440327501192
2011-04-04,1.611,-0.005200606075039527
2011-04-05,1.6087,-0.0014287047807121644
2011-04-06,1.6097,0.0006214268159214775
2011-04-07,1.5927,-0.010617136954448214
2011-04-08,1.5762,-0.010413802338186284
2011-04-11,1.5805,0.0027243657361232243
2011-04-12,1.587,0.0041041888707366025
2011-04-13,1.5864,-0.0003781433208228102
2011-04-14,1.5842,-0.0013877501754068766
2011-04-15,1.5776,-0.004174843181808441
2011-04-18,1.5912,0.008583743691391477
2011-04-19,1.5792,-0.007570058860545292
2011-04-20,1.5722,-0.0044424773195609335
2011-04-25,1.572,-0.00012721837050427842
2011-04-26,1.5654,-0.0042073116184142
2011-04-27,1.5705,0.0032526576079635605
2011-04-28,1.5853,0.009379623870480802
2011-04-29,1.5733,-0.0075983396028044825
2011-05-02,1.5747,0.0008894536799862185
2011-05-03,1.589,0.009040109610352176
2011-05-04,1.603,0.008771986072836968
2011-05-05,1.6219,0.011721427884090863
2011-05-06,1.6111,-0.006681125996702897
2011-05-09,1.6199,0.005447243429151316
2011-05-10,1.6069,-0.00805756187838469
2011-05-11,1.6178,0.006760344536144658
2011-05-12,1.6207,0.0017909530802217577
2011-05-13,1.6328,0.0074381778315611435
2011-05-16,1.6317,-0.0006739163986103636
2011-05-17,1.629,-0.0016560864949795584
2011-05-18,1.6166,-0.007641151302301141
2011-05-19,1.6165,-6.186013425618642e-05
2011-05-20,1.6169,0.00024741758028107297
2011-05-23,1.6339,0.010459059291008876
2011-05-24,1.6256,-0.005092816652615073
2011-05-25,1.6297,0.002518970397780318
2011-05-26,1.6196,-0.006216743623936982
2011-05-27,1.6038,-0.009803391785077775
2011-05-30,1.5958,-0.00500063549874763
2011-05-31,1.5799,-0.010013623995377252
2011-06-01,1.5878,0.0049878564122097235
2011-06-02,1.5805,-0.004608157635340671
2011-06-03,1.5744,-0.0038670053576834174
2011-06-06,1.581,0.004183310911482996
2011-06-07,1.5764,-0.002913791888623396
2011-06-08,1.582,0.0035461030067506227
2011-06-09,1.5877,0.003596558755866508
2011-06-10,1.5938,0.0038346738801821045
2011-06-13,1.5888,-0.003142087672739713
2011-06-14,1.5821,-0.004225935835889871
2011-06-15,1.596,0.008747420554735874
2011-06-16,1.6108,0.00923045096754499
2011-06-17,1.5979,-0.008040682831956247
2011-06-20,1.5969,-0.0006260172985215195
2011-06-21,1.591,-0.0037015005090345054
2011-06-22,1.5877,-0.002076321254321112
2011-06-24,1.5988,0.006966919753702727
2011-06-27,1.5969,-0.00118909799034711
2011-06-28,1.5833,-0.00855297333943289
2011-06-29,1.573,-0.006526652449110659
2011-06-30,1.5611,-0.007593923095656929
2011-07-01,1.5599,-0.0007689843377978733
2011-07-04,1.558,-0.0012187691941293877
2011-07-05,1.5637,0.0036518604187710246
2011-07-06,1.5662,0.0015974954673727004
2011-07-07,1.5581,-0.005185173093528395
2011-07-08,1.5634,0.0033958065629210443
2011-07-11,1.5796,0.010308713626264288
2011-07-12,1.5773,-0.0014571259190659935
2011-07-13,1.5762,-0.0006976375738790841
2011-07-14,1.5729,-0.002095837672952461
2011-07-15,1.5743,0.0008896797739865736
2011-07-18,1.5828,0.0053847014906858726
2011-07-19,1.5691,-0.008693223946246664
2011-07-20,1.5651,-0.002552486868565851
2011-07-21,1.5567,-0.005381523654653053
2011-07-22,1.5547,-0.001285595086108593
2011-07-25,1.5449,-0.0063234176376910645
2011-07-26,1.5345,-0.006754588258213123
2011-07-27,1.5639,0.018978106382379123
2011-07-28,1.5651,0.000767018254286711
2011-07-29,1.5563,-0.005638510485492354
2011-08-01,1.5551,-0.0007713569836724776
2011-08-02,1.5656,0.006729284854574691
2011-08-03,1.5651,-0.0003194173854098592
2011-08-04,1.5752,0.0064325286284590555
2011-08-05,1.5895,0.009037253025941605
2011-08-08,1.5999,0.006521625923808949
2011-08-09,1.6334,0.02072260464950898
2011-08-10,1.6183,-0.00928751640133546
2011-08-11,1.6306,0.007571829705970645
2011-08-12,1.6157,-0.009179745946025664
2011-08-15,1.5956,-0.012518458251533304
2011-08-16,1.5918,-0.0023843896595024394
2011-08-17,1.583,-0.005543670490736896
2011-08-18,1.6062,0.01454935987334971
2011-08-19,1.596,-0.006370641744607719
2011-08-22,1.6009,0.0030654720742946395
2011-08-23,1.6036,0.0016851306843030378
2011-08-24,1.6039,0.00018706157498055154
2011-08-25,1.6154,0.007144440664863527
2011-08-26,1.6114,-0.002479237665100331
2011-08-29,1.5974,-0.00872605885980704
2011-08-30,1.5904,-0.004391750580978904
2011-08-31,1.5872,-0.002014099371701328
2011-09-01,1.604,0.010529051895851571
2011-09-02,1.6343,0.01871406867255243
2011-09-05,1.6522,0.010893155029392532
2011-09-06,1.6583,0.0036852480916482744
2011-09-08,1.6566,-0.0010256720558893262
2011-09-09,1.6774,0.012477666386147335
2011-09-12,1.6899,0.007424380018466792
2011-09-13,1.7127,0.013401717069545183
2011-09-14,1.7288,0.009356453554353106
2011-09-15,1.7106,-0.010583340045994927
2011-09-16,1.7122,0.0009349071617039684
2011-09-19,1.7763,0.036753455897454934
2011-09-20,1.787,0.00600568695358783
2011-09-21,1.828,0.02268423685466736
2011-09-22,1.9016,0.03947316403188883
2011-09-23,1.8735,-0.014887297812242184
2011-09-26,1.8445,-0.015600101197011718
2011-09-27,1.8008,-0.023977227444207827
2011-09-28,1.8131,0.006807076839240533
2011-09-29,1.8291,0.008785955150117042
2011-09-30,1.8544,0.013737151003607284
2011-10-03,1.8811,0.014295518513487537
2011-10-04,1.8856,0.002389360522946471
2011-10-05,1.8456,-0.02144164476237742
2011-10-06,1.8116,-0.018593995177485056
2011-10-07,1.7666,-0.02515363737102705
2011-10-10,1.7478,-0.010698941117587846
2011-10-11,1.7658,0.010245991274038135
2011-10-13,1.7536,-0.006933027713785678
2011-10-14,1.7376,-0.009165967014080123
2011-10-17,1.7488,0.006424987682657757
2011-10-18,1.7724,0.013404721903060413
2011-10-19,1.7604,-0.006793504388398097
2011-10-20,1.7826,0.012531916759680573
2011-10-21,1.7803,-0.0012910832857999655
2011-10-24,1.7768,-0.001967895830599309
2011-10-25,1.7548,-0.012459103288158802
2011-10-26,1.7606,0.0032997697347468824
2011-10-27,1.7323,-0.016204654741910574
2011-10-28,1.6986,-0.019645622938986196
2011-10-31,1.6885,-0.005963821520286627
2011-11-01,1.7506,0.036118025472715254
2011-11-03,1.727,-0.013572787151658994
2011-11-04,1.7415,0.008361011659377304
2011-11-07,1.7503,0.005040390990733945
2011-11-08,1.7453,-0.0028607411659988813
2011-11-09,1.7516,0.003603195296452366
2011-11-10,1.761,0.005352173568962781
2011-11-11,1.7547,-0.0035839273791163917
2011-11-14,1.7649,0.005796129421430152
2011-11-16,1.7772,0.006945060523233515
2011-11-17,1.7775,0.0001687906156425667
2011-11-18,1.7723,-0.0029297446163020213
2011-11-21,1.8061,0.018891686368523897
2011-11-22,1.8069,0.00044284528816718183
2011-11-23,1.8441,0.02037868386328845
2011-11-24,1.866,0.011805748826215767
2011-11-25,1.8937,0.01473548486157017
2011-11-28,1.8596,-0.018171176452429827
2011-11-29,1.8486,-0.005932814985752377
2011-11-30,1.8109,-0.02060463658338052
2011-12-01,1.7929,-0.00998953864591512
2011-12-02,1.7843,-0.004808239163998529
2011-12-05,1.783,-0.0007288425742426607
2011-12-06,1.7913,0.004644274357916034
2011-12-07,1.798,0.0037333228105091987
2011-12-08,1.7941,-0.002171432606226875
2011-12-09,1.813,0.01047942832951232
2011-12-12,1.8219,0.004896980816788354
2011-12-13,1.8409,0.010374669880876985
2011-12-14,1.8728,0.0171800547241846
2011-12-15,1.8609,-0.006374395529519461
2011-12-16,1.8465,-0.007768286354563614
2011-12-19,1.8616,0.008144377695464056
2011-12-20,1.8508,-0.005818354955237415
2011-12-21,1.8556,0.002590115844744001
2011-12-22,1.8578,0.001184898075831775
2011-12-23,1.856,-0.0009693576072743459
2011-12-26,1.8566,0.00032322361968617486
2011-12-27,1.8585,0.001022852771474736
2011-12-28,1.8634,0.0026330652790176323
2011-12-29,1.8758,0.006632459058513507
2011-12-30,1.8758,0.0
2012-01-02,1.8683,-0.004006308609046272
2012-01-03,1.8457,-0.01217031715254624
2012-01-04,1.8272,-0.01007386885155448
2012-01-05,1.8371,0.005403500853200294
2012-01-06,1.8449,0.004236834148828361
2012-01-09,1.8442,-0.00037949635867884357
2012-01-10,1.8042,-0.021928298882502473
2012-01-11,1.8048,0.00033250208120139124
2012-01-12,1.7874,-0.009687732356448153
2012-01-13,1.7853,-0.0011755816283754994
2012-01-16,1.7836,-0.0009526745655944469
2012-01-17,1.776,-0.004270149201206275
2012-01-18,1.7791,0.0017439738886143585
2012-01-19,1.7648,-0.008070248941491776
2012-01-20,1.767,0.0012458238204583472
2012-01-23,1.7528,-0.008068684038439633
2012-01-24,1.7649,0.006879522257263182
2012-01-25,1.7632,-0.0009636915799244861
2012-01-26,1.7389,-0.01387761057057224
2012-01-27,1.7436,0.0026992119762143663
2012-01-30,1.7509,0.004178000068033594
2012-01-31,1.7391,-0.006762203418474222
2012-02-01,1.7376,-0.0008628872741806015
2012-02-02,1.7326,-0.002881680283576382
2012-02-03,1.7223,-0.005962563614339111
2012-02-06,1.7249,0.0015084709288823994
2012-02-07,1.7261,0.000695450622060334
2012-02-08,1.7195,-0.003830977520322576
2012-02-09,1.7225,0.0017431730154926495
2012-02-10,1.726,0.0020298687555596606
2012-02-13,1.7169,-0.005286253560206955
2012-02-14,1.7173,0.00023295090665009788
2012-02-15,1.7158,-0.0008738458509515157
2012-02-16,1.7326,0.009743726317175017
2012-02-17,1.7136,-0.011026749762555577
2012-02-22,1.7076,-0.0035075448096772988
2012-02-23,1.704,-0.0021104474945460305
2012-02-24,1.7098,0.0033979762028722993
2012-02-27,1.7088,-0.0005850348262574911
2012-02-28,1.7024,-0.0037523496185506433
2012-02-29,1.7092,0.003986404622544737
2012-03-01,1.7152,0.0035042671066130016
2012-03-02,1.7245,0.0054074615004126025
2012-03-05,1.7314,0.003993176404777921
2012-03-06,1.7556,0.013880349032405537
2012-03-07,1.7692,0.007716788180092804
2012-03-08,1.7697,0.00028257368296757956
2012-03-09,1.7767,0.00394767036472099
2012-03-12,1.8157,0.021713357234760977
2012-03-13,1.8102,-0.0030337318835509386
2012-03-14,1.8146,0.0024277213424581667
2012-03-15,1.8006,-0.0077451150611521635
2012-03-16,1.8018,0.000666222542963224
2012-03-19,1.809,0.003988041177955481
2012-03-20,1.8259,0.009298809747392278
2012-03-21,1.8267,0.000438044139950744
2012-03-22,1.825,-0.0009310732660462451
2012-03-23,1.8194,-0.0030732106286304184
2012-03-26,1.8143,-0.002807058011843999
2012-03-27,1.8135,-0.00044103865316047486
2012-03-28,1.8223,0.004840759769052516
2012-03-29,1.8334,0.006072727035665748
2012-03-30,1.8221,-0.00618248447184222
2012-04-02,1.8314,0.0050910196177986755
2012-04-03,1.8256,-0.003172001565820537
2012-04-04,1.8316,0.0032812016751291306
2012-04-05,1.8301,-0.0008192916317035781
2012-04-09,1.826,-0.002242827996322916
2012-04-10,1.8317,0.003116715211257559
2012-04-11,1.8303,-0.0007646095402549236
2012-04-12,1.827,-0.0018046104479096936
2012-04-13,1.8364,0.005131855997060231
2012-04-16,1.8373,0.0004899692506220577
2012-04-17,1.8454,0.004398953518766402
2012-04-18,1.8694,0.01292146760402757
2012-04-19,1.8867,0.009211747469084375
2012-04-20,1.8786,-0.004302452657152345
2012-04-23,1.8864,0.004143432222691534
2012-04-24,1.878,-0.0044628700148984235
2012-04-25,1.8807,0.0014366671798243802
2012-04-26,1.8871,0.0033972111870175237
2012-04-27,1.8852,-0.0010073430854742327
2012-04-30,1.8918,0.003494840729494242
2012-05-02,1.9149,0.012136645151051284
2012-05-03,1.9277,0.006662180473424373
2012-05-04,1.921,-0.003481698634989039
2012-05-07,1.9268,0.0030147119875091333
2012-05-08,1.9366,0.005073262421364966
2012-05-09,1.9577,0.010836456605066158
2012-05-10,1.9581,0.00020430052678444
2012-05-11,1.9513,-0.0034787982083283042
2012-05-14,1.9866,0.017928817680302522
2012-05-15,1.9947,0.004069028295263344
2012-05-16,1.9974,0.0013526717325154092
2012-05-17,1.9973,-5.0066337908161174e-05
2012-05-18,2.0095,0.006089666418129691
2012-05-21,2.0374,0.013788550266710109
2012-05-22,2.0493,0.005823786249947394
2012-05-23,2.0816,0.015638557352327442
2012-05-24,2.0384,-0.020971642380396505
2012-05-25,2.0032,-0.017419284472064867
2012-05-28,1.9778,-0.012760786069888952
2012-05-29,1.9944,0.008358137373457586
2012-05-30,2.0078,0.006696342048078119
2012-05-31,2.0223,0.0071958822700767255
2012-06-01,2.035,0.006260341349192511
2012-06-04,2.041,0.0029440649331493596
2012-06-05,2.0266,-0.0070803717956274825
2012-06-06,2.0183,-0.004103939108143995
2012-06-08,2.0353,0.008387655252760085
2012-06-11,2.0348,-0.00024569421022335725
2012-06-12,2.0564,0.010559347232739547
2012-06-13,2.0604,0.0019432575100806204
2012-06-14,2.0691,0.004213591413925077
2012-06-15,2.0443,-0.012058297514393246
2012-06-18,2.0634,0.009299675075313596
2012-06-19,2.044,-0.009446435342680526
2012-06-20,2.0293,-0.0072177663406719494
2012-06-21,2.0363,0.0034435295735462113
2012-06-22,2.0555,0.009384691781463728
2012-06-25,2.0718,0.007898667286068584
2012-06-26,2.0743,0.001205952728098092
2012-06-27,2.0764,0.0010118776009742092
2012-06-28,2.0904,0.006719810253328684
2012-06-29,2.0213,-0.0336145664534504
2012-07-02,1.9893,-0.015958050710020544
2012-07-03,1.9888,-0.00025137628648508326
2012-07-04,2.0201,0.015615573363969126
2012-07-05,2.0292,0.004494611572119056
2012-07-06,2.0359,0.0032963548580965396
2012-07-09,2.0312,-0.0023112301601626584
2012-07-10,2.0332,0.0009841551822786787
2012-07-11,2.031,-0.0010826239923625858
2012-07-12,2.0471,0.00789587486619081
2012-07-13,2.0338,-0.006518193089538604
2012-07-16,2.038,0.0020629704256330816
2012-07-17,2.0349,-0.001522257162526519
2012-07-18,2.0258,-0.004481993367446813
2012-07-19,2.0239,-0.0009383411805369279
2012-07-20,2.0227,-0.0005930905131099617
2012-07-23,2.0412,0.009104617630766532
2012-07-24,2.0418,0.0002939015450985627
2012-07-25,2.0403,-0.0007349158852123505
2012-07-26,2.0255,-0.007280272206957261
2012-07-27,2.0173,-0.004056600002440236
2012-07-30,2.0313,0.006915998519404276
2012-07-31,2.0499,0.00911502929513297
2012-08-01,2.0432,-0.0032738051765673903
2012-08-02,2.0475,0.0021023304489494743
2012-08-03,2.0313,-0.007943554567515054
2012-08-06,2.0279,-0.0016752073290914327
2012-08-07,2.0281,9.8619329468419e-05
2012-08-08,2.0273,-0.0003945356859382798
2012-08-09,2.0182,-0.0044988334437195965
2012-08-10,2.0175,-0.0003469038863246343
2012-08-13,2.0266,0.0045003908701134465
2012-08-14,2.0258,-0.0003948277615205553
2012-08-15,2.0234,-0.0011854194809066687
2012-08-16,2.0214,-0.000988924131227975
2012-08-17,2.0182,-0.001584315610133613
2012-08-20,2.0209,0.001336931693774246
2012-08-21,2.0173,-0.001782973083897632
2012-08-22,2.021,0.0018324547633158383
2012-08-23,2.0241,0.0015327188978683237
2012-08-24,2.0255,0.0006914263412560739
2012-08-27,2.0293,0.0018743223401778142
2012-08-28,2.0433,0.006875241932459142
2012-08-29,2.0509,0.0037125732643047415
2012-08-30,2.0513,0.0001950173084040996
2012-08-31,2.0372,-0.006897422477641579
2012-09-03,2.0335,-0.001817869663170324
2012-09-04,2.0392,0.002799127714626537
2012-09-05,2.0385,-0.00034333080259774107
2012-09-06,2.0381,-0.00019624196697420881
2012-09-10,2.0241,-0.006892843990844555
2012-09-11,2.0197,-0.0021761717871466857
2012-09-12,2.0204,0.00034652607955487635
2012-09-13,2.0254,0.0024717003042871166
2012-09-14,2.0139,-0.005694071285369029
2012-09-17,2.0312,0.008553610777653153
2012-09-18,2.0274,-0.0018725674421693483
2012-09-19,2.0236,-0.0018760805305182426
2012-09-20,2.0263,0.0013333664535023493
2012-09-21,2.024,-0.0011357184639272377
2012-09-24,2.0273,0.0016291070667918683
2012-09-25,2.0251,-0.0010857764367453449
2012-09-26,2.0341,0.004434378571038677
2012-09-27,2.0311,-0.001475942411001463
2012-09-28,2.0306,-0.00024620233031757977
2012-10-01,2.026,-0.002267910058493805
2012-10-02,2.0266,0.0002961062055887309
2012-10-03,2.0266,0.0
2012-10-04,2.0224,-0.0020745870616789563
2012-10-05,2.0246,0.0010872252121130188
2012-10-08,2.0313,0.0033038319950580153
2012-10-09,2.0337,0.0011808119453202703
2012-10-10,2.0378,0.0020140004351552054
2012-10-11,2.0369,-0.00044175032008997306
2012-10-15,2.0382,0.0006380211744982933
2012-10-16,2.0351,-0.0015221076760905117
2012-10-17,2.0336,-0.0007373362833131836
2012-10-18,2.0295,-0.0020181641562370123
2012-10-19,2.0272,-0.001133926712077793
2012-10-22,2.0266,-0.0002960185526573733
2012-10-23,2.0286,0.000986387927678023
2012-10-24,2.0263,-0.0011344300706118693
2012-10-25,2.0261,-9.870693917790607e-05
2012-10-26,2.0263,9.870693917790607e-05
2012-10-29,2.0296,0.0016272594137886065
2012-10-30,2.0323,0.0013294273111894572
2012-10-31,2.0313,-0.0004921744365521397
2012-11-01,2.0312,-4.923076924068237e-05
2012-11-05,2.035,0.0018690674862267276
2012-11-06,2.0341,-0.00044235826825400615
2012-11-07,2.033,-0.0005409259800948085
2012-11-08,2.0357,0.0013272054446538117
2012-11-09,2.0512,0.0075852476533505575
2012-11-12,2.0476,-0.0017566121429227755
2012-11-13,2.0614,0.006716988019264125
2012-11-14,2.0629,0.000727396196270047
2012-11-16,2.0712,0.004015389638365563
2012-11-19,2.0745,0.001592011335594612
2012-11-20,2.0835,0.004329011089585499
2012-11-21,2.0924,0.0042625606339479205
2012-11-22,2.0912,-0.0005736686264984359
2012-11-23,2.0985,0.0034847399036880278
2012-11-26,2.0787,-0.00948010547220024
2012-11-27,2.0752,-0.0016851637392658603
2012-11-28,2.0912,0.007680529307778072
2012-11-29,2.0991,0.0037706175500031858
2012-11-30,2.1074,0.003946278745466603
2012-12-03,2.1121,0.0022277530246690436
2012-12-04,2.1077,-0.0020854076470949723
2012-12-05,2.1046,-0.0014718802362895245
2012-12-06,2.0836,-0.010028258435675341
2012-12-07,2.0804,-0.0015369839721190992
2012-12-10,2.081,0.0002883644947170305
2012-12-11,2.0743,-0.0032248000415346922
2012-12-12,2.0801,0.0027922221106825296
2012-12-13,2.0751,-0.0024066241881336436
2012-12-14,2.084,0.004279778598608952
2012-12-17,2.0902,0.0029706312871455864
2012-12-18,2.0966,0.0030572298580691104
2012-12-19,2.0791,-0.008381877269129534
2012-12-20,2.0625,-0.008016268540506744
2012-12-21,2.0758,0.006427782322352638
2012-12-24,2.0774,0.0007704902625222942
2012-12-26,2.0569,-0.009917116809593396
2012-12-27,2.0483,-0.004189814177507745
2012-12-28,2.0435,-0.002346156802277899
2012-12-31,2.0435,0.0
2013-01-02,2.0415,-0.0009791922447014434
2013-01-03,2.0464,0.002397320064947861
2013-01-04,2.0425,-0.001907604090420345
2013-01-07,2.0312,-0.005547796343689293
2013-01-08,2.0286,-0.0012808514485733724
2013-01-09,2.0417,0.006436894200258614
2013-01-10,2.0358,-0.0028939321239144222
2013-01-11,2.0341,-0.0008354014097980977
2013-01-14,2.0334,-0.00034419176738087476
2013-01-15,2.0374,0.001965216314905427
2013-01-16,2.0409,0.0017164018631589117
2013-01-17,2.0411,9.799118087205905e-05
2013-01-18,2.0441,0.0014687166059345058
2013-01-21,2.042,-0.0010278750813206283
2013-01-22,2.0471,0.0024944377219647818
2013-01-23,2.0394,-0.0037685105164502186
2013-01-24,2.0344,-0.0024547118222153497
2013-01-25,2.0285,-0.002904331461408005
2013-01-28,2.0241,-0.002171446345012762
2013-01-29,1.9912,-0.016387685248106965
2013-01-30,1.99,-0.0006028333348442327
2013-01-31,1.9883,-0.0008546364545025664
2013-02-01,1.9843,-0.0020137951728290693
2013-02-04,1.9893,0.0025166109517252844
2013-02-05,1.9881,-0.0006034092806408431
2013-02-06,1.9884,0.00015088645822658453
2013-02-07,1.9789,-0.00478916046565947
2013-02-08,1.9636,-0.007761611570960558
2013-02-13,1.967,0.0017300162051616663
2013-02-14,1.9666,-0.00020337604300324497
2013-02-15,1.96,-0.0033616901214930106
2013-02-18,1.9676,0.003870052696621884
2013-02-19,1.9597,-0.004023125636176239
2013-02-20,1.957,-0.001378711888932238
2013-02-21,1.972,0.007635567766504425
2013-02-22,1.9705,-0.0007609385275223479
2013-02-25,1.9676,-0.0014727917138736002
2013-02-26,1.9818,0.0071909967036142275
2013-02-27,1.9807,-0.000555205061580577
2013-02-28,1.9754,-0.0026794080891914263
2013-03-01,1.9848,0.004747243903564291
2013-03-04,1.9827,-0.001058601233074441
2013-03-05,1.9693,-0.006781402506366163
2013-03-06,1.9673,-0.0010161053559306632
2013-03-07,1.9642,-0.0015770065585460902
2013-03-08,1.9528,-0.005820797644923492
2013-03-11,1.9552,0.0012282498985257684
2013-03-12,1.9585,0.0016863841286097747
2013-03-13,1.9619,0.0017345173208971332
2013-03-14,1.9676,0.002901134494401658
2013-03-15,1.9749,0.003703238220756022
2013-03-18,1.9871,0.006158525269829851
2013-03-19,1.983,-0.0020654398919746075
2013-03-20,1.9868,0.0019144547133993495
2013-03-21,1.9931,0.0031659113354967072
2013-03-22,2.0126,0.009736202930540783
2013-03-25,2.014,0.0006953757792746984
2013-03-26,2.0087,-0.002635047638004928
2013-03-27,2.0185,0.004866914652492893
2013-03-28,2.0138,-0.002331176811481095
2013-04-01,2.0186,0.002380717323244852
2013-04-02,2.0179,-0.0003468351329207753
2013-04-03,2.0239,0.0029689764003213437
2013-04-04,2.0201,-0.0018793279517440586
2013-04-05,2.0035,-0.008251364044216558
2013-04-08,1.9902,-0.006660514895137526
2013-04-09,1.9861,-0.002062219376315788
2013-04-10,1.981,-0.0025711491061949365
2013-04-11,1.9736,-0.0037424814834039477
2013-04-12,1.9761,0.0012659190996099356
2013-04-15,1.979,0.0014664612878088068
2013-04-16,1.9903,0.005693714522609028
2013-04-17,1.9939,0.0018071386876788997
2013-04-18,2.0152,0.010625926225546811
2013-04-19,2.0089,-0.0031311374702968076
2013-04-22,2.0154,0.003230378278198387
2013-04-23,2.017,0.0007935721079096458
2013-04-24,2.0244,0.003662101385711214
2013-04-25,2.0119,-0.006193811144732497
2013-04-26,2.0001,-0.005882369903066342
2013-04-29,1.9999,-0.00010000000008336674
2013-04-30,2.0017,0.0008996402046196339
2013-05-02,2.0095,0.00388911539259551
2013-05-03,2.0093,-9.953219874847541e-05
2013-05-06,2.0143,0.0024853377938709453
2013-05-07,2.011,-0.0016396297117262648
2013-05-08,2.003,-0.003986054106833725
2013-05-09,2.0051,0.0010478781428399087
2013-05-10,2.0231,0.00893705367470976
2013-05-13,2.015,-0.004011793102584593
2013-05-14,2.0063,-0.004326965694628204
2013-05-15,2.0233,0.00843761209899363
2013-05-16,2.0254,0.0010373701130357293
2013-05-17,2.0354,0.004925147859646706
2013-05-20,2.0333,-0.0010322708415352322
2013-05-21,2.0402,0.0033877533321224895
2013-05-22,2.0387,-0.0007354924453253364
2013-05-23,2.0537,0.007330694542954319
2013-05-24,2.0495,-0.002047183401655217
2013-05-27,2.0527,0.0015601387787409493
2013-05-28,2.0616,0.004326380615021996
2013-05-29,2.0894,0.01339456306525233
2013-05-31,2.1319,0.020136657467088703
2013-06-03,2.1355,0.0016872104110249309
2013-06-04,2.1282,-0.003424259273890007
2013-06-05,2.1235,-0.0022108812543053524
2013-06-06,2.125,0.0007061316051913957
2013-06-07,2.1372,0.005724758725099033
2013-06-10,2.1506,0.006250311872809555
2013-06-11,2.1521,0.0006972366471134084
2013-06-12,2.142,-0.004704137595845204
2013-06-13,2.1447,0.0012597104332217057
2013-06-14,2.1367,-0.0037370996919733335
2013-06-17,2.1538,0.007971141145838079
2013-06-18,2.1706,0.007769903117133992
2013-06-19,2.1744,0.0017491373849647385
2013-06-20,2.2523,0.03519915191045331
2013-06-21,2.2648,0.005534538490357344
2013-06-24,2.2515,-0.005889794056063491
2013-06-25,2.2185,-0.014765368922662114
2013-06-26,2.1975,-0.009510941259632255
2013-06-27,2.1846,-0.005887605149889175
2013-06-28,2.2156,0.01409050174950588
2013-07-01,2.2297,0.006343800097376118
2013-07-02,2.2412,0.005144389434804664
2013-07-03,2.2634,0.009856670840711623
2013-07-04,2.2595,-0.001724557680506722
2013-07-05,2.2645,0.002210434144934159
2013-07-08,2.2583,-0.002741666173010082
2013-07-09,2.2628,0.0019906666457421007
2013-07-10,2.2697,0.00304467968242339
2013-07-11,2.2672,-0.0011020742150080753
2013-07-12,2.267,-8.821842888695475e-05
2013-07-15,2.2548,-0.005396094300109011
2013-07-16,2.2353,-0.008685829979628412
2013-07-17,2.2372,0.0008496367196414445
2013-07-18,2.2297,-0.003358036691108124
2013-07-19,2.2364,0.0030003828961654433
2013-07-22,2.2386,0.0009832403026768244
2013-07-23,2.2267,-0.005330001644755278
2013-07-24,2.2348,0.00363106977458183
2013-07-25,2.2497,0.006645135390459633
2013-07-26,2.2488,-0.0004001333831310516
2013-07-29,2.2609,0.0053662234899483074
2013-07-30,2.2734,0.005513544170339557
2013-07-31,2.2903,0.007406305082164666
2013-08-01,2.2914,0.000480171124750739
2013-08-02,2.2933,0.0008288438104007145
2013-08-05,2.301,0.003351982765439687
2013-08-06,2.2955,-0.002393126346089125
2013-08-07,2.3028,0.003175089112377738
2013-08-08,2.2882,-0.006360291534811102
2013-08-09,2.2748,-0.005873345834198851
2013-08-12,2.2722,-0.0011436112968403744
2013-08-13,2.3035,0.013681180240167512
2013-08-14,2.3118,0.0035967364841951177
2013-08-15,2.3434,0.013576424373888396
2013-08-16,2.3565,0.005574601129730294
2013-08-19,2.398,0.01745758922367413
2013-08-20,2.3943,-0.0015441440373867854
2013-08-21,2.4169,0.009394814693858167
2013-08-22,2.4457,0.011845653257933964
2013-08-23,2.3868,-0.024377823853938163
2013-08-26,2.3705,-0.0068526533057539085
2013-08-27,2.3998,0.012284497188115528
2013-08-28,2.3515,-0.020331978145185725
2013-08-29,2.3578,0.002675558472924444
2013-08-30,2.3725,0.006215270626055758
2013-09-02,2.3643,-0.003462256456369328
2013-09-03,2.3897,0.010685840006617764
2013-09-04,2.3538,-0.015136791590769416
2013-09-05,2.3314,-0.00956209795783003
2013-09-06,2.2979,-0.014473283124841307
2013-09-09,2.2868,-0.0048422019710744335
2013-09-10,2.2779,-0.0038994945025184746
2013-09-11,2.2947,0.007348150108632434
2013-09-12,2.2769,-0.007787247331811131
2013-09-13,2.2785,0.0007024630398183573
2013-09-16,2.2649,-0.005986723871823085
2013-09-17,2.2617,-0.001413864946348431
2013-09-18,2.2489,-0.005675535121326236
2013-09-19,2.2036,-0.020348821165878217
2013-09-20,2.2053,0.0007711674495901599
2013-09-23,2.2033,-0.0009073175780084375
2013-09-24,2.2031,-9.077705162363614e-05
2013-09-25,2.2224,0.008722233581559768
2013-09-26,2.2285,0.0027410203865312344
2013-09-27,2.2571,0.01275209005110034
2013-09-30,2.23,-0.012079217983546386
2013-10-01,2.2123,-0.007968887138223524
2013-10-02,2.2088,-0.001583316699996229
2013-10-03,2.2069,-0.0008605657618304674
2013-10-04,2.2051,-0.0008159565275920322
2013-10-07,2.2087,0.0016312478129008046
2013-10-08,2.2016,-0.003219738400398464
2013-10-09,2.2054,0.0017245295855535803
2013-10-10,2.185,-0.009293069794887532
2013-10-11,2.1821,-0.001328112672607351
2013-10-14,2.1817,-0.00018332645910457135
2013-10-15,2.1818,4.583476567776579e-05
2013-10-16,2.1629,-0.008700310364400443
2013-10-17,2.1611,-0.0008325624902748574
2013-10-18,2.1616,0.00023133689695331583
2013-10-21,2.1738,0.005628099923152052
2013-10-22,2.176,0.0010115408467468168
2013-10-23,2.1826,0.0030284977031560523
2013-10-24,2.2003,0.008076888007105931
2013-10-25,2.1848,-0.007069423526600005
2013-10-28,2.1846,-9.154575005243526e-05
2013-10-29,2.1804,-0.0019243992193169746
2013-10-30,2.1888,0.0038451022381055244
2013-10-31,2.2026,0.006285032302612126
2013-11-01,2.2468,0.019868500927434085
2013-11-04,2.2426,-0.0018710746314972715
2013-11-05,2.2747,0.014212268531035854
2013-11-06,2.2785,0.0016691561461211757
2013-11-07,2.2825,0.0017540017651862527
2013-11-08,2.317,0.015001911963252623
2013-11-11,2.3142,-0.0012091899901390812
2013-11-12,2.3362,0.00946162227935854
2013-11-13,2.3234,-0.005494047642221278
2013-11-14,2.3289,0.002364423000369875
2013-11-18,2.2828,-0.01999329341719125
2013-11-19,2.2662,-0.0072983397160868435
2013-11-20,2.2726,0.0028201305374425667
2013-11-21,2.3067,0.014893381222336077
2013-11-22,2.2913,-0.006698589640947938
2013-11-25,2.2871,-0.0018347025939833284
2013-11-26,2.304,0.007362103344468185
2013-11-27,2.3058,0.0007809449830715742
2013-11-28,2.3208,0.006484266008341066
2013-11-29,2.3249,0.001765073536585171
2013-12-02,2.3449,0.008565729704081315
2013-12-03,2.3558,0.004637615476823176
2013-12-04,2.374,0.007695923644929326
2013-12-05,2.3747,0.00029481753114324327
2013-12-06,2.3525,-0.009392521241221918
2013-12-09,2.3225,-0.012834400771541188
2013-12-10,2.3102,-0.0053100908334136054
2013-12-11,2.3262,0.006901934050358549
2013-12-12,2.3338,0.003261805467068557
2013-12-13,2.3354,0.0006853422696074807
2013-12-16,2.3255,-0.004248112977462859
2013-12-17,2.3221,-0.001463121011506252
2013-12-18,2.3274,0.0022798160213310936
2013-12-19,2.3528,0.010854343565808722
2013-12-20,2.3817,0.012208410159392113
2013-12-23,2.3706,-0.004671430753777295
2013-12-24,2.3554,-0.006432523237951959
2013-12-26,2.3507,-0.0019974082839756546
2013-12-27,2.3538,0.001317887320089528
2013-12-30,2.3426,-0.004769619807787673
2013-12-31,2.3426,0.0
2014-01-02,2.3975,0.023165104121819047
2014-01-03,2.3741,-0.009808109475971105
2014-01-06,2.3789,0.002019777669598377
2014-01-07,2.3634,-0.006536935746305428
2014-01-08,2.3779,0.0061164850169362905
2014-01-09,2.396,0.007582935013488501
2014-01-10,2.3819,-0.005902191729471262
2014-01-13,2.3491,-0.013866212446149162
2014-01-14,2.3617,0.005349422623386335
2014-01-15,2.347,-0.006243781832082407
2014-01-16,2.3683,0.009034481317664489
2014-01-17,2.3601,-0.0034684071653814375
2014-01-20,2.3335,-0.01133470461343622
2014-01-21,2.3608,0.011631258238859243
2014-01-22,2.3601,-0.0002965536254230239
2014-01-23,2.3761,0.006756497135660844
2014-01-24,2.4129,0.015368855439165663
2014-01-27,2.4044,-0.0035289514131260358
2014-01-28,2.4165,0.0050198201201318016
2014-01-29,2.4397,0.009554868623365076
2014-01-30,2.4224,-0.007116296665374167
2014-01-31,2.4263,0.0016086789618043884
2014-02-03,2.409,-0.007155739590062771
2014-02-04,2.4177,0.0036049513837039804
2014-02-05,2.4106,-0.0029409958443320505
2014-02-06,2.4041,-0.002700066026519843
2014-02-07,2.3817,-0.009361094728546071
2014-02-10,2.3936,0.004983990380980852
2014-02-11,2.4076,0.005831891893457564
2014-02-12,2.4086,0.0004152651527636886
2014-02-13,2.4238,0.00629089070800759
2014-02-14,2.3924,-0.013039510363985096
2014-02-17,2.387,-0.0022596988315718436
2014-02-18,2.3983,0.004722805677289554
2014-02-19,2.3986,0.0001250807815010857
2014-02-20,2.3799,-0.007826763821553673
2014-02-21,2.3625,-0.007338089608169285
2014-02-24,2.3391,-0.0099541403842337
2014-02-25,2.3367,-0.0010265623896514864
2014-02-26,2.3454,0.0037162854329516604
2014-02-27,2.3436,-0.0007677543563306966
2014-02-28,2.3334,-0.004361777280876833
2014-03-05,2.324,-0.004036592417954954
2014-03-06,2.3094,-0.0063020884540462285
2014-03-07,2.3382,0.012393652054963011
2014-03-10,2.341,0.001196785918192278
2014-03-11,2.3461,0.0021761865600091745
2014-03-12,2.3649,0.007981362683052273
2014-03-13,2.3486,-0.00691633180299156
2014-03-14,2.3638,0.006451087647159515
2014-03-17,2.3518,-0.0050895011888248964
2014-03-18,2.3522,0.00017006802762076223
2014-03-19,2.3338,-0.007853220044929055
2014-03-20,2.342,0.0035074247856556884
2014-03-21,2.3245,-0.007500303027023314
2014-03-24,2.3248,0.00012905168537913347
2014-03-25,2.3124,-0.005348067607697571
2014-03-26,2.3119,-0.00021624894662897187
2014-03-27,2.283,-0.01257932973189646
2014-03-28,2.2603,-0.009992819710252676
2014-03-31,2.263,0.001193818813994496
2014-04-01,2.262,-0.00044198895747160627
2014-04-02,2.2711,0.00401491792548192
2014-04-03,2.2811,0.004393487142745234
2014-04-04,2.242,-0.017289458112187628
2014-04-07,2.2326,-0.0042014990514733785
2014-04-08,2.1974,-0.01589198231385125
2014-04-09,2.2111,0.006215285971329698
2014-04-10,2.1987,-0.005623852638196092
2014-04-11,2.2059,0.0032693122703720823
2014-04-14,2.2096,0.0016759147847413836
2014-04-15,2.2257,0.007259969208562089
2014-04-16,2.2342,0.0038117492731581937
2014-04-17,2.2482,0.006246673890948795
2014-04-22,2.2449,-0.001468919273274305
2014-04-23,2.2426,-0.0010250697276421583
2014-04-24,2.2229,-0.00882325732991629
2014-04-25,2.2325,0.00430938405379
2014-04-28,2.237,0.0020136487394756264
2014-04-29,2.2199,-0.007673532683408091
2014-04-30,2.236,0.007226405468268249
2014-05-02,2.2221,-0.006235860587636588
2014-05-05,2.2286,0.002920890925600328
2014-05-06,2.2322,0.0016140606086610942
2014-05-07,2.2282,-0.0017935615963984297
2014-05-08,2.2107,-0.007884877184152872
2014-05-09,2.2192,0.003837563119503673
2014-05-12,2.2164,-0.0012625125673724202
2014-05-13,2.2101,-0.002846494636316921
2014-05-14,2.2129,0.0012661091449426287
2014-05-15,2.2166,0.0016706178397324356
2014-05-16,2.211,-0.0025295884841065597
2014-05-19,2.2111,4.522738066414789e-05
2014-05-20,2.2156,0.0020331179208383787
2014-05-21,2.2111,-0.0020331179208383787
2014-05-22,2.2131,0.0009041183202558312
2014-05-23,2.2187,0.002527191200170531
2014-05-26,2.2209,0.0009910803586256067
2014-05-27,2.2354,0.006507663834348754
2014-05-28,2.2405,0.002278872274686594
2014-05-29,2.2251,-0.006897196815575657
2014-05-30,2.239,0.006227479188132823
2014-06-02,2.264,0.011103822724318646
2014-06-03,2.2654,0.0006181834435398104
2014-06-04,2.2802,0.006511814633005986
2014-06-05,2.2695,-0.004703615503099057
2014-06-06,2.2445,-0.011076763674533474
2014-06-09,2.2336,-0.004868145653933342
2014-06-10,2.2296,-0.0017924364003149007
2014-06-11,2.2307,0.000493240374997761
2014-06-12,2.2306,-4.4829982299710025e-05
2014-06-13,2.2347,0.0018363832899038757
2014-06-16,2.2313,-0.0015226156098828714
2014-06-17,2.2486,0.00772342507520174
2014-06-18,2.2534,0.002132386414406273
2014-06-20,2.238,-0.006857576858194991
2014-06-23,2.2195,-0.008300664597780671
2014-06-24,2.2217,0.0009907233089919698
2014-06-25,2.2052,-0.007454460867553303
2014-06-26,2.2089,0.001676446327252279
2014-06-27,2.1975,-0.005174303483448828
2014-06-30,2.2025,0.0022727282510026647
2014-07-01,2.2054,0.0013158195142434215
2014-07-02,2.2134,0.003620896506106863
2014-07-03,2.2281,0.006619409512675478
2014-07-04,2.2149,-0.005941948610130865
2014-07-07,2.2201,0.002344984163643038
2014-07-08,2.215,-0.002299836417636647
2014-07-09,2.2139,-0.0004967373490565308
2014-07-10,2.2237,0.004416809055206916
2014-07-11,2.2228,-0.0004048127796202339
2014-07-14,2.2176,-0.0023421324101819962
2014-07-15,2.2195,0.0008564152785057733
2014-07-16,2.2193,-9.011444540651947e-05
2014-07-17,2.2403,0.009417954624200253
2014-07-18,2.2362,-0.0018317887396157584
2014-07-21,2.2238,-0.005560552444118905
2014-07-22,2.2129,-0.0049135717673286505
2014-07-23,2.2202,0.00329340939672651
2014-07-24,2.2204,9.007791745951899e-05
2014-07-25,2.2293,0.0040002750155268
2014-07-28,2.2302,0.00040363269972831795
2014-07-29,2.2278,-0.0010767161201721276
2014-07-30,2.2447,0.00755733054641039
2014-07-31,2.2674,0.010061918625998478
2014-08-01,2.2607,-0.0029593007617241263
2014-08-04,2.2577,-0.001327903877847203
2014-08-05,2.2756,0.007897157932565402
2014-08-06,2.279,0.001492996369191979
2014-08-07,2.2802,0.0005264081539350096
2014-08-08,2.2986,0.008037083535039069
2014-08-11,2.2779,-0.009046276047360635
2014-08-12,2.277,-0.0003951788235579956
2014-08-13,2.2692,-0.0034314406113274964
2014-08-14,2.2703,0.0004846348811674561
2014-08-15,2.269,-0.0005727755537379142
2014-08-18,2.2595,-0.004195655928507347
2014-08-19,2.2587,-0.00035412332714801487
2014-08-20,2.255,-0.001639453587407691
2014-08-21,2.2582,0.0014180628096430725
2014-08-22,2.2778,0.00864202909382894
2014-08-25,2.2808,0.0013161937582115701
2014-08-26,2.2748,-0.0026341221658177094
2014-08-27,2.2591,-0.006925632569467877
2014-08-28,2.2499,-0.004080733096838984
2014-08-29,2.2396,-0.004588492291599522
2014-09-01,2.2364,-0.0014298483222479064
2014-09-02,2.2521,0.006995684094576071
2014-09-03,2.2319,-0.009009873616926733
2014-09-04,2.2356,0.0016564077654034337
2014-09-05,2.2416,0.0026802481871994743
2014-09-08,2.2491,0.003340239594383454
2014-09-09,2.2813,0.01421531972170309
2014-09-10,2.2967,0.006727854123540156
2014-09-11,2.288,-0.003795236522680767
2014-09-12,2.3251,0.01608497534952047
2014-09-15,2.3401,0.006430614632157328
2014-09-16,2.3351,-0.002138946742936576
2014-09-17,2.3384,0.0014122180586064736
2014-09-18,2.3668,0.012071897005502819
2014-09-19,2.3656,-0.0005071422642713985
2014-09-22,2.387,0.009005657800562505
2014-09-23,2.4026,0.006514136948444715
2014-09-24,2.407,0.0018296744957971844
2014-09-25,2.4085,0.0006229882872035297
2014-09-26,2.431,0.00929854824584786
2014-09-29,2.4522,0.008682885482163227
2014-09-30,2.451,-0.0004894762701740385
2014-10-01,2.4623,0.004599767945637101
2014-10-02,2.4785,0.006557665986878902
2014-10-03,2.4932,0.005913487474066947
2014-10-06,2.4098,-0.034023269445519366
2014-10-07,2.4038,-0.002492937970487663
2014-10-08,2.4072,0.0014134277971470377
2014-10-09,2.3914,-0.006585277830355896
2014-10-10,2.4103,0.007872252579864236
2014-10-13,2.3923,-0.007495974798808147
2014-10-14,2.3991,0.0028384207394180905
2014-10-15,2.4316,0.01345580986861361
2014-10-16,2.477,0.01849867361479207
2014-10-17,2.4477,-0.011899342386495149
2014-10-20,2.4554,0.003140872643875192
2014-10-21,2.4797,0.009847904353165404
2014-10-22,2.4781,-0.0006454475999624343
2014-10-23,2.5004,0.008958581557714784
2014-10-24,2.4805,-0.007990566316553593
2014-10-27,2.5341,0.021378391660456963
2014-10-28,2.4869,-0.018801589493816717
2014-10-29,2.4346,-0.021254482932247964
2014-10-30,2.4119,-0.009367653357700845
2014-10-31,2.4442,0.013303052386104963
2014-11-03,2.4839,0.0161120345901552
2014-11-04,2.5195,0.014230563526597462
2014-11-05,2.5168,-0.0010722158166394102
2014-11-06,2.5325,0.006218703818825166
2014-11-07,2.5721,0.015515728727687694
2014-11-10,2.539,-0.012952383145847679
2014-11-11,2.5644,0.009954230408423692
2014-11-12,2.555,-0.0036723094752972862
2014-11-13,2.5725,0.0068259650703996755
2014-11-14,2.6136,0.015850392578655725
2014-11-17,2.6035,-0.003871887683906561
2014-11-18,2.5967,-0.002615285518187793
2014-11-19,2.5849,-0.004554585610045181
2014-11-20,2.545,-0.015556172490097664
2014-11-21,2.5391,-0.0023209624706606036
2014-11-24,2.5282,-0.004302100452505342
2014-11-25,2.5237,-0.0017815084186799668
2014-11-26,2.5103,-0.005323810746771684
2014-11-27,2.5065,-0.0015149101924474273
2014-11-28,2.5601,0.021158962507130452
2014-12-01,2.5624,0.000897999084259804
2014-12-02,2.5664,0.0015598193772469182
2014-12-03,2.5607,-0.0022234800758068607
2014-12-04,2.5797,0.0073924544885720644
2014-12-05,2.5888,0.0035213347792120153
2014-12-08,2.5923,0.0013510646512907565
2014-12-09,2.6016,0.0035811278380282197
2014-12-10,2.5931,-0.0032725691901523968
2014-12-11,2.6271,0.013026505032949331
2014-12-12,2.6558,0.010865351359938824
2014-12-15,2.6717,0.005969046347847229
2014-12-16,2.7403,0.025352429535647758
2014-12-17,2.7246,-0.0057457751077616415
2014-12-18,2.6676,-0.02114243657380932
2014-12-19,2.6486,-0.007147993265287256
2014-12-22,2.6527,0.0015467907182986629
2014-12-23,2.6775,0.009305534110741198
2014-12-24,2.6832,0.0021265887470405254
2014-12-26,2.6812,-0.0007456565851418073
2014-12-29,2.6783,-0.0010821906084613753
2014-12-30,2.6562,-0.008285734909190823
2014-12-31,2.6562,0.0
2015-01-02,2.6929,0.013722149847412268
2015-01-05,2.7107,0.006588224288841205
2015-01-06,2.7023,-0.0031036418780026054
2015-01-07,2.6807,-0.008025307794870207
2015-01-08,2.6919,0.004169309542590649
2015-01-09,2.6583,-0.012560443250755227
2015-01-12,2.6575,-0.00030098950526336044
2015-01-13,2.6485,-0.003392389231521742
2015-01-14,2.6222,-0.00997978191927995
2015-01-15,2.6122,-0.00382088192188057
2015-01-16,2.6193,0.0027143283414508
2015-01-19,2.6243,0.0019070873123079313
2015-01-20,2.6247,0.00015240998314891563
2015-01-21,2.5968,-0.010686686020001668
2015-01-22,2.5754,-0.00827505592064326
2015-01-23,2.5856,0.003952727487092633
2015-01-26,2.5966,0.004245307599376913
2015-01-27,2.5809,-0.006064721630740899
2015-01-28,2.5797,-0.0004650622104517277
2015-01-29,2.596,0.006298685739020149
2015-01-30,2.6623,0.025218612001357
2015-02-02,2.6894,0.010127709564431986
2015-02-03,2.7059,0.006116453743110428
2015-02-04,2.7148,0.003283711696723257
2015-02-05,2.7386,0.008728555068529986
2015-02-06,2.7641,0.009268243785039099
2015-02-09,2.7873,0.008358300632204108
2015-02-10,2.8075,0.007221022297221769
2015-02-11,2.8576,0.017687704069581756
2015-02-12,2.8625,0.0017132571803151198
2015-02-13,2.8392,-0.008173046530208339
2015-02-18,2.843,0.0013375103187129866
2015-02-19,2.8545,0.004036863753314135
2015-02-20,2.8701,0.005450175947917302
2015-02-23,2.8811,0.003825293299993149
2015-02-24,2.8649,-0.005638720126505348
2015-02-25,2.8646,-0.00010472117995430352
2015-02-26,2.8728,0.0028584395661082063
2015-02-27,2.8782,0.0018779348242004001
2015-03-02,2.8655,-0.004422243744281129
2015-03-03,2.9051,0.013724958109664787
2015-03-04,2.9804,0.025589706578115434
2015-03-05,2.9931,0.004252119907998786
2015-03-06,3.0366,0.014428828860516107
2015-03-09,3.1018,0.021244119677265028
2015-03-10,3.1299,0.009018467016681075
2015-03-11,3.1162,-0.00438674435877906
2015-03-12,3.1171,0.0002887715997157425
2015-03-13,3.2264,0.03446388217618823
2015-03-16,3.2257,-0.0002169836185881291
2015-03-17,3.2683,0.01311999109163442
2015-03-18,3.2518,-0.005061282870749917
2015-03-19,3.2642,0.0038060205551408988
2015-03-20,3.2423,-0.006731755230185987
2015-03-23,3.18,-0.019401757712186996
2015-03-24,3.131,-0.015528754447817095
2015-03-25,3.1476,0.005287815334422907
2015-03-26,3.1915,0.013850768035283512
2015-03-27,3.2259,0.010720955368478391
2015-03-30,3.2601,0.01054588867232531
2015-03-31,3.208,-0.016110179750510545
2015-04-01,3.1556,-0.016469037765470596
2015-04-02,3.1492,-0.0020301999106224766
2015-04-06,3.0926,-0.018136291268981974
2015-04-07,3.1231,0.009813937222219016
2015-04-08,3.0834,-0.012793214037310152
2015-04-09,3.0466,-0.012006669523638047
2015-04-10,3.0796,0.010773503701293707
2015-04-13,3.1011,0.006957168838654271
2015-04-14,3.088,-0.004233255097882083
2015-04-15,3.0681,-0.006465154664589967
2015-04-16,3.0249,-0.01418044441279731
2015-04-17,3.0544,0.009705140904203713
2015-04-20,3.0473,-0.0023272213332161673
2015-04-22,3.0186,-0.009462804912939049
2015-04-23,3.0084,-0.003384771773079942
2015-04-24,2.9745,-0.011332418324287774
2015-04-27,2.9236,-0.01726022402172367
2015-04-28,2.8943,-0.010072448036900772
2015-04-29,2.9375,0.014815593883078515
2015-04-30,2.9936,0.018917797067410813
2015-05-04,3.0754,0.026958297561767264
2015-05-05,3.0626,-0.0041707457004849235
2015-05-06,3.042,-0.0067490345618694825
2015-05-07,3.0421,3.2872569487585324e-05
2015-05-08,2.9966,-0.015069753779681783
2015-05-11,3.0175,0.00695036136264271
2015-05-12,3.0389,0.007066933842666767
2015-05-13,3.0103,-0.0094558662638482
2015-05-14,3.0032,-0.0023613547182606
2015-05-15,2.9894,-0.004605688480530334
2015-05-18,3.0145,0.008361280577745989
2015-05-19,3.0284,0.0046004482996913065
2015-05-20,3.0347,0.0020781455913021496
2015-05-21,3.0295,-0.001714983435409767
2015-05-22,3.0653,0.011747854477622166
2015-05-25,3.1212,0.018072099379940143
2015-05-26,3.1351,0.004443528242321637
2015-05-27,3.174,0.012331550601426544
2015-05-28,3.1748,0.00025201613036607284
2015-05-29,3.1788,0.0012591288493037922
2015-06-01,3.1789,3.1457917174071426e-05
2015-06-02,3.1443,-0.010943935138956862
2015-06-03,3.1184,-0.008271240090945042
2015-06-05,3.1684,0.01590667883682828
2015-06-08,3.119,-0.015714290982321355
2015-06-09,3.0991,-0.006400690866969816
2015-06-10,3.0843,-0.004787019524050917
2015-06-11,3.1514,0.021522071311162794
2015-06-12,3.1107,-0.012999017295603155
2015-06-15,3.1036,-0.002285053212548016
2015-06-16,3.1082,0.0014810524617174803
2015-06-17,3.0989,-0.002996570688102995
2015-06-18,3.0472,-0.01682407362901439
2015-06-19,3.0788,0.010316774495768177
2015-06-22,3.0757,-0.001007393049692995
2015-06-23,3.1042,0.009223515606614718
2015-06-24,3.0852,-0.00613954815724016
2015-06-25,3.1015,0.005269380353328357
2015-06-26,3.1271,0.008220192066433318
2015-06-29,3.139,0.0037982203623478927
2015-06-30,3.1026,-0.01166380821172286
2015-07-01,3.1191,0.005304029021803602
2015-07-02,3.1173,-0.0005772561253234443
2015-07-03,3.1271,0.0031388149528948084
2015-07-06,3.1431,0.005103516547423359
2015-07-07,3.1809,0.011954601572833123
2015-07-08,3.2282,0.014760530739317268
2015-07-09,3.2163,-0.00369307580887579
2015-07-10,3.1897,-0.0083047620609642
2015-07-13,3.1594,-0.009544732334342498
2015-07-14,3.123,-0.011588057851918299
2015-07-15,3.1532,0.009623731902674626
2015-07-16,3.1375,-0.004991505745713942
2015-07-17,3.1832,0.014460675672679502
2015-07-20,3.2149,0.00990927287618848
2015-07-21,3.1813,-0.010506334721248844
2015-07-22,3.2094,0.008794085497600967
2015-07-23,3.285,0.0232826481534516
2015-07-24,3.3254,0.01222331568756796
2015-07-27,3.3557,0.009070424851610692
2015-07-28,3.3815,0.007659005557104859
2015-07-29,3.3419,-0.011779890509607593
2015-07-30,3.3652,0.006947889171271537
2015-07-31,3.394,0.008521770117513094
2015-08-03,3.4425,0.014188784808638388
2015-08-04,3.4675,0.007235921586176586
2015-08-05,3.4851,0.005062864998552241
2015-08-06,3.5347,0.014131691912423028
2015-08-07,3.5181,-0.004707358964833208
2015-08-10,3.4909,-0.007761488527738392
2015-08-11,3.4925,0.00045822952372676085
2015-08-12,3.4826,-0.00283867088583456
2015-08-13,3.5074,0.007095880989909764
2015-08-14,3.4761,-0.008964046564065908
2015-08-17,3.4746,-0.0004316112113271764
2015-08-18,3.4811,0.001868971316207002
2015-08-19,3.4849,0.0010910136023347672
2015-08-20,3.4751,-0.0028160938150805226
2015-08-21,3.4896,0.0041638608841041425
2015-08-24,3.5494,0.016991458653099922
2015-08-25,3.5345,-0.00420672848945558
2015-08-26,3.6326,0.027376798704334293
2015-08-27,3.5555,-0.02145294499177064
2015-08-28,3.579,0.006587731442453393
2015-08-31,3.6467,0.018739217267884634
2015-09-01,3.6725,0.007049980014121715
2015-09-02,3.7314,0.015910869289866403
2015-09-03,3.776,0.01188174992749258
2015-09-04,3.7986,0.005967329512744701
2015-09-08,3.8028,0.001105059706739464
2015-09-09,3.787,-0.004163488583080577
2015-09-10,3.8698,0.021628677200033586
2015-09-11,3.8698,0.0
2015-09-14,3.8653,-0.0011635274289081288
2015-09-15,3.8599,-0.0013980222853802182
2015-09-16,3.8368,-0.006002590554344822
2015-09-17,3.8921,0.01431017187335204
2015-09-18,3.9021,0.002566012031257392
2015-09-21,3.9821,0.020294448579549096
2015-09-22,4.0425,0.015053994133908288
2015-09-23,4.1041,0.015123161574220667
2015-09-24,4.1949,0.021883027689431955
2015-09-25,3.9479,-0.06068570976298249
2015-09-28,4.0099,0.015582511381873942
2015-09-29,4.1172,0.026407017318598403
2015-09-30,3.9729,-0.035677014051376243
2015-10-01,3.9794,0.0016347475441194081
2015-10-02,4.001,0.005413275712087495
2015-10-05,3.9141,-0.021958911917423052
2015-10-06,3.8567,-0.01477352241519947
2015-10-07,3.806,-0.013233126668517947
2015-10-08,3.8517,0.011935840409053045
2015-10-09,3.7386,-0.02980339948691646
2015-10-13,3.825,0.022847257482405015
2015-10-14,3.8507,0.006696482676089355
2015-10-15,3.8344,-0.004241981091304137
2015-10-16,3.8438,0.00244849175488282
2015-10-19,3.9015,0.014899633956511504
2015-10-20,3.8656,-0.009244185256374715
2015-10-21,3.9386,0.018708420897654898
2015-10-22,3.936,-0.0006603510259519663
2015-10-23,3.8988,-0.009496165709089066
2015-10-26,3.8582,-0.010468060009265923
2015-10-27,3.9114,0.013694612704759468
2015-10-28,3.8797,-0.008137535118171613
2015-10-29,3.9328,0.013593809331338802
2015-10-30,3.8589,-0.01896947161893614
2015-11-03,3.8126,-0.01207079767290331
2015-11-04,3.7687,-0.011581256690729846
2015-11-05,3.7893,0.005451191058892801
2015-11-06,3.8059,0.004371188759149103
2015-11-09,3.7928,-0.003447961619279738
2015-11-10,3.7981,0.001396409084886141
2015-11-11,3.7327,-0.01736910930583857
2015-11-12,3.7996,0.017763965649071123
2015-11-13,3.8023,0.0007103487584771973
2015-11-16,3.8336,0.008198162706571033
2015-11-17,3.8052,-0.007435757148773536
2015-11-18,3.7921,-0.003448596997089437
2015-11-19,3.7442,-0.012711979361044401
2015-11-20,3.701,-0.011604922588012156
2015-11-23,3.7231,0.005953601184928159
2015-11-24,3.7081,-0.004037038532698656
2015-11-25,3.7688,0.01623703234744589
2015-11-26,3.7606,-0.0021781292644571515
2015-11-27,3.7399,-0.005519646038177006
2015-11-30,3.8506,0.029170107212037832
2015-12-01,3.8745,0.006187641908769859
2015-12-02,3.8545,-0.0051753253046880054
2015-12-03,3.797,-0.015030015667514496
2015-12-04,3.7575,-0.010457438604672964
2015-12-07,3.7476,-0.002638207550096361
2015-12-08,3.7921,0.011804320258179457
2015-12-09,3.758,-0.009033054361802018
2015-12-10,3.7685,0.0027901433101140682
2015-12-11,3.8548,0.022642080693607847
2015-12-14,3.9023,0.012246997899938217
2015-12-15,3.8703,-0.008234099477870016
2015-12-16,3.9357,0.016756733355893783
2015-12-17,3.8929,-0.01093437560530619
2015-12-18,3.9062,0.0034106532530027156
2015-12-21,3.9831,0.019495376167175005
2015-12-22,3.977,-0.0015326443622754038
2015-12-23,3.9632,-0.0034759864725955048
2015-12-24,3.9524,-0.0027287904142874186
2015-12-28,3.9186,-0.008588542184141179
2015-12-29,3.8492,-0.017869112654420594
2015-12-30,3.9048,0.014341231090691853
2015-12-31,3.9048,0.0
2016-01-04,4.0387,0.033716292421046345
2016-01-05,4.0114,-0.0067825504420375715
2016-01-06,4.0303,0.0047005073054822155
2016-01-07,4.0475,0.004258591694361602
2016-01-08,4.025,-0.0055744956991263805
2016-01-11,4.0153,-0.0024128464624399992
2016-01-12,4.0299,0.003629497346853139
2016-01-13,3.9863,-0.010878079374509353
2016-01-14,4.0223,0.00899039594469242
2016-01-15,4.0402,0.0044403173731009105
2016-01-18,4.0364,-0.0009409900899872703
2016-01-19,4.0303,-0.001512390732945068
2016-01-20,4.0861,0.013750155033679823
2016-01-21,4.1558,0.016913978974671284
2016-01-22,4.1232,-0.00787538796767917
2016-01-25,4.1002,-0.0055938079076258695
2016-01-26,4.0967,-0.0008539814351053998
2016-01-27,4.0448,-0.012749666042885632
2016-01-28,4.0838,0.009595821976450702
2016-01-29,4.0428,-0.010090406288427056
2016-02-01,3.9986,-0.01099322136277503
2016-02-02,3.9919,-0.0016769918203372036
2016-02-03,3.9558,-0.009084451670086091
2016-02-04,3.8653,-0.023143557674388804
2016-02-05,3.8975,0.008296023259011243
2016-02-10,3.9412,0.011149923516387883
2016-02-11,3.9642,0.0058188238155756355
2016-02-12,3.9891,0.006261572266874849
2016-02-15,3.9885,-0.00015042117958574686
2016-02-16,4.0213,0.008190013069420132
2016-02-17,4.0318,0.0026076929257188297
2016-02-18,4.0091,-0.00564614913863104
2016-02-19,4.0492,0.009952553516904494
2016-02-22,3.9618,-0.021820863296015736
2016-02-23,3.9684,0.001664523347166602
2016-02-24,3.99,0.005428240108161786
2016-02-25,3.94,-0.01261050759192961
2016-02-26,3.9578,0.004507592022823692
2016-02-29,3.9796,0.005492996400401351
2016-03-01,3.9913,0.0029356806390155032
2016-03-02,3.9116,-0.020170494916100123
2016-03-03,3.8504,-0.015769458449220286
2016-03-04,3.7188,-0.03477600340719689
2016-03-07,3.7714,0.014045249711119423
2016-03-08,3.7813,0.0026215805394003144
2016-03-09,3.7037,-0.020735545866823246
2016-03-10,3.67,-0.009140657916783423
2016-03-11,3.6271,-0.011758231150473586
2016-03-14,3.6239,-0.0008826369349732577
2016-03-15,3.7116,0.023912256515855157
2016-03-16,3.8079,0.02561480558321705
2016-03-17,3.6445,-0.04385867423997358
2016-03-18,3.6146,-0.008237982420729484
2016-03-21,3.6229,0.0022936106773376874
2016-03-22,3.6073,-0.00431524002314676
2016-03-23,3.6531,0.012616552125342295
2016-03-24,3.6948,0.011350303537383644
2016-03-28,3.6408,-0.014722988016022898
2016-03-29,3.6687,0.007633938161001774
2016-03-30,3.6116,-0.01568648843010978
2016-03-31,3.5589,-0.014699379098156884
2016-04-01,3.5799,0.0058833587085525
2016-04-04,3.5871,0.002009209549924229
2016-04-05,3.6581,0.019599810326319078
2016-04-06,3.6749,0.004582034472397467
2016-04-07,3.6921,0.0046694804540401424
2016-04-08,3.6385,-0.014623893059259485
2016-04-11,3.5284,-0.03072699840252935
2016-04-12,3.5406,0.0034516939065663
2016-04-13,3.5429,0.0006493965076102004
2016-04-14,3.5126,-0.008589096811153052
2016-04-15,3.5276,0.004261249026390468
2016-04-18,3.5904,0.017645863874296674
2016-04-19,3.5538,-0.010246163377348072
2016-04-20,3.5503,-0.0009853465697782227
2016-04-22,3.5829,0.009140421401294674
2016-04-25,3.5472,-0.010013968480443669
2016-04-26,3.5301,-0.00483236072405413
2016-04-27,3.5295,-0.00016998130246603793
2016-04-28,3.4992,-0.008621846913023479
2016-04-29,3.4508,-0.013928282720079732
2016-05-02,3.4991,0.01389970435104515
2016-05-03,3.555,0.01584927068387243
2016-05-04,3.5397,-0.0043130854633581794
2016-05-05,3.5296,-0.0028574277147999094
2016-05-06,3.5362,0.0018681541848057925
2016-05-09,3.5387,0.0007067237993620967
2016-05-10,3.4772,-0.017532055838441973
2016-05-11,3.4645,-0.003659050137473141
2016-05-12,3.4877,0.0066741710881210725
2016-05-13,3.5041,0.00469121830628616
2016-05-16,3.5035,-0.00017124265125478821
2016-05-17,3.5037,5.7084142040864094e-05
2016-05-18,3.5368,0.009402810559404173
2016-05-19,3.6003,0.017794811793471865
2016-05-20,3.5419,-0.016353868998203236
2016-05-23,3.566,0.006781213115783613
2016-05-24,3.5491,-0.004750469222298159
2016-05-25,3.5804,0.00878047579599639
2016-05-27,3.6168,0.010115130983611387
2016-05-30,3.5997,-0.004739148341942556
2016-05-31,3.5951,-0.0012787014584920708
2016-06-01,3.6126,0.004855927518496506
2016-06-02,3.5961,-0.004577809817293499
2016-06-03,3.5409,-0.01546899277803071
2016-06-06,3.5098,-0.008821876323626743
2016-06-07,3.4745,-0.010108472025124327
2016-06-08,3.3898,-0.024679661170427858
2016-06-09,3.3817,-0.0023923809682797614
2016-06-10,3.4261,0.013044046400498388
2016-06-13,3.4533,0.007907707572953226
2016-06-14,3.4839,0.00882206033069588
2016-06-15,3.4768,-0.002040025417656688
2016-06-16,3.4904,0.0039040123072346944
2016-06-17,3.4372,-0.015359156370331917
2016-06-20,3.3835,-0.01574650976678771
2016-06-21,3.3897,0.0018307452110299938
2016-06-22,3.3883,-0.0004131012156711744
2016-06-23,3.3533,-0.010383385089277164
2016-06-24,3.3772,0.007102028216982914
2016-06-27,3.3934,0.0047854048134943206
2016-06-28,3.3267,-0.01985154698155922
2016-06-29,3.2435,-0.02532782797416977
2016-06-30,3.2098,-0.010444363766054288
2016-07-01,3.2298,0.0062115859079108215
2016-07-04,3.248,0.005619206486601858
2016-07-05,3.2904,0.012969715634645773
2016-07-06,3.3242,0.010219905720795452
2016-07-07,3.3388,0.004382417339571898
2016-07-08,3.2968,-0.012659159951974086
2016-07-11,3.3031,0.0019091204150030183
2016-07-12,3.275,-0.00854355237025839
2016-07-13,3.2896,0.004448107751439112
2016-07-14,3.2311,-0.017943340305013766
2016-07-15,3.2656,0.010620876539802815
2016-07-18,3.2634,-0.0006739163986102525
2016-07-19,3.2801,0.005104313061353727
2016-07-20,3.2512,-0.008849750774215792
2016-07-21,3.2585,0.002242807828326976
2016-07-22,3.2854,0.008221443334664569
2016-07-25,3.2819,-0.00106588714734146
2016-07-26,3.279,-0.0008840251151098766
2016-07-27,3.282,0.0009144948053878554
2016-07-28,3.274,-0.002440513718955817
2016-07-29,3.239,-0.01074783875975105
2016-08-01,3.2662,0.008362589471313742
2016-08-02,3.249,-0.005279972973542657
2016-08-03,3.2733,0.007451393660062422
2016-08-04,3.2183,-0.01694538051610439
2016-08-05,3.1859,-0.010118446155179539
2016-08-08,3.1771,-0.002765992648286808
2016-08-09,3.1503,-0.008471144629534688
2016-08-10,3.1302,-0.006400786123655244
2016-08-11,3.1364,0.001978745100364776
2016-08-12,3.1602,0.007559671360631848
2016-08-15,3.1672,0.0022126000745221752
2016-08-16,3.1749,0.0024282189758675354
2016-08-17,3.2248,0.015594797035167751
2016-08-18,3.2215,-0.00102384322425908
2016-08-19,3.2267,0.0016128535489683404
2016-08-22,3.2163,-0.003228312597361782
2016-08-23,3.2054,-0.003394742970828535
2016-08-24,3.2372,0.009871871062071769
2016-08-25,3.2319,-0.001638559053290356
2016-08-26,3.2153,-0.005149533652685667
2016-08-29,3.2613,0.01420522296249338
2016-08-30,3.2525,-0.0027019574914040057
2016-08-31,3.2403,-0.0037580132941221756
2016-09-01,3.2472,0.002127168432149773
2016-09-02,3.2431,-0.0012634240467717106
2016-09-05,3.2721,0.00890231812489084
2016-09-06,3.2452,-0.008254999081896974
2016-09-08,3.1934,-0.01609080161530896
2016-09-09,3.2638,0.021805980791233193
2016-09-12,3.2854,0.006596249410265376
2016-09-13,3.2972,0.003585213331972925
2016-09-14,3.3262,0.008756887796967039
2016-09-15,3.3326,0.0019222688684834566
2016-09-16,3.3004,-0.009709106874334905
2016-09-19,3.2636,-0.011212792675542982
2016-09-20,3.254,-0.002945871775662079
2016-09-21,3.2408,-0.0040647958905022374
2016-09-22,3.2015,-0.01220076292962391
2016-09-23,3.2242,0.007065407483041186
2016-09-26,3.24,0.0048884723444770906
2016-09-27,3.2358,-0.0012971372151389104
2016-09-28,3.2476,0.0036400694170550807
2016-09-29,3.2235,-0.007448536237616432
2016-09-30,3.2462,0.007017355720295271
2016-10-03,3.2338,-0.0038271651652559413
2016-10-04,3.2203,-0.0041833934052377675
2016-10-05,3.2359,0.004832573451839961
2016-10-06,3.231,-0.0015154095278182567
2016-10-07,3.2134,-0.005462120215263377
2016-10-10,3.2125,-0.000280116405759534
2016-10-11,3.2136,0.0003423538415971983
2016-10-13,3.2087,-0.0015259333730262004
2016-10-14,3.1864,-0.006974117804611879
2016-10-17,3.1963,0.003102137947636141
2016-10-18,3.1874,-0.0027883533895374235
2016-10-19,3.18,-0.002324340651310486
2016-10-20,3.1605,-0.006150953861869146
2016-10-21,3.1593,-0.0003797588576923694
2016-10-24,3.1311,-0.00896610356054528
2016-10-25,3.1193,-0.0037757628371866137
2016-10-26,3.1219,0.0008331731559332312
2016-10-27,3.1429,0.006704149742939203
2016-10-28,3.1815,0.01220684311704523
2016-10-31,3.1811,-0.00012573476268418204
2016-11-01,3.2053,0.007578640808200365
2016-11-03,3.231,0.007985997106135123
2016-11-04,3.2449,0.00429284619786352
2016-11-07,3.2024,-0.013184004343997913
2016-11-08,3.2024,0.0
2016-11-09,3.2258,0.00728045280471834
2016-11-10,3.3104,0.02588804650819654
2016-11-11,3.4377,0.037733615109233565
2016-11-14,3.4446,0.0020051443011339654
2016-11-16,3.4183,-0.007664435951628912
2016-11-17,3.4052,-0.0038396764401154027
2016-11-18,3.3917,-0.0039724044056823615
2016-11-21,3.3517,-0.011863590814185532
2016-11-22,3.3476,-0.00122400863131511
2016-11-23,3.3927,0.013382393386672131
2016-11-24,3.3987,0.0017669410021614596
2016-11-25,3.4279,0.008554823216032625
2016-11-28,3.3996,-0.008290051139113963
2016-11-29,3.406,0.0018808045981624222
2016-11-30,3.3967,-0.002734210179436314
2016-12-01,3.4362,0.011561837584669332
2016-12-02,3.465,0.00834642299613697
2016-12-05,3.4598,-0.0015018487111264633
2016-12-06,3.4354,-0.0070774167099521
2016-12-07,3.3895,-0.013450949331904605
2016-12-08,3.4008,0.0033282801735599055
2016-12-09,3.3858,-0.004420482841430928
2016-12-12,3.3697,-0.004766495590839304
2016-12-13,3.334,-0.010650935301570685
2016-12-14,3.3103,-0.0071339646055961214
2016-12-15,3.383,0.021724070075565205
2016-12-16,3.3712,-0.0034941257307838924
2016-12-19,3.3778,0.0019558459338964163
2016-12-20,3.3586,-0.005700389522913518
2016-12-21,3.3297,-0.008642010634863917
2016-12-22,3.3302,0.00015015240497295856
2016-12-23,3.2696,-0.018364708980948885
2016-12-26,3.2701,0.00015291221339630567
2016-12-27,3.2776,0.0022908817691973393
2016-12-28,3.2774,-6.1022120537490565e-05
2016-12-29,3.2591,-0.005599341486339338
2016-12-30,3.2591,0.0
2017-01-02,3.2729,0.004225358399171819
2017-01-03,3.2632,-0.0029681330216075885
2017-01-04,3.2333,-0.00920502151147562
2017-01-05,3.2129,-0.006329331420898088
2017-01-06,3.2057,-0.002243480827570865
2017-01-09,3.2097,0.0012469995692665492
2017-01-10,3.1918,-0.005592453847584666
2017-01-11,3.2154,0.007366745763773608
2017-01-12,3.1661,-0.01545122018974876
2017-01-13,3.2034,0.011712199195084594
2017-01-16,3.2234,0.0062239573544222715
2017-01-17,3.21,-0.004165765964556201
2017-01-18,3.2211,0.003451978984138071
2017-01-19,3.2113,-0.0030470765445196335
2017-01-20,3.1918,-0.00609081859859395
2017-01-23,3.1609,-0.00972822380825078
2017-01-24,3.1649,0.0012646623456713524
2017-01-25,3.169,0.001294621188414169
2017-01-26,3.1804,0.0035908943364078016
2017-01-27,3.1596,-0.006561537737064471
2017-01-30,3.1316,-0.008901381256504859
2017-01-31,3.127,-0.0014699775759179357
2017-02-01,3.1479,0.006661485374133802
2017-02-02,3.1196,-0.009030775375632016
2017-02-03,3.1241,0.001441453234194423
2017-02-06,3.1179,-0.0019865434280517125
2017-02-07,3.1304,0.004001093633716923
2017-02-08,3.1255,-0.0015665215243356734
2017-02-09,3.1185,-0.002242153405689562
2017-02-10,3.1155,-0.0009624639819008074
2017-02-13,3.1175,0.000641745569915031
2017-02-14,3.1004,-0.005500263146835271
2017-02-15,3.0779,-0.007283589165278714
2017-02-16,3.051,-0.00877814052540793
2017-02-17,3.095,0.014318500402026757
2017-02-20,3.0918,-0.001034460556462946
2017-02-21,3.097,0.0016804554109692837
2017-02-22,3.0824,-0.004725386661255104
2017-02-23,3.0638,-0.006052538733351875
2017-02-24,3.0993,0.011520303944913657
2017-03-01,3.0976,-0.0005486614412517632
2017-03-02,3.1138,0.005216227173316268
2017-03-03,3.1364,0.007231800101192842
2017-03-06,3.1111,-0.008099283970594229
2017-03-07,3.1185,0.0023757555800048014
2017-03-08,3.1477,0.009319910427628919
2017-03-09,3.1735,0.008163052352718525
2017-03-10,3.1623,-0.0035354688172717363
2017-03-13,3.1541,-0.002596417138436502
2017-03-14,3.1639,0.003102250034682452
2017-03-15,3.1629,-0.00031611557448529837
2017-03-16,3.108,-0.017509895763475614
2017-03-17,3.1075,-0.0001608881026720077
2017-03-20,3.0898,-0.0057121805069169085
2017-03-21,3.0765,-0.004313776697404403
2017-03-22,3.0939,0.005639843809588152
2017-03-23,3.1248,0.009937850132281545
2017-03-24,3.1282,0.0010874781177265813
2017-03-27,3.1256,-0.0008314944992802165
2017-03-28,3.1303,0.0015025818457092832
2017-03-29,3.1229,-0.002366789309274253
2017-03-30,3.1247,0.0005762212849109716
2017-03-31,3.1684,0.01388845002791772
2017-04-03,3.1167,-0.01645197884552907
2017-04-04,3.1231,0.0020513485189534997
2017-04-05,3.0923,-0.0099109476832564
2017-04-06,3.116,0.007634977410346355
2017-04-07,3.1302,0.004546772265763055
2017-04-10,3.1409,0.0034124827808488245
2017-04-11,3.1424,0.00047745612289573636
2017-04-12,3.1463,0.0012403200979467233
2017-04-13,3.1269,-0.0061850608447071576
2017-04-17,3.1036,-0.007479370393592033
2017-04-18,3.0958,-0.002516373880016909
2017-04-19,3.1294,0.010794938728179604
2017-04-20,3.1453,0.005067982224448597
2017-04-24,3.1251,-0.00644299243389268
2017-04-25,3.1577,0.010377631811150811
2017-04-26,3.1847,0.008514178577537113
2017-04-27,3.1763,-0.0026410957028046855
2017-04-28,3.1984,0.006933687401739608
2017-05-02,3.1724,-0.008162285536970959
2017-05-03,3.1489,-0.0074352137254278805
2017-05-04,3.178,0.009198882612924564
2017-05-05,3.1764,-0.0005035880756054656
2017-05-08,3.1938,0.005462950385710874
2017-05-09,3.1857,-0.0025393853288571133
2017-05-10,3.1606,-0.007910162102906293
2017-05-11,3.1559,-0.0014881661893137998
2017-05-12,3.129,-0.008560252116807332
2017-05-15,3.1011,-0.008956577426333379
2017-05-16,3.0924,-0.002809398796229212
2017-05-17,3.1076,0.004903235629946101
2017-05-18,3.3807,0.08423206455014753
2017-05-19,3.2878,-0.02786414055100339
2017-05-22,3.2863,-0.00045633623645202626
2017-05-23,3.2654,-0.006380045146893831
2017-05-24,3.2629,-0.0007658962125538515
2017-05-25,3.2824,0.005958491648466069
2017-05-26,3.2614,-0.006418311100799379
2017-05-29,3.2709,0.0029086253532688566
2017-05-30,3.2659,-0.001529800812361204
2017-05-31,3.2437,-0.006820722030875359
2017-06-01,3.2307,-0.0040158215342642745
2017-06-02,3.2401,0.0029053615046714665
2017-06-05,3.282,0.012848799142419765
2017-06-06,3.2817,-9.141185618144476e-05
2017-06-07,3.2747,-0.0021353189737534084
2017-06-08,3.2838,0.0027750265578261324
2017-06-09,3.274,-0.002988809446847096
2017-06-12,3.2986,0.007485657082971553
2017-06-13,3.3208,0.006707581724777256
2017-06-14,3.2836,-0.011265336264718151
2017-06-16,3.2892,0.0017039926226294355
2017-06-19,3.2975,0.0025202314947292415
2017-06-20,3.3145,0.005142177089976441
2017-06-21,3.3247,0.003072661774027541
2017-06-22,3.3362,0.003452990264481315
2017-06-23,3.3342,-0.0005996642060244195
2017-06-26,3.3128,-0.006439017282573012
2017-06-27,3.3172,0.0013273003456912846
2017-06-28,3.303,-0.004289907186259212
2017-06-29,3.2952,-0.002364282268918716
2017-06-30,3.3082,0.003937370686249775
2017-07-03,3.3015,-0.0020273241734947156
2017-07-04,3.305,0.0010595626511606948
2017-07-05,3.3193,0.004317444020664807
2017-07-06,3.3064,-0.0038939331089287155
2017-07-07,3.2895,-0.005124406671470183
2017-07-10,3.265,-0.007475814815520954
2017-07-11,3.2522,-0.003928072318909459
2017-07-12,3.2264,-0.00796472583246377
2017-07-13,3.2108,-0.004846837301736517
2017-07-14,3.1899,-0.006530558932271502
2017-07-17,3.1821,-0.002448212145615969
2017-07-18,3.1668,-0.004819741882255757
2017-07-19,3.1533,-0.004272090799860129
2017-07-20,3.1402,-0.004163031355997271
2017-07-21,3.1256,-0.004660227400560268
2017-07-24,3.1459,0.006473752976741354
2017-07-25,3.1556,0.0030786345033322338
2017-07-26,3.1657,0.0031955479394112363
2017-07-27,3.1513,-0.004559134064535453
2017-07-28,3.1457,-0.001778625210831608
2017-07-31,3.1307,-0.004779819182438638
2017-08-01,3.1161,-0.004674401800664585
2017-08-02,3.1268,0.0034278974442998322
2017-08-03,3.1194,-0.0023694417284501057
2017-08-04,3.1224,0.0009612612486800121
2017-08-07,3.1267,0.0013761983897377927
2017-08-08,3.132,0.0016936428545508697
2017-08-09,3.1464,0.004587164006905953
2017-08-10,3.1543,0.0025076591933699266
2017-08-11,3.1695,0.004807245413251504
2017-08-14,3.1888,0.0060708237343090055
2017-08-15,3.1976,0.0027558579385835724
2017-08-16,3.167,-0.009615760858474154
2017-08-17,3.1603,-0.002117807755025236
2017-08-18,3.1654,0.0016124701155684207
2017-08-21,3.1443,-0.006688140054941449
2017-08-22,3.1539,0.0030484924056535245
2017-08-23,3.1569,0.0009507511649811118
2017-08-24,3.1404,-0.005240353090775418
2017-08-25,3.1462,0.0018451950643036952
2017-08-28,3.1563,0.0032050800939473767
2017-08-29,3.1695,0.004173391241869551
2017-08-30,3.1638,-0.001800009959742166
2017-08-31,3.1471,-0.005292442910044048
2017-09-01,3.1333,-0.00439463161890874
2017-09-04,3.1389,0.0017856578195849515
2017-09-05,3.1203,-0.0059432690279142
2017-09-06,3.1133,-0.002245894167850482
2017-09-08,3.0908,-0.007253299799917734
2017-09-11,3.0852,-0.0018134719995848148
2017-09-12,3.1144,0.009420032236401976
2017-09-13,3.1343,0.00636934635241615
2017-09-14,3.1354,0.00035089398576859665
2017-09-15,3.1255,-0.00316248726256374
2017-09-18,3.1239,-0.000512049167907147
2017-09-19,3.1323,0.0026853377602145123
2017-09-20,3.1281,-0.001341767500517177
2017-09-21,3.1347,0.0021076842445177935
2017-09-22,3.1285,-0.0019798192697568773
2017-09-25,3.1412,0.004051236062301511
2017-09-26,3.1674,0.008306169556905996
2017-09-27,3.1932,0.008112486714018319
2017-09-28,3.1871,-0.0019121363755942866
2017-09-29,3.168,-0.006010938461733062
2017-10-02,3.1642,-0.001200214919353071
2017-10-03,3.1502,-0.004434316147328365
2017-10-04,3.1315,-0.00595381990216759
2017-10-05,3.1347,0.0010213527427074265
2017-10-06,3.1648,0.009556386720217969
2017-10-09,3.177,0.003847492841123179
2017-10-10,3.1688,-0.0025843879618092647
2017-10-11,3.1639,-0.0015475234822077688
2017-10-13,3.1572,-0.002119884991251819
2017-10-16,3.1607,0.0011079632023440755
2017-10-17,3.1769,0.005112356502095405
2017-10-18,3.1673,-0.003026388615497977
2017-10-19,3.1732,0.0018610525046591775
2017-10-20,3.1833,0.003177852119806479
2017-10-23,3.2003,0.005326160845906758
2017-10-24,3.247,0.014486937709284664
2017-10-25,3.2387,-0.0025594784004991933
2017-10-26,3.2444,0.0017584184938430614
2017-10-27,3.2801,0.010943476522134121
2017-10-30,3.2547,-0.007773804221809177
2017-10-31,3.2769,0.0067977480210925645
2017-11-01,3.2736,-0.0010075567602998436
2017-11-03,3.292,0.005604986039652982
2017-11-06,3.2851,-0.002098189941275086
2017-11-07,3.2733,-0.0035984425265225273
2017-11-08,3.2509,-0.006866769264574524
2017-11-09,3.2515,0.00018454724461824945
2017-11-10,3.2661,0.004480184246037577
2017-11-13,3.2873,0.006469946578259833
2017-11-14,3.2834,-0.001187088273086001
2017-11-16,3.2808,-0.000792175782568405
2017-11-17,3.2788,-0.0006097932989739263
2017-11-20,3.2623,-0.005045033709005109
2017-11-21,3.2591,-0.0009813844440860198
2017-11-22,3.2561,-0.0009209234442610903
2017-11-23,3.2371,-0.005852292930474734
2017-11-24,3.23,-0.002195730034346477
2017-11-27,3.2218,-0.002541927652836895
2017-11-28,3.2232,0.0004344453132723025
2017-11-29,3.2136,-0.002982850832065065
2017-11-30,3.2616,0.014826068459971253
2017-12-01,3.2636,0.0006130080496014045
2017-12-04,3.2506,-0.003991285885569518
2017-12-05,3.2322,-0.005676574754532426
2017-12-06,3.2354,0.0009895479810504426
2017-12-07,3.2892,0.016491806201146764
2017-12-08,3.2811,-0.0024656420874507035
2017-12-11,3.2845,0.0010357013232380474
2017-12-12,3.3149,0.009213023919915964
2017-12-13,3.3036,-0.003414674315881827
2017-12-14,3.3332,0.008920020571489884
2017-12-15,3.3182,-0.004510336298796824
2017-12-18,3.2881,-0.009112576870365263
2017-12-19,3.2883,6.082355089764846e-05
2017-12-20,3.2909,0.0007903696909499214
2017-12-21,3.3045,0.00412409232977029
2017-12-22,3.3209,0.004950654600656135
2017-12-26,3.32,-0.00027104760062957034
2017-12-27,3.3031,-0.005103361470923495
2017-12-28,3.308,0.001482355703971372
2017-12-29,3.308,0.0
2018-01-02,3.2697,-0.011645539580206421
2018-01-03,3.2535,-0.004966897628336797
2018-01-04,3.2318,-0.00669208239689123
2018-01-05,3.2409,0.002811811452901436
2018-01-08,3.2357,-0.0016057811559659907
2018-01-09,3.2397,0.0012354450717408927
2018-01-10,3.2467,0.002158362949394421
2018-01-11,3.2301,-0.005125999366437206
2018-01-12,3.2197,-0.003224908993570308
2018-01-15,3.1963,-0.007294296681140233
2018-01-16,3.2219,0.007977356816987857
2018-01-17,3.2324,0.0032536477272342434
2018-01-18,3.2129,-0.0060509392883176805
2018-01-19,3.2087,-0.0013080853989286823
2018-01-22,3.1934,-0.004779690766445244
2018-01-23,3.2249,0.009815762091583524
2018-01-24,3.197,-0.00868907193734314
2018-01-25,3.1391,-0.01827673544593189
2018-01-26,3.145,0.0018777555206312968
2018-01-29,3.1655,0.006497130849640431
2018-01-30,3.1661,0.00018952555492957046
2018-01-31,3.1624,-0.0011693135566350765
2018-02-01,3.173,0.0033462796007197593
2018-02-02,3.206,0.01034654158630266
2018-02-05,3.2355,0.009159421327822548
2018-02-06,3.2613,0.00794241338074353
2018-02-07,3.2467,-0.004486793021845958
2018-02-08,3.2692,0.006906210785756484
2018-02-09,3.2821,0.003938154769965507
2018-02-14,3.2536,-0.008721385818925453
2018-02-15,3.2208,-0.010132299707487746
2018-02-16,3.2381,0.005356962136447763
2018-02-19,3.2347,-0.0010505500904407494
2018-02-20,3.2507,0.004934169815697498
2018-02-21,3.2555,0.0014755159296853115
2018-02-22,3.2598,0.0013199701086155091
2018-02-23,3.2417,-0.005567960243512804
2018-02-26,3.2351,-0.002038044183699572
2018-02-27,3.2383,0.0009886613713514514
2018-02-28,3.2449,0.0020360322926902263
2018-03-01,3.262,0.00525597115859755
2018-03-02,3.2614,-0.0001839531537823902
2018-03-05,3.2582,-0.000981655395107861
2018-03-06,3.2246,-0.010365984102429504
2018-03-07,3.2318,0.0022303460085080218
2018-03-08,3.2518,0.006169431623307187
2018-03-09,3.2496,-0.0006767773353344442
2018-03-12,3.2606,0.0033793156794337254
2018-03-13,3.2492,-0.0035024153287550597
2018-03-14,3.2584,0.002827465157403841
2018-03-15,3.2859,0.008404309663607723
2018-03-16,3.2905,0.001398941898363315
2018-03-19,3.2911,0.00018232648646598903
2018-03-20,3.2981,0.002124689684133152
2018-03-21,3.2921,-0.0018208860604573829
2018-03-22,3.3033,0.003396309781339646
2018-03-23,3.3041,0.00024215273902261636
2018-03-26,3.3034,-0.00021188043968800585
2018-03-27,3.3256,0.006697867851438
2018-03-28,3.338,0.003721716283352494
2018-03-29,3.3238,-0.004263118528357479
2018-04-02,3.3104,-0.004039678702144167
2018-04-03,3.3139,0.00105671552486708
2018-04-04,3.3538,0.01196828779686343
2018-04-05,3.3196,-0.010249737588716279
2018-04-06,3.3666,0.014059039260688522
2018-04-09,3.3903,0.0070150800492332355
2018-04-10,3.4195,0.008575928503936181
2018-04-11,3.4052,-0.004190666528248954
2018-04-12,3.3858,-0.00571345980675253
2018-04-13,3.4105,0.007268692891624573
2018-04-16,3.4263,0.004622053629897094
2018-04-17,3.4041,-0.00650037425961747
2018-04-18,3.3844,-0.005803949414707743
2018-04-19,3.3977,0.0039220940562036954
2018-04-20,3.4101,0.0036428842542248763
2018-04-23,3.4421,0.009340133864918387
2018-04-24,3.4667,0.007121382574049484
2018-04-25,3.504,0.010702040256539869
2018-04-26,3.4977,-0.0017995634489267331
2018-04-27,3.4676,-0.00864289761287007
2018-04-30,3.4811,0.0038856237815207972
2018-05-02,3.5424,0.017456127738311622
2018-05-03,3.5484,0.001692334132114004
2018-05-04,3.5308,-0.004972323500353815
2018-05-07,3.5458,0.004239330318202228
2018-05-08,3.5788,0.009263744209160762
2018-05-09,3.5943,0.0043217086405220595
2018-05-10,3.5566,-0.010544225004402774
2018-05-11,3.5716,0.004208642333501267
2018-05-14,3.6097,0.01061099173758695
2018-05-15,3.6753,0.01801009558758615
2018-05-16,3.6803,0.0013595086111559684
2018-05-17,3.6874,0.0019273320568997665
2018-05-18,3.7503,0.016914234128336814
2018-05-21,3.7072,-0.011558962086515301
2018-05-22,3.6502,-0.015494914082191613
2018-05-23,3.6507,0.00013696941494378834
2018-05-24,3.6436,-0.0019467261402090763
2018-05-25,3.6587,0.004135689172571011
2018-05-28,3.7092,0.013708326882845068
2018-05-29,3.7289,0.005297064052195655
2018-05-30,3.737,0.0021698665072171774
2018-06-01,3.7413,0.001149994109327368
2018-06-04,3.7424,0.0002939722351034124
2018-06-05,3.7752,0.00872624458226312
2018-06-06,3.8193,0.011613798323531599
2018-06-07,3.9,0.020909393382028352
2018-06-08,3.7859,-0.029692913798199605
2018-06-11,3.6913,-0.025304939806244375
2018-06-12,3.7044,0.003542602782820259
2018-06-13,3.7054,0.0002699128197982681
2018-06-14,3.7057,8.09596416631031e-05
2018-06-15,3.7738,0.018210276596038355
2018-06-18,3.7543,-0.005180601642581717
2018-06-19,3.7566,0.00061244326828791
2018-06-20,3.7335,-0.006168161503563585
2018-06-21,3.7894,0.014861563722505577
2018-06-22,3.7663,-0.006114608037027791
2018-06-25,3.776,0.0025721611041571446
2018-06-26,3.7721,-0.0010333727287803463
2018-06-27,3.8358,0.016746142464125313
2018-06-28,3.8521,0.004240436120290347
2018-06-29,3.8558,0.0009600540443419625
2018-07-02,3.9055,0.012807307884983521
2018-07-03,3.892,-0.0034626517444562577
2018-07-04,3.9058,0.0035394635427863363
2018-07-05,3.9192,0.003424923475682906
2018-07-06,3.9264,0.001835424192227375
2018-07-09,3.8692,-0.014675208208200452
2018-07-10,3.8452,-0.0062221501167307736
2018-07-11,3.8417,-0.0009106402429768234
2018-07-12,3.8564,0.0038191288415410085
2018-07-13,3.8745,0.004682516413779592
2018-07-16,3.8579,-0.004293628240152891
2018-07-17,3.8671,0.002381878148754124
2018-07-18,3.8474,-0.005107276640525127
2018-07-19,3.8847,0.009648165270823128
2018-07-20,3.7793,-0.027506953463349637
2018-07-23,3.7915,0.003222911861435751
2018-07-24,3.7459,-0.012099810634762287
2018-07-25,3.712,-0.009091093600136713
2018-07-26,3.7243,0.003308099785406693
2018-07-27,3.7164,-0.002123456924340461
2018-07-30,3.7155,-0.00024219916963352794
2018-07-31,3.7549,0.010548395087640161
2018-08-01,3.7491,-0.001545842525316532
2018-08-02,3.7645,0.004099239130329391
2018-08-03,3.7201,-0.011864500663861577
2018-08-06,3.7214,0.0003493919272254953
2018-08-07,3.7118,-0.0025830074093367017
2018-08-08,3.7519,0.010745444174702579
2018-08-09,3.803,0.013527850609352798
2018-08-10,3.8472,0.01155538203519324
2018-08-13,3.8988,0.013323202499602171
2018-08-14,3.8812,-0.0045244293119106604
2018-08-15,3.9134,0.008262177192854159
2018-08-16,3.881,-0.008313708975092204
2018-08-17,3.9389,0.014808644125640313
2018-08-20,3.943,0.0010403583830804752
2018-08-21,3.9873,0.011172455217769661
2018-08-22,4.074,0.021511007691354278
2018-08-23,4.0727,-0.0003191476330375309
2018-08-24,4.0854,0.0031134725632624427
2018-08-27,4.0687,-0.004096104622086649
2018-08-28,4.1192,0.012335431637042316
2018-08-29,4.1353,0.0039009074847036196
2018-08-30,4.1812,0.011038409441916697
2018-08-31,4.1353,-0.011038409441916697
2018-09-03,4.1279,-0.001791074154863459
2018-09-04,4.1652,0.008995490593969091
2018-09-05,4.1609,-0.0010328966460400046
2018-09-06,4.146,-0.0035873830139758756
2018-09-10,4.1007,-0.010986323169007939
2018-09-11,4.1641,0.01534247498961494
2018-09-12,4.1259,-0.009215988027560185
2018-09-13,4.1637,0.009119924241132171
2018-09-14,4.1879,0.005795312929504748
2018-09-17,4.1695,-0.004403290432368534
2018-09-18,4.1369,-0.007849409463169144
2018-09-19,4.1351,-0.0004352031016463531
2018-09-20,4.0997,-0.008597711678641318
2018-09-21,4.0728,-0.006583076695457102
2018-09-24,4.0594,-0.003295544164600095
2018-09-25,4.1286,0.016903187012963006
2018-09-26,4.057,-0.017494582230041855
2018-09-27,4.0092,-0.011852064055736244
2018-09-28,4.0039,-0.0013228340524560345
2018-10-01,4.0273,0.005827290122701001
2018-10-02,3.9505,-0.019254023058168146
2018-10-03,3.8542,-0.02467869039896753
2018-10-04,3.9047,0.013017492974939593
2018-10-05,3.8699,-0.008952288842067446
2018-10-08,3.7588,-0.029128909387782675
2018-10-09,3.7391,-0.0052548167704247195
2018-10-10,3.751,0.0031775303434022906
2018-10-11,3.746,-0.0013338670778535455
2018-10-15,3.7332,-0.0034228293124420883
2018-10-16,3.7079,-0.006800096085797458
2018-10-17,3.7008,-0.0019166661286196263
2018-10-18,3.6963,-0.0012166931784425294
2018-10-19,3.7079,0.0031333593070621557
2018-10-22,3.6903,-0.004757923062945313
2018-10-23,3.708,0.0047848921428967905
2018-10-24,3.706,-0.0005395198404407608
2018-10-25,3.7014,-0.001242001401656978
2018-10-26,3.6753,-0.007076364475413488
2018-10-29,3.6368,-0.010530587869955754
2018-10-30,3.7019,0.01774202724460605
2018-10-31,3.7177,0.0042589961407819565
2018-11-01,3.6973,-0.005502373963419238
2018-11-05,3.7048,0.002026452646294752
2018-11-06,3.7492,0.011913207705788409
2018-11-07,3.7592,0.002663684916275111
2018-11-08,3.7391,-0.0053612280501207366
2018-11-09,3.7506,0.00307088642733655
2018-11-12,3.7478,-0.0007468260242562419
2018-11-13,3.7792,0.008343345861477669
2018-11-14,3.7924,0.0034867170407610892
2018-11-16,3.7525,-0.010576779536187075
2018-11-19,3.7553,0.0007458909746704823
2018-11-20,3.7591,0.00101139154794061
2018-11-21,3.7872,0.007447392729491353
2018-11-22,3.8103,0.006080966418663847
2018-11-23,3.8081,-0.0005775491077266715
2018-11-26,3.8655,0.014960662689872617
2018-11-27,3.8925,0.006960584947623971
2018-11-28,3.8631,-0.0075816547603053674
2018-11-29,3.8568,-0.0016321458564354518
2018-11-30,3.8633,0.0016839164093565007
2018-12-03,3.8285,-0.009048658947590882
2018-12-04,3.8313,0.0007310896171479619
2018-12-05,3.8561,0.00645213883379836
2018-12-06,3.9178,0.015873961745175524
2018-12-07,3.8964,-0.0054772218524994365
2018-12-10,3.911,0.00374004585871357
2018-12-11,3.9013,-0.0024832648476558195
2018-12-12,3.8629,-0.009891634193260446
2018-12-13,3.879,0.004159191725369382
2018-12-14,3.909,0.0077041983529875235
2018-12-17,3.9121,0.0007927274072294654
2018-12-18,3.8997,-0.003174687118101094
2018-12-19,3.8907,-0.002310537072277574
2018-12-20,3.8443,-0.011997558260399277
2018-12-21,3.8671,0.005913340363199904
2018-12-24,3.8855,0.004746803536690658
2018-12-26,3.9258,0.010318476454451275
2018-12-27,3.933,0.0018323413280614265
2018-12-28,3.8748,-0.014908444879579763
2018-12-31,3.8748,0.0
2019-01-02,3.8595,-0.003956407162321263
2019-01-03,3.7683,-0.02391367002859157
2019-01-04,3.7627,-0.0014871865707442034
2019-01-07,3.7062,-0.015129691860664263
2019-01-08,3.7208,0.0039316059799787695
2019-01-09,3.6931,-0.007472485167773213
2019-01-10,3.6869,-0.0016802171974570346
2019-01-11,3.7141,0.00735039115360725
2019-01-14,3.726,0.003198884463269547
2019-01-15,3.7049,-0.005679004348904337
2019-01-16,3.7197,0.003986752041276631
2019-01-17,3.7591,0.01053654717632213
2019-01-18,3.7486,-0.0027971301053435482
2019-01-21,3.7705,0.005825181717817207
2019-01-22,3.7615,-0.0023898046424255526
2019-01-23,3.7994,0.010025345510672468
2019-01-24,3.7815,-0.004722403214864501
2019-01-25,3.7626,-0.0050105485190541366
2019-01-28,3.7676,0.0013279861716319896
2019-01-29,3.737,-0.008155043463178302
2019-01-30,3.7151,-0.005877554795500783
2019-01-31,3.6519,-0.017158015606322685
2019-02-01,3.6694,0.004780580860958894
2019-02-04,3.6756,0.0016882236821107455
2019-02-05,3.6741,-0.0004081799313786494
2019-02-06,3.7019,0.007537996647533518
2019-02-07,3.7193,0.004689277174716455
2019-02-08,3.7184,-0.00024201030006398838
2019-02-11,3.7391,0.005551472520947787
2019-02-12,3.7296,-0.002543951456992488
2019-02-13,3.7277,-0.000509567817068568
2019-02-14,3.7756,0.012767888986365161
2019-02-15,3.7155,-0.016046051853265242
2019-02-18,3.7316,0.004323837489282001
2019-02-19,3.7206,-0.002952150502918638
2019-02-20,3.71,-0.002853068982406448
2019-02-21,3.7595,0.01325409321660076
2019-02-22,3.743,-0.00439854091365266
2019-02-25,3.7285,-0.003881420920579526
2019-02-26,3.7595,0.008279961834232186
2019-02-27,3.7351,-0.006511377847861155
2019-02-28,3.7385,0.0009098694697498022
2019-03-01,3.7832,0.011885750889695679
2019-03-06,3.8303,0.012372916759194386
2019-03-07,3.8487,0.004792299834543767
2019-03-08,3.8678,0.004950441004794026
2019-03-11,3.8461,-0.0056262220774527805
2019-03-12,3.8129,-0.0086695934058032
2019-03-13,3.8265,0.003560492805033455
2019-03-14,3.8327,0.001618968392055109
2019-03-15,3.8344,0.00044345320339078675
2019-03-18,3.8111,-0.006095107483754525
2019-03-19,3.7762,-0.009199648397235194
2019-03-20,3.7897,0.0035686473062412905
2019-03-21,3.7967,0.0018454080951597618
2019-03-22,3.8815,0.02208940847990215
2019-03-25,3.877,-0.0011600181748059324
2019-03-26,3.8646,-0.0032034748900291454
2019-03-27,3.9389,0.019043312713646676
2019-03-28,3.9682,0.007411094865823253
2019-03-29,3.8967,-0.018182550279021825
2019-04-01,3.8682,-0.007340758536718672
2019-04-02,3.8661,-0.0005430355821742783
2019-04-03,3.8436,-0.005836819559342343
2019-04-04,3.8713,0.00718094052578766
2019-04-05,3.8622,-0.0023533986422752395
2019-04-08,3.8658,0.0009316770860265944
2019-04-09,3.8563,-0.0024604718386675994
2019-04-10,3.8345,-0.00566912632907024
2019-04-11,3.8399,0.0014072763711019398
2019-04-12,3.8685,0.007420510413493231
2019-04-15,3.873,0.0011625655252431866
2019-04-16,3.8913,0.004713891499984912
2019-04-17,3.9225,0.007985913592450489
2019-04-18,3.937,0.0036898063365498057
2019-04-22,3.923,-0.003562344734184819
2019-04-23,3.9436,0.005237344491333618
2019-04-24,3.963,0.004907302489548737
2019-04-25,3.9725,0.0023943052204360438
2019-04-26,3.9353,-0.009408501583573647
2019-04-29,3.9364,0.000279482197532932
2019-04-30,3.9453,0.0022583969911984525
2019-05-02,3.965,0.00498085805291959
2019-05-03,3.9388,-0.006629746695301364
2019-05-06,3.9624,0.005973793900380997
2019-05-07,3.988,0.0064399498077010175
2019-05-08,3.9344,-0.013531459619800845
2019-05-09,3.9673,0.008327370090210673
2019-05-10,3.9578,-0.0023974472373355926
2019-05-13,3.989,0.007852257590603262
2019-05-14,3.9788,-0.0025603066271475683
2019-05-15,4.0031,0.006088794666339936
2019-05-16,4.0138,0.0026693625599838455
2019-05-17,4.0844,0.017436415176800057
2019-05-20,4.1056,0.005177056739934516
2019-05-21,4.081,-0.006009839015511442
2019-05-22,4.0228,-0.014363878835480515
2019-05-23,4.0513,0.007059639679064977
2019-05-24,4.0322,-0.00472568455377953
2019-05-27,4.021,-0.0027815047983368313
2019-05-28,4.0275,0.0016152081538554075
2019-05-29,3.9965,-0.0077268579850555685
2019-05-30,3.972,-0.006149231901010577
2019-05-31,3.9407,-0.007911373679017064
2019-06-03,3.9003,-0.01030489924981337
2019-06-04,3.871,-0.007540601658584611
2019-06-05,3.8611,-0.0025607546229116096
2019-06-06,3.8726,0.002973999114561199
2019-06-07,3.8571,-0.004010510310984872
2019-06-10,3.879,0.005661782681654293
2019-06-11,3.8664,-0.0032535469090928526
2019-06-12,3.8437,-0.005888397190733974
2019-06-13,3.8429,-0.00020815445135391464
2019-06-14,3.8813,0.009942859157689554
2019-06-17,3.8895,0.0021104656003527733
2019-06-18,3.8608,-0.007406198776061634
2019-06-19,3.8723,0.0029742298631745268
2019-06-21,3.8255,-0.012159468062035161
2019-06-24,3.8234,-0.0005490985769887047
2019-06-25,3.8303,0.0018030499939425404
2019-06-26,3.8441,0.0035963762311079783
2019-06-27,3.8642,0.005215169507314821
2019-06-28,3.8322,-0.00831562403168462
2019-07-01,3.8193,-0.0033718910598892204
2019-07-02,3.8564,0.009666946054516012
2019-07-03,3.8475,-0.002310519077191042
2019-07-04,3.794,-0.014002715218074835
2019-07-05,3.8204,0.006934257665623056
2019-07-08,3.8065,-0.003644997414315121
2019-07-09,3.7858,-0.0054529065741482086
2019-07-10,3.7697,-0.004261802493185529
2019-07-11,3.7533,-0.004359969687469656
2019-07-12,3.7452,-0.0021604329267299605
2019-07-15,3.7463,0.00029366615708625865
2019-07-16,3.7624,0.004288365409018002
2019-07-17,3.7618,-0.00015948539413424
2019-07-18,3.7489,-0.003435102636218268
2019-07-19,3.7408,-0.002162971322736462
2019-07-22,3.74,-0.0002138808691716232
2019-07-23,3.7621,0.0058917007046424
2019-07-24,3.7596,-0.0006647433670738945
2019-07-25,3.7849,0.006706897697126291
2019-07-26,3.7741,-0.0028575227804978898
2019-07-29,3.7909,0.00444151424133743
2019-07-30,3.79,-0.0002374388276400463
2019-07-31,3.7649,-0.006644718620179235
2019-08-01,3.8296,0.01703905862200661
2019-08-02,3.8739,0.011501392442416325
2019-08-05,3.9404,0.017020489460808363
2019-08-06,3.9643,0.006047053734853813
2019-08-07,3.985,0.005208017507937424
2019-08-08,3.9409,-0.011128188621733592
2019-08-09,3.9362,-0.0011933327132447324
2019-08-12,3.9966,0.015228208757851691
2019-08-13,3.9736,-0.005771514854048032
2019-08-14,4.0074,0.008470167166504616
2019-08-15,4.0188,0.0028406986285138824
2019-08-16,3.9933,-0.006365393867076019
2019-08-19,4.0274,0.008503049723221912
2019-08-20,4.0425,0.003742306006957019
2019-08-21,4.0254,-0.00423902765436468
2019-08-22,4.0444,0.004708923420346789
2019-08-23,4.0851,0.010012999581395121
2019-08-26,4.1367,0.012552160717165917
2019-08-27,4.1557,0.004582517304795086
2019-08-28,4.1559,4.812551134270038e-05
2019-08-29,4.168,0.0029072931012599224
2019-08-30,4.1385,-0.0071029011077525794
2019-09-02,4.1581,0.004724835827360829
2019-09-03,4.1657,0.0018260895533086519
2019-09-04,4.1249,-0.009842551655433018
2019-09-05,4.0859,-0.009499754785628145
2019-09-06,4.065,-0.005128279283147519
2019-09-09,4.0766,0.002849564667718907
2019-09-10,4.1108,0.008354349101288072
2019-09-11,4.0631,-0.011671427710667981
2019-09-12,4.0494,-0.0033775070628341286
2019-09-13,4.0616,0.00300826265576859
2019-09-16,4.0872,0.006283154383403655
2019-09-17,4.0998,0.003078052998199299
2019-09-18,4.0972,-0.000634378452408102
2019-09-19,4.1393,0.010222877835382782
2019-09-20,4.1687,0.007077545191244594
2019-09-23,4.1734,0.001126814710277646
2019-09-24,4.1721,-0.000311545146609582
2019-09-25,4.1827,0.002537464855542293
2019-09-26,4.1469,-0.008595903869796029
2019-09-27,4.1587,0.0028414582785878384
2019-09-30,4.1644,0.001369682183588683
2019-10-01,4.174,0.002302601036548557
2019-10-02,4.1546,-0.00465865453656189
2019-10-03,4.1012,-0.01293654030464797
2019-10-04,4.061,-0.009850365109638659
2019-10-07,4.0688,0.001918866981557521
2019-10-08,4.0868,0.004414152049413422
2019-10-09,4.0954,0.002102124897191082
2019-10-10,4.1145,0.004652927431307852
2019-10-11,4.106,-0.0020680014668887914
2019-10-14,4.1263,0.004931803055246542
2019-10-15,4.1488,0.005438014150274562
2019-10-16,4.1714,0.0054325750781347715
2019-10-17,4.1457,-0.006180058384986031
2019-10-18,4.1376,-0.0019557429000103266
2019-10-21,4.1319,-0.001378559986142669
2019-10-22,4.0858,-0.011219802037842452
2019-10-23,4.0721,-0.0033587106679582313
2019-10-24,4.0089,-0.015641947430470093
2019-10-25,4.0133,0.0010969560572449133
2019-10-28,3.9793,-0.008507921099466298
2019-10-29,3.9946,0.003837524618167887
2019-10-30,4.0186,0.005990134219381327
2019-10-31,4.0041,-0.0036147471022371924
2019-11-01,3.9786,-0.006388837545338477
2019-11-04,3.9922,0.0034124587739052803
2019-11-05,4.0043,0.0030263263265106755
2019-11-06,4.0351,0.007662300841118741
2019-11-07,4.0927,0.014173814390718409
2019-11-08,4.1365,0.01064512069510748
2019-11-11,4.1559,0.004678991701705382
2019-11-12,4.1756,0.004729049202200519
2019-11-13,4.1767,0.0002634005019837016
2019-11-14,4.1831,0.001531137407674077
2019-11-18,4.1827,-9.562743558411135e-05
2019-11-19,4.2084,0.006125556925915543
2019-11-20,4.2037,-0.0011174380925240701
2019-11-21,4.2012,-0.00059489109298827
2019-11-22,4.1832,-0.0042936948746994386
2019-11-25,4.2089,0.006124827001912303
2019-11-26,4.2559,0.011104924629004476
2019-11-27,4.2602,0.0010098520133463573
2019-11-28,4.248,-0.002867823596409247
2019-11-29,4.224,-0.005665737535677451
2019-12-02,4.2261,0.0004970355482734057
2019-12-03,4.2008,-0.0060045986107211125
2019-12-04,4.1926,-0.0019539167938675828
2019-12-05,4.2136,0.004996322639397421
2019-12-06,4.1783,-0.008412923939262074
2019-12-09,4.1503,-0.006723844461282269
2019-12-10,4.1427,-0.001832871609220188
2019-12-11,4.1153,-0.006636013695892284
2019-12-12,4.1092,-0.001483373121413889
2019-12-13,4.0949,-0.003486065377532599
2019-12-16,4.0801,-0.003620799062807656
2019-12-17,4.0687,-0.0027979598068792466
2019-12-18,4.0548,-0.00342217358664465
2019-12-19,4.0633,0.0020940868198673357
2019-12-20,4.0777,0.0035376526269452757
2019-12-23,4.0757,-0.0004905928913370161
2019-12-24,4.0813,0.0013730540345213704
2019-12-26,4.0601,-0.005207961263918204
2019-12-27,4.0545,-0.001380228449711307
2019-12-30,4.0307,-0.005887317257036173
2019-12-31,4.0307,0.0
2020-01-02,4.0213,-0.002334824706971661
2020-01-03,4.0522,0.00765471007144658
2020-01-06,4.0554,0.0007893828423124472
2020-01-07,4.0841,0.0070520594486576105
2020-01-08,4.0672,-0.004146583787886016
2020-01-09,4.0744,0.0017686945752599659
2020-01-10,4.0745,2.4543189879544514e-05
2020-01-13,4.1309,0.013747261129741117
2020-01-14,4.1443,0.003238595251391141
2020-01-15,4.1622,0.004309884477904147
2020-01-16,4.1726,0.0024955620764628428
2020-01-17,4.1837,0.0026566797574525403
2020-01-20,4.1829,-0.0001912365841412189
2020-01-21,4.2014,0.0044130171924949835
2020-01-22,4.1889,-0.0029796334453211504
2020-01-23,4.1662,-0.005433820266444345
2020-01-24,4.1769,0.002564995233534928
2020-01-27,4.2196,0.010170992224304287
2020-01-28,4.2064,-0.0031331618320367127
2020-01-29,4.2013,-0.0012131737872453918
2020-01-30,4.2523,0.01206601181750333
2020-01-31,4.2695,0.004036711341785848
2020-02-03,4.2475,-0.005166149801573816
2020-02-04,4.2381,-0.0022155189603585423
2020-02-05,4.2449,0.0016032067562152807
2020-02-06,4.2477,0.0006593976170912175
2020-02-07,4.3076,0.014003244495691014
2020-02-10,4.3195,0.0027587503442128014
2020-02-11,4.3148,-0.0010886812976647064
2020-02-12,4.3366,0.00503965742884338
2020-02-13,4.3389,0.0005302288176785019
2020-02-14,4.3163,-0.005222305980947084
2020-02-17,4.3157,-0.0001390176091209394
2020-02-18,4.3471,0.007249419937298329
2020-02-19,4.3728,0.005894580078777301
2020-02-20,4.3873,0.0033104675157495933
2020-02-21,4.3924,0.0011617710340052767
2020-02-26,4.4359,0.00985475166122618
2020-02-27,4.4764,0.009088625559087626
2020-02-28,4.4987,0.004969314189216867
2020-03-02,4.4946,-0.0009117899511967842
2020-03-03,4.4883,-0.001402665293596117
2020-03-04,4.5258,0.008320346199344186
2020-03-05,4.6207,0.020751851662398124
2020-03-06,4.6459,0.005438901457154088
2020-03-09,4.7379,0.01960888933692595
2020-03-10,4.6693,-0.014584832049862939
2020-03-11,4.6738,0.0009632777874506449
2020-03-12,4.8833,0.04384877553353417
2020-03-13,4.7362,-0.030586094413318943
2020-03-16,4.9471,0.043566419892757
2020-03-17,5.0496,0.020507485916821944
2020-03-18,5.1107,0.012027348905852886
2020-03-19,5.1444,0.006572363274578441
2020-03-20,5.0248,-0.023523092251760636
2020-03-23,5.0805,0.01102402978576511
2020-03-24,5.0713,-0.0018124869517885944
2020-03-25,5.0706,-0.00013804119565596906
2020-03-26,5.001,-0.013821261359587833
2020-03-27,5.1109,0.02173762151523473
2020-03-30,5.1594,0.009444779710767293
2020-03-31,5.1987,0.007588300669403525
2020-04-01,5.2404,0.00798923696520637
2020-04-02,5.2651,0.004702307460515476
2020-04-03,5.2997,0.006550076424542972
2020-04-06,5.2471,-0.00997467214984904
2020-04-07,5.2217,-0.004852523659082175
2020-04-08,5.2123,-0.001801802289262966
2020-04-09,5.0779,-0.02612342678809987
2020-04-13,5.1824,0.02037047913878487
2020-04-14,5.1858,0.0006558515695826994
2020-04-15,5.2579,0.013807586484056777
2020-04-16,5.2377,-0.003849236811866108
2020-04-17,5.2573,0.0037351163004823995
2020-04-20,5.2837,0.005009022900798632
2020-04-22,5.3847,0.018934988872086
2020-04-23,5.4467,0.011448321945992435
2020-04-24,5.651,0.03682259995164561
2020-04-27,5.6358,-0.0026934134013187894
2020-04-28,5.5683,-0.012049306355362166
2020-04-29,5.4291,-0.025316426538897208
2020-04-30,5.427,-0.00038687927086056284
2020-05-04,5.5816,0.02808897856162207
2020-05-05,5.5354,-0.008311642704110778
2020-05-06,5.6676,0.023601916769155906
2020-05-07,5.8365,0.0293655544026461
2020-05-08,5.7653,-0.012274111582178504
2020-05-11,5.7954,0.005207308902765773
2020-05-12,5.7723,-0.003993884818224824
2020-05-13,5.9022,0.022254548151686926
2020-05-14,5.9372,0.005912479003842508
2020-05-15,5.8229,-0.019439222339331153
2020-05-18,5.7375,-0.014774844042478197
2020-05-19,5.7216,-0.002775088829660266
2020-05-20,5.6968,-0.004343872871225285
2020-05-21,5.6019,-0.016798787774771062
2020-05-22,5.5808,-0.0037736906185381613
2020-05-25,5.4772,-0.018738113816527235
2020-05-26,5.3707,-0.019635767632983914
2020-05-27,5.2992,-0.013402388074208682
2020-05-28,5.3405,0.007763415778864191
2020-05-29,5.4263,0.015938220508313172
2020-06-01,5.3639,-0.011566179614151073
2020-06-02,5.2601,-0.019541284466026987
2020-06-03,5.0516,-0.04044501318587024
2020-06-04,5.1041,0.010339113537169764
2020-06-05,4.9775,-0.025116381370833274
2020-06-08,4.9331,-0.008960163270104404
2020-06-09,4.9057,-0.005569799332245218
2020-06-10,4.8894,-0.003328197781772735
2020-06-12,5.0373,0.029800627679304137
2020-06-15,5.1883,0.02953586628269167
2020-06-16,5.1285,-0.011592871768759228
2020-06-17,5.2499,0.023395810037748044
2020-06-18,5.3468,0.01828922231210428
2020-06-19,5.3466,-3.740625058901159e-05
2020-06-22,5.2226,-0.023465482681663152
2020-06-23,5.1705,-0.01002596654003618
2020-06-24,5.2435,0.014019818649430249
2020-06-25,5.3287,0.016118091697368886
2020-06-26,5.4629,0.024872478295706824
2020-06-29,5.4416,-0.0039066490146044686
2020-06-30,5.476,0.006301772155408392
2020-07-01,5.3651,-0.020459892188266604
2020-07-02,5.3028,-0.011680032295378284
2020-07-03,5.3374,0.00650366007367853
2020-07-06,5.3085,-0.005429333544745285
2020-07-07,5.3318,0.004379582764132861
2020-07-08,5.3482,0.003071163462632809
2020-07-09,5.2978,-0.00946841565530665
2020-07-10,5.344,0.008682796191394893
2020-07-13,5.3486,0.0008604081858074597
2020-07-14,5.4288,0.01488327062767647
2020-07-15,5.3491,-0.014789792590273354
2020-07-16,5.356,0.0012891053713708356
2020-07-17,5.351,-0.0009339684997584641
2020-07-20,5.3635,0.002333287726179245
2020-07-21,5.2283,-0.02553056961914968
2020-07-22,5.1111,-0.022671532198727862
2020-07-23,5.1647,0.010432372394572953
2020-07-24,5.2146,0.009615366057289965
2020-07-27,5.1889,-0.004940655025369445
2020-07-28,5.1777,-0.002160786440632778
2020-07-29,5.1395,-0.007405143752490462
2020-07-30,5.1837,0.008563288534209068
2020-07-31,5.2033,0.0037739526837587967
2020-08-03,5.3075,0.019827874906466647
2020-08-04,5.3329,0.0047742656754374835
2020-08-05,5.276,-0.010726945415643563
2020-08-06,5.3431,0.012637774022532744
2020-08-07,5.4227,0.014787837517502789
2020-08-10,5.3933,-0.005436403921682542
2020-08-11,5.4285,0.0065054102163486505
2020-08-12,5.4551,0.0048880982329218
2020-08-13,5.3801,-0.01384398956114663
2020-08-14,5.3852,0.00094748876139783
2020-08-17,5.4497,0.01190611116557072
2020-08-18,5.4659,0.002968231135995092
2020-08-19,5.4906,0.00450874674274182
2020-08-20,5.651,0.028794981480456006
2020-08-21,5.6064,-0.00792371832782579
2020-08-24,5.5954,-0.0019639707075200796
2020-08-25,5.5997,0.000768193265171524
2020-08-26,5.568,-0.00567710184541359
2020-08-27,5.5956,0.004944651588020044
2020-08-28,5.4679,-0.02308594414805154
2020-08-31,5.4713,0.000621617688584486
2020-09-01,5.3732,-0.018092613953950343
2020-09-02,5.3741,0.00016748392658705313
2020-09-03,5.3079,-0.012394841328378314
2020-09-04,5.2848,-0.004361501150541569
2020-09-08,5.3698,0.01595588822495353
2020-09-09,5.3024,-0.012631115629235135
2020-09-10,5.2936,-0.001661004534393884
2020-09-11,5.2854,-0.0015502413540446902
2020-09-14,5.2984,0.002456585826964508
2020-09-15,5.2728,-0.0048433574322594986
2020-09-16,5.2532,-0.00372411602750522
2020-09-17,5.2593,0.0011605233169331708
2020-09-18,5.2889,0.005612346693483428
2020-09-21,5.444,0.028903800049935313
2020-09-22,5.4329,-0.002041023426406996
2020-09-23,5.5311,0.017913649399505127
2020-09-24,5.5714,0.007259658093737631
2020-09-25,5.5667,-0.0008439500954318113
2020-09-28,5.5858,0.0034252443261879595
2020-09-29,5.6528,0.011923334535932195
2020-09-30,5.6407,-0.002142826339039061
2020-10-01,5.6441,0.0006025804804479229
2020-10-02,5.6464,0.00040742217471589903
2020-10-05,5.6299,-0.0029264939343582874
2020-10-06,5.5205,-0.01962324410745553
2020-10-07,5.6018,0.014619538768380957
2020-10-08,5.62,0.0032436892401639383
2020-10-09,5.5393,-0.014463524920333759
2020-10-13,5.5859,0.008377426479877048
2020-10-14,5.5675,-0.003299445315757321
2020-10-15,5.6172,0.008887198962502563
2020-10-16,5.6226,0.0009608712638078387
2020-10-19,5.6023,-0.003616962668903767
2020-10-20,5.583,-0.0034509613785689286
2020-10-21,5.6006,0.0031474685306371875
2020-10-22,5.582,-0.003326599744730041
2020-10-23,5.612,0.005360027126084077
2020-10-26,5.6328,0.00369949198257169
2020-10-27,5.6491,0.002889586211841433
2020-10-28,5.7325,0.014655495315294864
2020-10-29,5.7803,0.008303848701630479
2020-10-30,5.7718,-0.0014715941749050554
2020-11-03,5.6895,-0.014361619461721764
2020-11-04,5.6932,0.0006501093994069063
2020-11-05,5.5624,-0.023242810411661985
2020-11-06,5.5313,-0.0056068005214025
2020-11-09,5.2821,-0.046099123362897565
2020-11-10,5.3696,0.016429671932324252
2020-11-11,5.402,0.006015837519728562
2020-11-12,5.4094,0.0013689256073416978
2020-11-13,5.4854,0.013951836252705352
2020-11-16,5.4198,-0.01203110282875497
2020-11-17,5.3968,-0.004252729076467343
2020-11-18,5.2932,-0.01938320740849142
2020-11-19,5.333,0.007490953701708047
2020-11-20,5.3505,0.0032760828664537556
2020-11-23,5.3828,0.006018670400330217
2020-11-24,5.4037,0.003875219237967187
2020-11-25,5.3508,-0.009837821683922332
2020-11-26,5.3201,-0.005753982269921076
2020-11-27,5.3494,0.005492304916602908
2020-11-30,5.3317,-0.003314268418412203
2020-12-01,5.2789,-0.009952393987130437
2020-12-02,5.2267,-0.009937638895597178
2020-12-03,5.1625,-0.01235914549768502
2020-12-04,5.1706,0.0015677776580311775
2020-12-07,5.1018,-0.013395317307517418
2020-12-08,5.092,-0.0019227379425048596
2020-12-09,5.1109,0.0037048332568414555
2020-12-10,5.0852,-0.005041153858170944
2020-12-11,5.0691,-0.003171073041253747
2020-12-14,5.0578,-0.0022316809072620014
2020-12-15,5.0968,0.007681285674826732
2020-12-16,5.1057,0.00174467086646235
2020-12-17,5.0612,-0.008753953353632271
2020-12-18,5.0986,0.007362382908674192
2020-12-21,5.1572,0.011427804312899692
2020-12-22,5.1473,-0.0019214912020970587
2020-12-23,5.174,0.005173778411388996
2020-12-24,5.18,0.0011589725075542567
2020-12-28,5.239,0.011325584154691093
2020-12-29,5.1942,-0.008588021958436665
2020-12-30,5.1967,0.0004811902815422542
2020-12-31,5.1967,0.0
2021-01-04,5.1626,-0.006583480189593649
2021-01-05,5.3269,0.031329126906968874
2021-01-06,5.3182,-0.0016345552295484733
2021-01-07,5.3433,0.0047085393936969755
2021-01-08,5.3683,0.004667845213277788
2021-01-11,5.4966,0.023618434423091195
2021-01-12,5.4637,-0.006003503337542737
2021-01-13,5.307,-0.029099512083780255
2021-01-14,5.2617,-0.008572535395693137
2021-01-15,5.2714,0.0018418134722142376
2021-01-18,5.2788,0.0014028172382583026
2021-01-19,5.2945,0.0029697467278346767
2021-01-20,5.3033,0.0016607224183382563
2021-01-21,5.3166,0.0025047329924643424
2021-01-22,5.4301,0.021123548683354754
2021-01-25,5.5089,0.014407416228576997
2021-01-26,5.3865,-0.02246914285899626
2021-01-27,5.3824,-0.0007614519956731236
2021-01-28,5.4282,0.008473215921176891
2021-01-29,5.4759,0.008749058477097282
2021-02-01,5.4608,-0.002761346584405633
2021-02-02,5.3875,-0.013513843740439402
2021-02-03,5.3423,-0.008425183576896034
2021-02-04,5.391,0.00907462461656161
2021-02-05,5.3884,-0.00048240162725599056
2021-02-08,5.367,-0.0039794016475840355
2021-02-09,5.4216,0.010121881645074327
2021-02-10,5.4024,-0.003547675561270891
2021-02-11,5.3626,-0.007394367179583972
2021-02-12,5.3815,0.0035182136233047334
2021-02-17,5.4138,0.005984103524157014
2021-02-18,5.4238,0.0018454275555477295
2021-02-19,5.3924,-0.005806121967148581
2021-02-22,5.5044,0.020557217574217468
2021-02-23,5.449,-0.010115666808028223
2021-02-24,5.4182,-0.00566844862896021
2021-02-25,5.46,0.007685132784812421
2021-02-26,5.5302,0.012775191488722859
2021-03-01,5.5832,0.009538107475268287
2021-03-02,5.6844,0.01796349201476466
2021-03-03,5.7342,0.008722665782482597
2021-03-04,5.6008,-0.023538801837201362
2021-03-05,5.687,0.015273423643812123
2021-03-08,5.7343,0.00828281726563107
2021-03-09,5.8397,0.018213740067351436
2021-03-10,5.7449,-0.016366920948802877
2021-03-11,5.589,-0.02751212442128126
2021-03-12,5.564,-0.004483106226364608
2021-03-15,5.6296,0.011721117609005516
2021-03-16,5.5851,-0.007936054206378218
2021-03-17,5.6579,0.012950461169578764
2021-03-18,5.5474,-0.01972344910916335
2021-03-19,5.5082,-0.007091458496428116
2021-03-22,5.5269,0.0033891886616248534
2021-03-23,5.4951,-0.00577029363729209
2021-03-24,5.533,0.0068733778638288
2021-03-25,5.6585,0.02242867550788663
2021-03-26,5.7042,0.008043906187043426
2021-03-29,5.7925,0.015361231713491685
2021-03-30,5.7642,-0.004897601662783746
2021-03-31,5.6973,-0.011673997255438495
2021-04-01,5.6849,-0.0021788415078975998
2021-04-05,5.6579,-0.004760738264872
2021-04-06,5.6263,-0.005600766133866397
2021-04-07,5.5864,-0.007116959949847734
2021-04-08,5.5817,-0.0008416830575421752
2021-04-09,5.6445,0.011188230227318297
2021-04-12,5.6582,0.002424200714747471
2021-04-13,5.7064,0.008482531547479466
2021-04-14,5.6936,-0.0022456149787670743
2021-04-15,5.6234,-0.012406273818879043
2021-04-16,5.6328,0.001670191038740887
2021-04-19,5.575,-0.010314336876603658
2021-04-20,5.5266,-0.008719519106074713
2021-04-22,5.497,-0.005370309361584669
2021-04-23,5.4787,-0.0033346423385756108
2021-04-26,5.4566,-0.004041961370631286
2021-04-27,5.4424,-0.0026057451206022986
2021-04-28,5.4005,-0.0077285981723222985
2021-04-29,5.3662,-0.006371518856760794
2021-04-30,5.4036,0.006945375093758255
2021-05-03,5.4087,0.0009433701207379741
2021-05-04,5.4505,0.007698579352148904
2021-05-05,5.3872,-0.01168157816160309
2021-05-06,5.2897,-0.018264235937629048
2021-05-07,5.2217,-0.01293851411353808
2021-05-10,5.2227,0.00019149017713893102
2021-05-11,5.2403,0.0033642390518751064
2021-05-12,5.2353,-0.0009545993317217061
2021-05-13,5.2815,0.008785999010281653
2021-05-14,5.2701,-0.002160810575769778
2021-05-17,5.2755,0.0010241238946997466
2021-05-18,5.2588,-0.0031705977596976354
2021-05-19,5.2822,0.004439813763074119
2021-05-20,5.2905,0.0015700817586929983
2021-05-21,5.3027,0.002303365440833094
2021-05-24,5.3198,0.0032195838590065584
2021-05-25,5.3143,-0.001034408269701359
2021-05-26,5.3164,0.00039508217282313574
2021-05-27,5.284,-0.006112995904961949
2021-05-28,5.2281,-0.010635463307509418
2021-05-31,5.2322,0.0007839163714160602
2021-06-01,5.1636,-0.013197829073568146
2021-06-02,5.1147,-0.009515263993259193
2021-06-04,5.0666,-0.009448765454339592
2021-06-07,5.0498,-0.0033213426602034524
2021-06-08,5.0489,-0.00017824076413464063
2021-06-09,5.0533,0.0008710974398111748
2021-06-10,5.0635,0.002016448571911189
2021-06-11,5.119,0.010901163685243409
2021-06-14,5.0707,-0.009480232341589678
2021-06-15,5.0874,0.0032880194220188397
2021-06-16,5.0207,-0.013197528342326015
2021-06-17,5.0359,0.0030228927420095086
2021-06-18,5.0314,-0.0008939835506445171
2021-06-21,5.0373,0.0011719488464818628
2021-06-22,5.0178,-0.0038786336179981173
2021-06-23,4.9519,-0.013220249316068022
2021-06-24,4.9277,-0.004898993562544973
2021-06-25,4.9206,-0.0014418734665015975
2021-06-28,4.942,0.004339633278134913
2021-06-29,4.945,0.0006068575082571748
2021-06-30,5.0022,0.011500850587810252
2021-07-01,5.0055,0.0006594922149154581
2021-07-02,5.0293,0.0047435015399577285
2021-07-05,5.0749,0.009026010882859703
2021-07-06,5.1645,0.01750147216433251
2021-07-07,5.2328,0.013138215200314773
2021-07-08,5.2587,0.004937340249607791
2021-07-09,5.2393,-0.003695946291425445
2021-07-12,5.2239,-0.0029436522517385377
2021-07-13,5.177,-0.00901851145154553
2021-07-14,5.088,-0.0173409118819432
2021-07-15,5.1,0.002355713692459016
2021-07-16,5.0941,-0.001157532427340291
2021-07-19,5.1978,0.02015245183907277
2021-07-20,5.2465,0.009325728473816186
2021-07-21,5.2516,0.000971604461989406
2021-07-22,5.1978,-0.010297332935805592
2021-07-23,5.1701,-0.005343428448967957
2021-07-26,5.1863,0.003128502802743016
2021-07-27,5.1669,-0.0037476379681140592
2021-07-28,5.1527,-0.0027520463898369485
2021-07-29,5.0682,-0.016535124158467696
2021-07-30,5.1216,0.010481165254092595
2021-08-02,5.1379,0.003177545438824758
2021-08-03,5.2464,0.020897691435960652
2021-08-04,5.2091,-0.00713503098674817
2021-08-05,5.1464,-0.012109655006845133
2021-08-06,5.241,0.018214878705375526
2021-08-09,5.2774,0.006921232375083575
2021-08-10,5.2217,-0.010610532821606844
2021-08-11,5.2013,-0.003914425030916879
2021-08-12,5.2351,0.0064773519942191715
2021-08-13,5.2474,0.0023467695005980893
2021-08-16,5.2495,0.00040011813545270947
2021-08-17,5.2585,0.0017129810050870997
2021-08-18,5.3025,0.008332592478754508
2021-08-19,5.418,0.02154833620620278
2021-08-20,5.4274,0.0017334542485865079
2021-08-23,5.3686,-0.010893031015869026
2021-08-24,5.3017,-0.012539643051360239
2021-08-25,5.2465,-0.01046633622843185
2021-08-26,5.2429,-0.0006864072571066693
2021-08-27,5.22,-0.0043773784641747415
2021-08-30,5.1952,-0.00476227952810282
2021-08-31,5.1433,-0.010040225561885663
2021-09-01,5.1576,0.002776458209714505
2021-09-02,5.1735,0.003078087048594913
2021-09-03,5.1685,-0.0009669310364659456
2021-09-06,5.1773,0.0017011738332968207
2021-09-08,5.2524,0.01440143014301376
2021-09-09,5.2825,0.005714355505361812
2021-09-10,5.2158,-0.012706990177138167
2021-09-13,5.219,0.0006133323303396665
2021-09-14,5.226,0.0013403544371446419
2021-09-15,5.2576,0.006028481762391014
2021-09-16,5.2594,0.0003423029414426626
2021-09-17,5.3103,0.00963137903082889
2021-09-20,5.3332,0.004303102426082894
2021-09-21,5.3044,-0.005414768437859374
2021-09-22,5.2783,-0.0049325886434776756
2021-09-23,5.2891,0.0020440228930913573
2021-09-24,5.3435,0.010232769911893591
2021-09-27,5.3478,0.0008043923997753666
2021-09-28,5.4206,0.013521249049061046
2021-09-29,5.4173,-0.0006089740820609535
2021-09-30,5.4394,0.004071224317771183
2021-10-01,5.3911,-0.008919314935625478
2021-10-04,5.4204,0.005420167734686343
2021-10-05,5.4611,0.007480621200468773
2021-10-06,5.5097,0.008859940554690082
2021-10-07,5.514,0.0007801373800244704
2021-10-08,5.5084,-0.0010161127307712903
2021-10-11,5.5161,0.001396888974934729
2021-10-13,5.5471,0.005604179827585654
2021-10-14,5.4988,-0.00874538205822617
2021-10-15,5.451,-0.008730808532984247
2021-10-18,5.5193,0.012451962571387476
2021-10-19,5.5521,0.005925193916144211
2021-10-20,5.5571,0.000900154887411464
2021-10-21,5.6423,0.015215394342920963
2021-10-22,5.7117,0.012224918849595756
2021-10-25,5.5973,-0.020232364033883732
2021-10-26,5.58,-0.003095562222500181
2021-10-27,5.5667,-0.002386357632595981
2021-10-28,5.6124,0.00817601677708013
2021-10-29,5.643,0.005437403449299216
2021-11-01,5.6694,0.0046674530474952736
2021-11-03,5.6672,-0.00038812342812089007
2021-11-04,5.5942,-0.012964821873655108
2021-11-05,5.5455,-0.008743558670063045
2021-11-08,5.5627,0.0030968138395117695
2021-11-09,5.4957,-0.012117633624784796
2021-11-10,5.459,-0.006700345477765657
2021-11-11,5.4171,-0.00770500589181311
2021-11-12,5.4199,0.000516748189038907
2021-11-16,5.4772,0.010516656379095046
2021-11-17,5.4993,0.004026789935350328
2021-11-18,5.547,0.008636429661805778
2021-11-19,5.5584,0.002053055991551256
2021-11-22,5.5841,0.004612976544526415
2021-11-23,5.6456,0.010953207095308226
2021-11-24,5.6027,-0.00762785629975804
2021-11-25,5.574,-0.005135695344968827
2021-11-26,5.5865,0.0022400439454990373
2021-11-29,5.6118,0.004518550681167577
2021-11-30,5.6199,0.0014423464665627161
2021-12-01,5.6168,-0.0005517634320839626
2021-12-02,5.6345,0.0031463056893650254
2021-12-03,5.6432,0.0015428680893836422
2021-12-06,5.6877,0.007854667994314779
2021-12-07,5.6411,-0.008226866539947864
2021-12-08,5.5779,-0.011266720482027814
2021-12-09,5.5564,-0.0038619449308925358
2021-12-10,5.5931,0.0065832786307400415
2021-12-13,5.6357,0.00758766820727419
2021-12-14,5.6461,0.0018436779496051603
2021-12-15,5.7127,0.011726725219656897
2021-12-16,5.6963,-0.0028749252863118357
2021-12-17,5.6959,-7.022348627372388e-05
2021-12-20,5.7055,0.0016840041168093567
2021-12-21,5.7372,0.005540664545323759
2021-12-22,5.7201,-0.0029849986815493335
2021-12-23,5.691,-0.005100308135384868
2021-12-24,5.6591,-0.005621110650127825
2021-12-27,5.665,0.001042025509110589
2021-12-28,5.6438,-0.003749296978358352
2021-12-29,5.6619,0.0032019274284551535
2021-12-30,5.5805,-0.014481146816433865
2021-12-31,5.5805,0.0
2022-01-03,5.6309,0.008990909166138428
2022-01-04,5.6776,0.008259320948865279
2022-01-05,5.6628,-0.0026101386904311408
2022-01-06,5.7042,0.00728427607269766
2022-01-07,5.6753,-0.005079320204535165
2022-01-10,5.6736,-0.0002995885086156669
2022-01-11,5.6351,-0.006808943334548179
2022-01-12,5.5611,-0.013218963142187512
2022-01-13,5.5246,-0.006585083828120286
2022-01-14,5.5349,0.0018626525571616703
2022-01-17,5.5058,-0.0052714170995455945
2022-01-18,5.5213,0.0028112577573904396
2022-01-19,5.4978,-0.004265327590816881
2022-01-20,5.4166,-0.01487969987749671
2022-01-21,5.4401,0.004329130712250162
2022-01-24,5.491,0.009312945244896564
2022-01-25,5.4971,0.0011102921572696545
2022-01-26,5.4324,-0.011839655206228983
2022-01-27,5.3812,-0.009469627618525545
2022-01-28,5.3954,0.0026353410571564595
2022-01-31,5.3574,-0.007067955917318347
2022-02-01,5.281,-0.014363309044292727
2022-02-02,5.2956,0.0027608133565688586
2022-02-03,5.3025,0.0013021203753356136
2022-02-04,5.3284,0.004872598038470288
2022-02-07,5.2913,-0.006987043123863668
2022-02-08,5.2699,-0.004052575330138364
2022-02-09,5.2735,0.000682891693363219
2022-02-10,5.2101,-0.012095229295490784
2022-02-11,5.1987,-0.0021904551068689937
2022-02-14,5.2106,0.0022864179501298487
2022-02-15,5.1881,-0.004327470763291652
2022-02-16,5.163,-0.004849735621498263
2022-02-17,5.1565,-0.0012597511235254988
2022-02-18,5.1339,-0.004392450504608014
2022-02-21,5.0997,-0.006683889798681841
2022-02-22,5.0611,-0.00759786349304048
2022-02-23,5.0143,-0.009290020562358725
2022-02-24,5.1174,0.02035266715568418
2022-02-25,5.1394,0.004289843564928342
2022-03-02,5.1347,-0.0009149220521227353
2022-03-03,5.0479,-0.017049103866765947
2022-03-04,5.0758,0.005511832755645152
2022-03-07,5.0579,-0.0035327705806753595
2022-03-08,5.0903,0.006385390529866974
2022-03-09,5.0094,-0.016020620475985403
2022-03-10,5.0513,0.008329488455648848
2022-03-11,5.0255,-0.005120684418864263
2022-03-14,5.0647,0.007769954453951344
2022-03-15,5.1314,0.013083620497845283
2022-03-16,5.1287,-0.0005263106718891297
2022-03-17,5.0764,-0.010249866808692776
2022-03-18,5.0411,-0.006978036716273284
2022-03-21,4.9666,-0.014888810863173951
2022-03-22,4.9208,-0.009264382462403464
2022-03-23,4.8704,-0.010295049666846356
2022-03-24,4.8067,-0.013165291267767332
2022-03-25,4.7782,-0.005946871431624867
2022-03-28,4.7905,0.002570883563008053
2022-03-29,4.7486,-0.008784952347785868
2022-03-30,4.7497,0.00023162039626400954
2022-03-31,4.7378,-0.0025085652153797877
2022-04-01,4.6984,-0.00835086771571647
2022-04-04,4.6175,-0.01736859213491493
2022-04-05,4.64,0.004860933146906055
2022-04-06,4.6967,0.012145768211209385
2022-04-07,4.7422,0.009641028601366619
2022-04-08,4.7513,0.0019171017616443908
2022-04-11,4.7025,-0.01032398261933598
2022-04-12,4.6483,-0.011592720836460346
2022-04-13,4.6811,0.007031563689793963
2022-04-14,4.7158,0.007385447908428322
2022-04-18,4.6746,-0.00877497537207983
2022-04-19,4.6664,-0.001755701125439657
2022-04-20,4.6397,-0.005738187481776347
2022-04-22,4.7326,0.019825025383299222
2022-04-25,4.8818,0.03103926995591344
2022-04-26,4.9666,0.017221497059697777
2022-04-27,5.0167,0.01003684564854801
2022-04-28,5.011,-0.001136851045385301
2022-04-29,4.9191,-0.018509909035792083
2022-05-02,5.0266,0.021618224282486276
2022-05-03,5.0167,-0.0019714642013088923
2022-05-04,5.0093,-0.0014761622469083857
2022-05-05,5.0051,-0.0008387921884986937
2022-05-06,5.075,0.013869132340285306
2022-05-09,5.134,0.01155855752109769
2022-05-10,5.139,0.0009734255611437703
2022-05-11,5.1244,-0.002845063009951021
2022-05-12,5.1482,0.0046336940179454444
2022-05-13,5.1075,-0.007937091308446886
2022-05-16,5.0666,-0.008040066506821653
2022-05-17,4.9676,-0.019733155111077982
2022-05-18,4.9592,-0.001692388686167945
2022-05-19,4.9198,-0.007976558134110023
2022-05-20,4.8777,-0.008594081983980484
2022-05-23,4.7973,-0.016620537636113042
2022-05-24,4.8106,0.0027685568116384562
2022-05-25,4.8359,0.005245437829256128
2022-05-26,4.7967,-0.008139072814916215
2022-05-27,4.7434,-0.01117400332869023
2022-05-30,4.7216,-0.004606452942119255
2022-05-31,4.7289,0.0015448921119316505
2022-06-01,4.7765,0.010015443409456593
2022-06-02,4.7879,0.00238384120249302
2022-06-03,4.7956,0.0016069289209423854
2022-06-06,4.7839,-0.002442717431535346
2022-06-07,4.8909,0.022120222211755136
2022-06-08,4.8711,-0.0040565513525399055
2022-06-09,4.8951,0.004914920503956033
2022-06-10,4.9836,0.017917816659573704
2022-06-13,5.1033,0.023734867858938635
2022-06-14,5.1203,0.003325641783360034
2022-06-15,5.1119,-0.0016418760163072754
2022-06-17,5.1313,0.003787883316936913
2022-06-20,5.1641,0.006371799244863086
2022-06-21,5.1462,-0.0034722593880687214
2022-06-22,5.1509,0.0009128784466294615
2022-06-23,5.1833,0.006270462379364794
2022-06-24,5.2334,0.009619243390229126
2022-06-27,5.2214,-0.002295597289238449
2022-06-28,5.2179,-0.0006705430691984482
2022-06-29,5.2268,0.0017042140327736544
2022-06-30,5.238,0.0021405099526663474
2022-07-01,5.3142,0.014442736975934789
2022-07-04,5.3038,-0.0019589382794837906
2022-07-05,5.3899,0.016103287091131957
2022-07-06,5.4321,0.007798967639466303
2022-07-07,5.364,-0.01261583409313749
2022-07-08,5.3086,-0.010381818412267263
2022-07-11,5.3477,0.007338414922383185
2022-07-12,5.412,0.011952148378993499
2022-07-13,5.3992,-0.002367915861481773
2022-07-14,5.4568,0.010611742911312838
2022-07-15,5.4014,-0.010204358130758706
2022-07-18,5.3675,-0.006295928456814925
2022-07-19,5.3904,0.004257342899352423
2022-07-20,5.4288,0.007098521377677303
2022-07-21,5.475,0.00847416065473583
2022-07-22,5.4522,-0.0041730787553451165
2022-07-25,5.4144,-0.006957125957506971
2022-07-26,5.3608,-0.009948853312888417
2022-07-27,5.3074,-0.010011144521413273
2022-07-28,5.2149,-0.017582160341943487
2022-07-29,5.1884,-0.00509454832908629
2022-08-01,5.1606,-0.005372512681029118
2022-08-02,5.2329,0.013912765906709978
2022-08-03,5.2846,0.009831312844316153
2022-08-04,5.2409,-0.008303691244562206
2022-08-05,5.2165,-0.004666560383928653
2022-08-08,5.1247,-0.017754692200113942
2022-08-09,5.1224,-0.00044890750331783025
2022-08-10,5.0497,-0.014294243640383675
2022-08-11,5.1127,0.012398804826089904
2022-08-12,5.1023,-0.002036221946818184
2022-08-15,5.0925,-0.0019225493425194529
2022-08-16,5.134,0.00811621333012491
2022-08-17,5.1784,0.008611045800214656
2022-08-18,5.1773,-0.00021244338946435626
2022-08-19,5.1961,0.0036246593369784197
2022-08-22,5.1709,-0.004861589588809334
2022-08-23,5.103,-0.013218152526033755
2022-08-24,5.105,0.00039184953479454165
2022-08-25,5.1173,0.002406504590169556
2022-08-26,5.0903,-0.0052901882849403226
2022-08-29,5.0428,-0.00937528454688108
2022-08-30,5.0617,0.003740911879105191
2022-08-31,5.179,0.02290959218767208
2022-09-01,5.2007,0.004181244470404799
2022-09-02,5.1878,-0.002483516702207922
2022-09-05,5.1686,-0.003707856397418885
2022-09-06,5.2228,0.0104317977392141
2022-09-08,5.2155,-0.0013986954178577538
2022-09-09,5.1633,-0.010059051171981137
2022-09-12,5.1183,-0.008753557295071435
2022-09-13,5.1794,0.011866866779899565
2022-09-14,5.1774,-0.0003862196865560552
2022-09-15,5.2211,0.008405107903696418
2022-09-16,5.2882,0.01276981565289681
2022-09-19,5.2367,-0.009786394365237427
2022-09-20,5.1705,-0.012722133308642913
2022-09-21,5.1692,-0.0002514579739933964
2022-09-22,5.1677,-0.00029022240914167163
2022-09-23,5.2257,0.011161044909631102
2022-09-26,5.3548,0.024404594760216947
2022-09-27,5.3508,-0.0007472724903114791
2022-09-28,5.3594,0.0016059460791262303
2022-09-29,5.3916,0.0059901583635573186
2022-09-30,5.4066,0.0027782426049320907
2022-10-03,5.2002,-0.038923343100692565
2022-10-04,5.1411,-0.011430022033441123
2022-10-05,5.2144,0.014156964748384127
2022-10-06,5.2009,-0.0025923415667843397
2022-10-07,5.2221,0.004067932310260369
2022-10-10,5.1941,-0.005376253805203346
2022-10-11,5.2068,0.0024420975707355463
2022-10-13,5.3017,0.01806206023409218
2022-10-14,5.2824,-0.00364698394603602
2022-10-17,5.2713,-0.002103528448405667
2022-10-18,5.2697,-0.00030357651309875777
2022-10-19,5.2808,0.002104166455703993
2022-10-20,5.2176,-0.012040075339506462
2022-10-21,5.1919,-0.0049378072372290305
2022-10-24,5.2744,0.015765210001264185
2022-10-25,5.3091,0.0065574005461590534
2022-10-26,5.3248,0.0029528228415858226
2022-10-27,5.3003,-0.0046117294749696836
2022-10-28,5.3454,0.008472955242788016
2022-10-31,5.257,-0.01667585613520517
2022-11-01,5.15,-0.02056380716166606
2022-11-03,5.1349,-0.0029363456814373023
2022-11-04,5.036,-0.019448252812106936
2022-11-07,5.0886,0.010390627431471566
2022-11-08,5.1744,0.01672064678707863
2022-11-09,5.1629,-0.002224953274868602
2022-11-10,5.3064,0.027415202103427072
2022-11-11,5.3051,-0.00024501719954828083
2022-11-14,5.3013,-0.0007165485296782848
2022-11-16,5.3204,0.0035964149970215686
2022-11-17,5.4655,0.02690712025474884
2022-11-18,5.3477,-0.02178904682220506
2022-11-21,5.3259,-0.004084850530823525
2022-11-22,5.3339,0.0015009665288154839
2022-11-23,5.393,0.01101913842754998
2022-11-24,5.3149,-0.014587619413623854
2022-11-25,5.3508,0.006731885497827994
2022-11-28,5.3796,0.005367939527962884
2022-11-29,5.3076,-0.013474266287112568
2022-11-30,5.2941,-0.002546762744984221
2022-12-01,5.1948,-0.0189348676813621
2022-12-02,5.1974,0.0005003752919012783
2022-12-05,5.2464,0.009383626562547542
2022-12-06,5.2396,-0.0012969675668901282
2022-12-07,5.2208,-0.0035945126844376674
2022-12-08,5.2091,-0.0022435507354203743
2022-12-09,5.2396,0.005838063419858042
2022-12-12,5.3066,0.012706169313787319
2022-12-13,5.2669,-0.0075093746742485035
2022-12-14,5.3406,0.01389605202990829
2022-12-15,5.3183,-0.004184302796051309
2022-12-16,5.2806,-0.007113975789068583
2022-12-19,5.316,0.006681413225314792
2022-12-20,5.2427,-0.013884508047022903
2022-12-21,5.2031,-0.007582030999551792
2022-12-22,5.1871,-0.003079827654350442
2022-12-23,5.1445,-0.008246591316345864
2022-12-26,5.1872,0.008265869725492037
2022-12-27,5.2832,0.01833792218445196
2022-12-28,5.2736,-0.0018187334507109298
2022-12-29,5.2177,-0.010656549523676118
2022-12-30,5.2177,0.0
2023-01-02,5.3436,0.02384289136423523
2023-01-03,5.3759,0.006026418723847904
2023-01-04,5.4459,0.012937030124990256
2023-01-05,5.4026,-0.007982712805663539
2023-01-06,5.2855,-0.02191309695011401
2023-01-09,5.2967,0.0021167629003371324
2023-01-10,5.2395,-0.010857911194058545
2023-01-11,5.202,-0.007182906906399333
2023-01-12,5.14,-0.011990087559386131
2023-01-13,5.1146,-0.0049538844898942
2023-01-16,5.1115,-0.0006062917622478015
2023-01-17,5.1203,0.0017201278699381373
2023-01-18,5.0909,-0.005758398863971115
2023-01-19,5.2144,0.02396939688026145
2023-01-20,5.1986,-0.0030346705321191436
2023-01-23,5.1922,-0.0012318591079265584
2023-01-24,5.1696,-0.004362183373017636
2023-01-25,5.1042,-0.012731585860340289
2023-01-26,5.0951,-0.00178443666029926
2023-01-27,5.0767,-0.0036178493618712615
2023-01-30,5.0959,0.00377485063782923
2023-01-31,5.0993,0.0006669805645880267
2023-02-01,5.0721,-0.0053483423791098605
2023-02-02,4.9901,-0.01629898338610558
2023-02-03,5.103,0.022372652439046625
2023-02-06,5.1763,0.014261913251688574
2023-02-07,5.1695,-0.0013145432889123398
2023-02-08,5.2036,0.006574721700656205
2023-02-09,5.2315,0.005347350093698022
2023-02-10,5.2526,0.004025148269892531
2023-02-13,5.1834,-0.013261980498101122
2023-02-14,5.1507,-0.006328583841617386
2023-02-15,5.2243,0.014188189814914764
2023-02-16,5.2432,0.0036111813783594737
2023-02-17,5.2012,-0.008042630767385317
2023-02-22,5.173,-0.005436577173649759
2023-02-23,5.133,-0.007762507443211941
2023-02-24,5.1791,0.008941012424039219
2023-02-27,5.196,0.003257802806147625
2023-02-28,5.2078,0.0022684029027644215
2023-03-01,5.207,-0.0001536275303555268
2023-03-02,5.208,0.00019203072550633138
2023-03-03,5.2037,-0.0008259938808223843
2023-03-06,5.197,-0.0012883749991410287
2023-03-07,5.1901,-0.0013285712113935144
2023-03-08,5.1387,-0.009952835624999379
2023-03-09,5.1353,-0.0006618649258551823
2023-03-10,5.1822,0.009091412268101173
2023-03-13,5.24,0.011091821800792934
2023-03-14,5.2362,-0.0007254539177672381
2023-03-15,5.2981,0.01175222130375042
2023-03-16,5.2892,-0.0016812600184032966
2023-03-17,5.2679,-0.004035204535733472
2023-03-20,5.2467,-0.004032493623679079
2023-03-21,5.2444,-0.0004384668980084161
2023-03-22,5.2648,0.003882317516662681
2023-03-23,5.2632,-0.0003039513701212915
2023-03-24,5.2921,0.0054759357319902335
2023-03-27,5.2306,-0.01168914827161549
2023-03-28,5.1733,-0.011015211482790166
2023-03-29,5.1493,-0.004649999659964932
2023-03-30,5.1254,-0.004652212347958651
2023-03-31,5.0804,-0.008818572111284784
2023-04-03,5.0637,-0.003292557267172702
2023-04-04,5.0762,0.0024655087983143087
2023-04-05,5.0447,-0.006224762958349173
2023-04-06,5.0683,0.004667268434818572
2023-04-10,5.0834,0.0029748733977732478
2023-04-11,5.0128,-0.013985687837621219
2023-04-12,4.9496,-0.0126878759811484
2023-04-13,4.9097,-0.008093925091215315
2023-04-14,4.9455,0.007265232054331605
2023-04-17,4.9421,-0.0006877301132748315
2023-04-18,4.9678,0.0051867440873800685
2023-04-19,5.0467,0.01575747816733153
2023-04-20,5.0497,0.0005942712428765873
2023-04-24,5.0595,0.0019388286056059023
2023-04-25,5.0613,0.0003557031102243702
2023-04-26,5.0585,-0.000553370634093886
2023-04-27,5.015,-0.008636575249909129
2023-04-28,5.0007,-0.002855518778883903
2023-05-02,5.0334,0.006517797463151842
2023-05-03,5.0227,-0.00212806237767027
2023-05-04,5.0106,-0.0024119693153947797
2023-05-05,4.9696,-0.008216314432870853
2023-05-08,4.9696,0.0
2023-05-09,5.0007,0.00623854866278406
2023-05-10,4.9547,-0.009241281590117723
2023-05-11,4.9696,0.0030027329273336623
2023-05-12,4.9234,-0.009340005227321813
2023-05-15,4.9103,-0.0026643090086624355
2023-05-16,4.9122,0.00038686689207390046
2023-05-17,4.9513,0.007928261734664543
2023-05-18,4.9647,0.00270270434788511
2023-05-19,4.9858,0.004240999271494905
2023-05-22,4.968,-0.0035765273511874085
2023-05-23,4.9674,-0.00012078024049966274
2023-05-24,4.9474,-0.004034378328762411
2023-05-25,4.999,0.010375706369517568
2023-05-26,5.0114,0.002477424746707646
2023-05-29,4.9954,-0.003197828203782338
2023-05-30,5.0593,0.012710644834217577
2023-05-31,5.0959,0.007208161034839122
2023-06-01,5.035,-0.012022768672889539
2023-06-02,4.9558,-0.015854918343020552
2023-06-05,4.9236,-0.006518637573501351
2023-06-06,4.9292,0.0011367328278271138
2023-06-07,4.9119,-0.0035158707504114872
2023-06-09,4.8922,-0.0040187322677764925
2023-06-12,4.8832,-0.0018413573956967966
2023-06-13,4.8533,-0.006141856722969852
2023-06-14,4.8462,-0.0014639932508078157
2023-06-15,4.8222,-0.00496463722957774
2023-06-16,4.8286,0.0013263151113260818
2023-06-19,4.7803,-0.010053264535696993
2023-06-20,4.793,0.0026532141372743734
2023-06-21,4.7795,-0.002820581655814003
2023-06-22,4.775,-0.0009419645889865436
2023-06-23,4.7799,0.0010256518497420153
2023-06-26,4.7698,-0.0021152504823931384
2023-06-27,4.7903,0.004288664641741713
2023-06-28,4.8563,0.013683791149328828
2023-06-29,4.8584,0.00043233451011537305
2023-06-30,4.8192,-0.00810122641784572
2023-07-03,4.7876,-0.006578697166304215
2023-07-04,4.8056,0.0037526625367361177
2023-07-05,4.8577,0.01078317031116982
2023-07-06,4.8977,0.00820063229957757
2023-07-07,4.8799,-0.003640979312744763
2023-07-10,4.8735,-0.0013123630566895805
2023-07-11,4.8949,0.004381481969477852
2023-07-12,4.8058,-0.018370324964598117
2023-07-13,4.8038,-0.0004162504222604557
2023-07-14,4.7957,-0.0016875882957172461
2023-07-17,4.8302,0.0071681915926642414
2023-07-18,4.804,-0.005438970456956849
2023-07-19,4.8,-0.0008329863038918361
2023-07-20,4.7888,-0.002336059797547696
2023-07-21,4.7732,-0.0032629186029340396
2023-07-24,4.7457,-0.005777994622857108
2023-07-25,4.7496,0.0008214590838222513
2023-07-26,4.7368,-0.0026986017388994643
2023-07-27,4.7202,-0.0035106306543144505
2023-07-28,4.7253,0.001079879412547724
2023-07-31,4.7415,0.0034224903479826985
2023-08-01,4.7752,0.007082316530657939
2023-08-02,4.8083,0.00690773342070905
2023-08-03,4.8797,0.014740151272517155
2023-08-04,4.8609,-0.003860136612601428
2023-08-07,4.901,0.008215659974482481
2023-08-08,4.9217,0.004214733350881517
2023-08-09,4.9015,-0.004112718558648032
2023-08-10,4.8518,-0.010191510602828746
2023-08-11,4.8918,0.008210563797967918
2023-08-14,4.9481,0.011443330597169066
2023-08-15,4.9812,0.006667161352904349
2023-08-16,4.9772,-0.0008033419455173441
2023-08-17,4.9816,0.0008836406567660493
2023-08-18,4.9724,-0.0018485036406816757
2023-08-21,4.9847,0.00247060012583189
2023-08-22,4.9431,-0.008380556311896825
2023-08-23,4.8977,-0.009226957584796525
2023-08-24,4.8748,-0.004686629197351966
2023-08-25,4.8772,0.0004922067367625349
2023-08-28,4.8938,0.0033978131144745127
2023-08-29,4.8706,-0.00475196502742925
2023-08-30,4.8653,-0.001088754100503131
2023-08-31,4.9219,0.011566256127625962
2023-09-01,4.9318,0.0020093981613173995
2023-09-04,4.9176,-0.00288342636879535
2023-09-05,4.9705,0.01069983205940006
2023-09-06,4.9762,0.0011461088851465462
2023-09-08,4.9835,0.001465907870164651
2023-09-11,4.9366,-0.009455620293887579
2023-09-12,4.9505,0.0028117464489458843
2023-09-13,4.9171,-0.006769655753205983
2023-09-14,4.8751,-0.008578308767288156
2023-09-15,4.8689,-0.00127257816845594
2023-09-18,4.8535,-0.0031679447213381895
2023-09-19,4.8575,0.0008238080993141494
2023-09-20,4.8487,-0.001813274486652583
2023-09-21,4.9229,0.015187159969562103
2023-09-22,4.9131,-0.0019926806105734496
2023-09-25,4.9606,0.00962159402097007
2023-09-26,4.9717,0.002235132773100279
2023-09-27,5.0289,0.011439438387340184
2023-09-28,5.0475,0.003691798881650721
2023-09-29,5.0076,-0.007936312801485323
2023-10-02,5.0679,0.011969772211285035
2023-10-03,5.11,0.008272873600957853
2023-10-04,5.1526,0.008302037432872611
2023-10-05,5.1713,0.003622665940411718
2023-10-06,5.1918,0.003956350269713749
2023-10-09,5.1666,-0.004865625910573712
2023-10-10,5.0862,-0.015683842087759636
2023-10-11,5.0496,-0.007221957630914488
2023-10-13,5.0625,0.0025514002032942518
2023-10-16,5.0618,-0.00013828116533787238
2023-10-17,5.0384,-0.004633579902696416
2023-10-18,5.0568,0.0036453008113286334
2023-10-19,5.054,-0.0005538632099493235
2023-10-20,5.0528,-0.00023746388681655795
2023-10-23,5.0164,-0.00723000011142827
2023-10-24,5.0065,-0.001975476802037246
2023-10-25,4.9981,-0.00167922794991604
2023-10-26,5.0055,0.0014794676615967894
2023-10-27,4.948,-0.011553853347159748
2023-10-30,5.0074,0.011933363783258155
2023-10-31,5.0575,0.009955471746263767
2023-11-01,5.0194,-0.007561885411789149
2023-11-03,4.891,-0.02591362309075418
2023-11-06,4.8999,0.0018180151878461892
2023-11-07,4.867,-0.006737065893749117
2023-11-08,4.8855,0.003793903550943778
2023-11-09,4.9007,0.0031064176540671617
2023-11-10,4.9219,0.004316582761812571
2023-11-13,4.9247,0.0005687242450125307
2023-11-14,4.8682,-0.011539100147476278
2023-11-16,4.8575,-0.0022003566462187596
2023-11-17,4.8849,0.005624912186689146
2023-11-20,4.8723,-0.0025827095896175933
2023-11-21,4.8806,0.0017020582603657353
2023-11-22,4.8968,0.0033137674278276297
2023-11-23,4.8931,-0.0007558810970835772
2023-11-24,4.8927,-8.17511087949363e-05
2023-11-27,4.8951,0.0004904064341528791
2023-11-28,4.8867,-0.0017174757334654789
2023-11-29,4.8933,0.0013496934564254381
2023-11-30,4.9355,0.008587062369848297
2023-12-01,4.9191,-0.0033283979340101855
2023-12-04,4.9091,-0.0020349613257546473
2023-12-05,4.9522,0.008741296672824639
2023-12-06,4.9031,-0.009964264151641533
2023-12-07,4.8949,-0.0016738113726184611
2023-12-08,4.9158,0.00426066062908137
2023-12-11,4.944,0.005720212761702648
2023-12-12,4.9476,0.0007278903633280986
2023-12-13,4.958,0.00209982309428125
2023-12-14,4.8912,-0.013564761458565888
2023-12-15,4.9397,0.00986692845639392
2023-12-18,4.9399,4.048746913376533e-05
2023-12-19,4.8663,-0.015011193337919115
2023-12-20,4.8766,0.002114360988452635
2023-12-21,4.8755,-0.00022559243745767787
2023-12-22,4.8619,-0.0027933552782486437
2023-12-26,4.8368,-0.005175962971731174
2023-12-27,4.8306,-0.0012826614912038181
2023-12-28,4.8413,0.002212596152819657
2023-12-29,4.8413,0.0
2024-01-02,4.8916,0.010336168628405362
2024-01-03,4.9212,0.006032954870798912
2024-01-04,4.9188,-0.00048780488772171005
2024-01-05,4.8899,-0.005892744936226935
2024-01-08,4.885,-0.0010025678851821596
2024-01-09,4.8937,0.0017793780963697436
2024-01-10,4.8901,-0.0007359104156807739
2024-01-11,4.8794,-0.0021904916891228865
2024-01-12,4.8543,-0.00515735139457707
2024-01-15,4.8765,0.004562839338197566
2024-01-16,4.9038,0.0055826653380695035
2024-01-17,4.9346,0.006261201134339256
2024-01-18,4.9403,0.0011544421985134612
2024-01-19,4.9223,-0.0036501571564224733
2024-01-22,4.949,0.00540963502531655
2024-01-23,4.9715,0.004536069468242365
2024-01-24,4.9192,-0.010575689780868425
2024-01-25,4.9232,0.0008128099285173995
2024-01-26,4.9125,-0.00217574839026069
2024-01-29,4.9225,0.0020335543357641317
2024-01-30,4.9638,0.008355044910911547
2024-01-31,4.9535,-0.0020771790111073773
2024-02-01,4.935,-0.0037417245455029224
2024-02-02,4.9471,0.002448873427096432
2024-02-05,5.0053,0.011695804718248937
2024-02-06,4.9687,-0.007339114553998272
2024-02-07,4.9608,-0.0015912184232609317
2024-02-08,4.9804,0.0039431910425893335
2024-02-09,4.9717,-0.0017483751602558328
2024-02-14,4.9723,0.00012067578453889283
2024-02-15,4.971,-0.00026148260786795774
2024-02-16,4.9761,0.001025424585433976
2024-02-19,4.9585,-0.003543176053926844
2024-02-20,4.9408,-0.0035760142357772473
2024-02-21,4.9303,-0.002127423278092344
2024-02-22,4.9419,0.002350034508736387
2024-02-23,4.9851,0.008703590754231216
2024-02-26,4.9819,-0.0006421190147389844
2024-02-27,4.9575,-0.0049097629665877385
2024-02-28,4.9557,-0.0003631521647462499
2024-02-29,4.9833,0.005553892935936
2024-03-01,4.9596,-0.004767229859453659
2024-03-04,4.9475,-0.002442693828966336
2024-03-05,4.9488,0.0002627244540844842
2024-03-06,4.9398,-0.0018202783983698456
2024-03-07,4.9364,-0.0006885239534069054
2024-03-08,4.9751,0.007809150314164848
2024-03-11,4.9777,0.0005224660515921187
2024-03-12,4.9813,0.0007229641845172274
2024-03-13,4.9803,-0.00020077096116266624
2024-03-14,4.9768,-0.0007030159673300229
2024-03-15,4.9937,0.0033900037480045775
2024-03-18,5.0124,0.0037377243423155626
2024-03-19,5.0352,0.004538405019012259
2024-03-20,5.012,-0.004618210294183633
2024-03-21,4.9807,-0.006264593626211568
2024-03-22,4.9897,0.0018053443080421339
2024-03-25,4.9869,-0.0005613134882658244
2024-03-26,4.987,2.0052336599185594e-05
2024-03-27,4.9856,-0.0002807693097481856
2024-03-28,4.9962,0.0021238662334541747
2024-04-01,5.0532,0.011344082486053786
2024-04-02,5.0476,-0.0011088231771267942
2024-04-03,5.0724,0.004901195581988871
2024-04-04,5.0237,-0.009647364371420775
2024-04-05,5.052,0.005617490481057974
2024-04-08,5.0421,-0.001961542519751225
2024-04-09,5.008,-0.006786028170695957
2024-04-10,5.0654,0.011396474131114331
2024-04-11,5.0765,0.002188939830228609
2024-04-12,5.1364,0.011730397215841348
2024-04-15,5.1746,0.007409596503072491
2024-04-16,5.2635,0.017034163231188115
2024-04-17,5.2469,-0.003158778695907971
2024-04-18,5.2512,0.0008191959003003291
2024-04-19,5.2269,-0.004638253798802561
2024-04-22,5.2043,-0.004333161163047938
2024-04-23,5.1626,-0.008044878392189592
2024-04-24,5.1592,-0.0006587998455640509
2024-04-25,5.1679,0.0016848877338582202
2024-04-26,5.1184,-0.00962452623477228
2024-04-29,5.1155,-0.0005667438762588795
2024-04-30,5.1718,0.010945644064811466
2024-05-02,5.1184,-0.010378900188552587
2024-05-03,5.0668,-0.010132435585776145
2024-05-06,5.0727,0.0011637656030156762
2024-05-07,5.061,-0.0023091279984150948
2024-05-08,5.0887,0.005458302959162387
2024-05-09,5.1577,0.013468348498245408
2024-05-10,5.1464,-0.0021933025746951884
2024-05-13,5.1412,-0.0010109258608137495
2024-05-14,5.1356,-0.0010898335190483444
2024-05-15,5.1423,0.0013037684641923342
2024-05-16,5.127,-0.0029797573974204017
2024-05-17,5.1157,-0.0022064503664913637
2024-05-20,5.1085,-0.0014084233857307726
2024-05-21,5.1037,-0.0009400521637803472
2024-05-22,5.1502,0.009069781987482983
2024-05-23,5.1443,-0.0011462432650419796
2024-05-24,5.1508,0.0012627368094897395
2024-05-27,5.1704,0.003798012549056873
2024-05-28,5.1538,-0.0032157483010979426
2024-05-29,5.1972,0.008385712360993614
2024-05-31,5.2416,0.008506776210114309
2024-06-03,5.2373,-0.000820696874930027
2024-06-04,5.2687,0.005977554444407174
2024-06-05,5.2841,0.0029186587317415746
2024-06-06,5.2681,-0.00303254530084196
2024-06-07,5.2802,0.0022942095517304306
2024-06-10,5.3666,0.016230585096235206
2024-06-11,5.3524,-0.0026495024362040986
2024-06-12,5.3891,0.0068333366489228275
2024-06-13,5.3974,0.0015389610416991495
2024-06-14,5.363,-0.0063938361385305065
2024-06-17,5.413,0.009279947814052614
2024-06-18,5.4074,-0.0010350819747855233
2024-06-19,5.4647,0.010540839496677057
2024-06-20,5.4254,-0.00721759590943849
2024-06-21,5.4416,0.0029815058435000985
2024-06-24,5.4,-0.007674181700565219
2024-06-25,5.429,0.005356001353085338
2024-06-26,5.5097,0.01475522029826637
2024-06-27,5.5229,0.002392909431796264
2024-06-28,5.5589,0.006497162309239579
2024-07-01,5.5893,0.0054538087496642795
2024-07-02,5.6677,0.0139293359927255
2024-07-03,5.5863,-0.014466219931316804
2024-07-04,5.4839,-0.01850064510494054
2024-07-05,5.497,0.0023859622097743838
2024-07-08,5.472,-0.0045583085582738825
2024-07-09,5.4387,-0.006104118598654118
2024-07-10,5.3967,-0.0077524060669820205
2024-07-11,5.41,0.002461437203777006
2024-07-12,5.4529,0.007898484388131344
2024-07-15,5.4563,0.0006233271202444879
2024-07-16,5.4274,-0.005310706455276204
2024-07-17,5.467,0.0072698220013722725
2024-07-18,5.5426,0.013733684832344384
2024-07-19,5.5543,0.002108697804871662
2024-07-22,5.5598,0.000989733842411411
2024-07-23,5.5807,0.0037520801614578936
2024-07-24,5.6346,0.009611943502538356
2024-07-25,5.6402,0.0009933658176632942
2024-07-26,5.6465,0.001116358307438725
2024-07-29,5.6479,0.0002479104701746948
2024-07-30,5.6532,0.0009379618600962036
2024-07-31,5.6621,0.0015730916255582983
2024-08-01,5.6681,0.0010591164429338829
2024-08-02,5.7366,0.012012735756967485
2024-08-05,5.7646,0.0048690667614168515
2024-08-06,5.6528,-0.019584769475991415
2024-08-07,5.6093,-0.00772506305706
2024-08-08,5.6172,0.001407384546204371
2024-08-09,5.5115,-0.01899650069065517
2024-08-12,5.4911,-0.0037082186713139897
2024-08-13,5.4875,-0.000655821348629404
2024-08-14,5.4502,-0.006820473151758044
2024-08-15,5.4651,0.0027301144732241323
2024-08-16,5.4632,-0.0003477210580133949
2024-08-19,5.4237,-0.007256459290800876
2024-08-20,5.4547,0.005699382981740664
2024-08-21,5.4707,0.0029289566401928813
2024-08-22,5.5524,0.01482368772294218
2024-08-23,5.5263,-0.004711752874672959
2024-08-26,5.4921,-0.006207817801202609
2024-08-27,5.4969,0.0008736009291603342
2024-08-28,5.5315,0.006274729520726607
2024-08-29,5.6358,0.01868008075355898
2024-08-30,5.6562,0.003613181401635135
2024-09-02,5.623,-0.00588695933795802
2024-09-03,5.6224,-0.00010671029942366239
2024-09-04,5.6359,0.00239823178818388
2024-09-05,5.6049,-0.0055156356470604795
2024-09-06,5.5702,-0.006210255214470939
2024-09-09,5.6097,0.00706628223159389
2024-09-10,5.6254,0.002794814504432308
2024-09-11,5.6387,0.0023614858143568007
2024-09-12,5.6554,0.0029572984427228555
2024-09-13,5.5717,-0.014910627094028905
2024-09-16,5.5207,-0.009195549993074037
2024-09-17,5.501,-0.0035747699499752983
2024-09-18,5.4767,-0.004427164103508963
2024-09-19,5.4189,-0.01060988696532772
2024-09-20,5.4775,0.010755949663000086
2024-09-23,5.5446,0.01217568865242824
2024-09-24,5.4702,-0.013509302303137627
2024-09-25,5.4736,0.000621356404428175
2024-09-26,5.4412,-0.005936910464065415
2024-09-27,5.4431,0.0003491267273596499
2024-09-30,5.4481,0.0009181725340212665
2024-10-01,5.4521,0.0007339315204402119
2024-10-02,5.4305,-0.003969644821005147
2024-10-03,5.485,0.009985882989239858
2024-10-04,5.4686,-0.002994451551004751
2024-10-07,5.4626,-0.0010977752858891687
2024-10-08,5.5197,0.010398644095720666
2024-10-09,5.5737,0.009735595312077017
2024-10-10,5.5819,0.0014701139296577903
2024-10-11,5.6263,0.007922812271780932
2024-10-14,5.6045,-0.0038821860205231484
2024-10-15,5.6378,0.005924072011517012
2024-10-16,5.6749,0.0065590235763077764
2024-10-17,5.6758,0.00015858052840544978
2024-10-18,5.6672,-0.0015163539888658484
2024-10-21,5.7068,0.006963277652144884
2024-10-22,5.6958,-0.0019293851248514127
2024-10-23,5.7149,0.003347738147241097
2024-10-24,5.7087,-0.0010854722869781952
2024-10-25,5.6969,-0.0020691597478543766
2024-10-28,5.6988,0.0003334591148600463
2024-10-29,5.714,0.0026636774476420655
2024-10-30,5.7801,0.011501679764105655
2024-10-31,5.7779,-0.00038068870506480224
2024-11-01,5.8073,0.005075451975363965
2024-11-04,5.7898,-0.0030179981690170443
2024-11-05,5.7846,-0.0008985347577166181
2024-11-06,5.7648,-0.0034287529045609055
2024-11-07,5.6624,-0.01792263040262987
2024-11-08,5.7648,0.01792263040262987
2024-11-11,5.798,0.005742569487771965
2024-11-12,5.7694,-0.004944941521570545
2024-11-13,5.7713,0.00032926945803413155
2024-11-14,5.7885,0.002975832227718689
2024-11-18,5.7603,-0.004883633978802537
2024-11-19,5.7743,0.0024274802550188213
2024-11-21,5.8173,0.007419199634682627
2024-11-22,5.8124,-0.0008426701101411638
2024-11-25,5.8002,-0.002101166747926042
2024-11-26,5.799,-0.00020691082217405565
2024-11-27,5.8291,0.005177125623257339
2024-11-28,5.9871,0.02674454014235117
2024-11-29,6.0535,0.011029462505745657
2024-12-02,6.0634,0.0016340816880446862
2024-12-03,6.0707,0.0012032208207792827
2024-12-04,6.0581,-0.002077700107624869
2024-12-05,5.9849,-0.01215658913426898
2024-12-06,6.0293,0.007391287332488394
2024-12-09,6.057,0.004583710233733829
2024-12-10,6.0529,-0.0006771319592493441
2024-12-11,6.032,-0.003458865333905825
2024-12-12,5.9408,-0.015234826264976409
2024-12-13,6.04,0.01656020750604492
2024-12-16,6.0509,0.0018030093628844668
2024-12-17,6.1685,0.019248675219774247
2024-12-18,6.1624,-0.0009893844727633105
2024-12-19,6.1841,0.0035151698610165205
2024-12-20,6.078,-0.017305787423034014
2024-12-23,6.1612,0.013595869273564043
2024-12-24,6.1541,-0.001153037406578461
2024-12-26,6.1656,0.0018669291200594795
2024-12-27,6.1991,0.00541866474215702
2024-12-30,6.1923,-0.0010975354976188179
2024-12-31,6.1923,0.0
2025-01-02,6.2086,0.002628842969008449
2025-01-03,6.1563,-0.008459479962501959
2025-01-06,6.1119,-0.007238257258862957
2025-01-07,6.0741,-0.006203860370385117
2025-01-08,6.1321,0.009503438666172537
2025-01-09,6.0896,-0.0069548706499222845
2025-01-10,6.0965,0.001132437898488936
2025-01-13,6.1079,0.0018681792329962033
2025-01-14,6.0671,-0.006702283816008903
2025-01-15,6.0377,-0.004857586711146222
2025-01-16,6.0322,-0.0009113580693593804
2025-01-17,6.0609,0.004746517250805438
2025-01-20,6.0498,-0.0018330902603818089
2025-01-21,6.044,-0.0009591692345944924
2025-01-22,5.9674,-0.012754722756164849
2025-01-23,5.9399,-0.004619023438320324
2025-01-24,5.8925,-0.00801194238785885
2025-01-27,5.9272,0.00587157029216101
2025-01-28,5.893,-0.005786720264533862
2025-01-29,5.8596,-0.005683863982298254
2025-01-30,5.9006,0.006972698782872655
2025-01-31,5.8301,-0.012019887782392713
2025-02-03,5.8687,0.00659899136237474
2025-02-04,5.7927,-0.013034640101867057
2025-02-05,5.7997,0.0012076879422375786
2025-02-06,5.7856,-0.0024341203010376233
2025-02-07,5.7557,-0.005181403636263626
2025-02-10,5.7808,0.004351413271836746
2025-02-11,5.7788,-0.0003460327381494821
2025-02-12,5.7711,-0.0013333450749808406
2025-02-13,5.7788,0.0013333450749808406
2025-02-14,5.7283,-0.008777246084554546
2025-02-17,5.7105,-0.0031122170800099713
2025-02-18,5.6979,-0.0022088996043616582
2025-02-19,5.7087,0.0018936410897707479
2025-02-20,5.7019,-0.0011918743633088091
2025-02-21,5.7027,0.00014029426745554296
2025-02-24,5.7258,0.004042530771045438
2025-02-25,5.7779,0.009058017198496415
2025-02-26,5.7757,-0.0003808336841486515
2025-02-27,5.8228,0.008121784524895093
2025-02-28,5.8488,0.004455266288600157
2025-03-05,5.7914,-0.009862453439709373
2025-03-06,5.7489,-0.007365526396837518
2025-03-07,5.7688,0.003455554459990573
2025-03-10,5.793,0.004186205494074446
2025-03-11,5.8346,0.007155419431916554
2025-03-12,5.8268,-0.001337746953747887
2025-03-13,5.8131,-0.0023539732001462976
2025-03-14,5.7419,-0.012323825379946252
2025-03-17,5.7082,-0.005886428469412008
2025-03-18,5.6852,-0.004037430660431607
2025-03-19,5.6657,-0.0034358542817352067
2025-03-20,5.6628,-0.0005119830627793309
2025-03-21,5.7241,0.010766862303884572
2025-03-24,5.7403,0.002826141931990378
2025-03-25,5.6992,-0.007185659660874588
2025-03-26,5.7298,0.00535481199032195
2025-03-27,5.7474,0.0030669525312365664
2025-03-28,5.766,0.003231020581446531
2025-03-31,5.7422,-0.0041361870546119395
2025-04-01,5.7051,-0.0064819005173955
2025-04-02,5.6923,-0.002246127253834329
2025-04-03,5.6067,-0.015152073228139162
2025-04-04,5.7777,0.030043368453909647
2025-04-07,5.8877,0.018859749425428562
2025-04-08,5.9368,0.00830483863221887
2025-04-09,6.0605,0.020622037254643066
2025-04-10,5.9115,-0.024892698607398733
2025-04-11,5.8737,-0.006414847371830845
2025-04-14,5.8425,-0.005325971518324035
2025-04-15,5.8707,0.004815089725256572
2025-04-16,5.8808,0.0017189299216080478
2025-04-17,5.8559,-0.004243107067267493
2025-04-22,5.7496,-0.018319412838377458
2025-04-23,5.688,-0.01077159467115596
2025-04-24,5.6738,-0.002499605237461955
2025-04-25,5.6846,0.0019016768655333305
2025-04-28,5.6681,-0.002906799548660244
2025-04-29,5.6467,-0.0037826608542546047
2025-04-30,5.6608,0.0024939212572328007
2025-05-02,5.6394,-0.0037875481111553366
2025-05-05,5.652,0.0022317879501072557
2025-05-06,5.721,0.012134150464110594
2025-05-07,5.7375,0.0028799601002718056
2025-05-08,5.686,-0.00901656215785529
2025-05-09,5.6511,-0.006156796754662075
2025-05-12,5.6822,0.005488265212020282
2025-05-13,5.6262,-0.009904223014668867
2025-05-14,5.61,-0.0028835391368924324
2025-05-15,5.6328,0.0040559346881812175
2025-05-16,5.6925,0.01054286473297128
2025-05-19,5.6591,-0.005884649984898571
2025-05-20,5.662,0.0005123177188488537
2025-05-21,5.6571,-0.0008657932708582283
2025-05-22,5.639,-0.0032046485938044267
2025-05-23,5.6932,0.009565735389287955
2025-05-26,5.6619,-0.005512955284266763
2025-05-27,5.6539,-0.0014139524086393962
2025-05-28,5.6936,0.006997164481497453
2025-05-29,5.6559,-0.006643488904414463
2025-05-30,5.7087,0.009292078895423828
2025-06-02,5.6937,-0.002631026565087291
2025-06-03,5.6694,-0.004277008394348192
2025-06-04,5.6332,-0.006405627692740001
2025-06-05,5.5969,-0.006464791306458606
2025-06-06,5.5947,-0.00039315201192646754
2025-06-09,5.576,-0.0033480475651506136
2025-06-10,5.5557,-0.003647245704290203
2025-06-11,5.539,-0.003010448702965629
2025-06-12,5.5388,-3.610825254485306e-05
2025-06-13,5.5652,0.004755052187162656
2025-06-16,5.5123,-0.009550964049936495
2025-06-17,5.4773,-0.006369680122538801
2025-06-18,5.4879,0.0019333898701159313
2025-06-20,5.4957,0.001420299594161012
2025-06-23,5.5213,0.004647371530516198
2025-06-24,5.4938,-0.004993156146546385
2025-06-25,5.5427,0.008861562995211125
2025-06-26,5.5145,-0.005100759892502582
2025-06-27,5.4759,-0.007024341009353341
2025-06-30,5.4571,-0.0034391326314746617
2025-07-01,5.4511,-0.0011000899516140361
2025-07-02,5.4512,1.8344752942489606e-05
2025-07-03,5.4208,-0.005592361889021458
2025-07-04,5.409,-0.00217917314625371
2025-07-07,5.4552,0.008505049335016057
2025-07-08,5.4571,0.00034823089893065706
2025-07-09,5.4626,0.0010073537670631794
2025-07-10,5.5433,0.014665124399243279
2025-07-11,5.5722,0.0051999577383374795
2025-07-14,5.5595,-0.002281772866713716
2025-07-15,5.5576,-0.00034181576463265806
2025-07-16,5.5722,0.002623588631346374
2025-07-17,5.5737,0.00026915727021692426
2025-07-18,5.5466,-0.0048739788761453795
2025-07-21,5.5625,0.002862520070406438
2025-07-22,5.5709,0.0015089732864894678
2025-07-23,5.5537,-0.0030922484773443504
2025-07-24,5.5239,-0.005380239742356574
2025-07-25,5.5426,0.003379572186059443
2025-07-28,5.5877,0.008104048737329395
2025-07-29,5.5764,-0.0020243465857401333
2025-07-30,5.6034,0.004830149464794431
2025-07-31,5.6021,-0.00023202891541340698
2025-08-01,5.5436,-0.010497418233666345
2025-08-04,5.5113,-0.005843579211646244
2025-08-05,5.5119,0.00010886131079757
2025-08-06,5.4802,-0.005767794667348225
2025-08-07,5.4638,-0.002997078266822273
2025-08-08,5.4254,-0.007052888950197289
2025-08-11,5.4473,0.00402844364633359
2025-08-12,5.4052,-0.007758619891833574
2025-08-13,5.3928,-0.00229672262470193
2025-08-14,5.4095,0.0030919365883990135
2025-08-15,5.3928,-0.0030919365883990135
2025-08-18,5.4155,0.004200481736562622
2025-08-19,5.4716,0.01030586593949745
2025-08-20,5.4726,0.00018274519887850893
2025-08-21,5.4828,0.0018620959430584172
2025-08-22,5.4392,-0.007983928144976282
2025-08-25,5.4174,-0.004015995670761274
2025-08-26,5.4218,0.0008118680791351363
2025-08-27,5.4428,0.003865770696079629
2025-08-28,5.4115,-0.005767315581502119
2025-08-29,5.4264,0.002749611896668558
2025-09-01,5.4378,0.0020986366569213377
2025-09-02,5.468,0.005538351555049115
2025-09-03,5.4485,-0.003572577426899315
2025-09-04,5.4587,0.001870324734743578
2025-09-05,5.3968,-0.011404480844298792
2025-09-08,5.4278,0.005727709984756357
2025-09-09,5.4278,0.0
2025-09-10,5.4123,-0.0028597541652750635
2025-09-11,5.3858,-0.004908280753358918
2025-09-12,5.3677,-0.0033663490199267176
2025-09-15,5.3208,-0.008775843383369786
2025-09-16,5.3096,-0.002107165138496292
2025-09-17,5.3011,-0.0016021566566248868
2025-09-18,5.301,-1.886418728425099e-05
2025-09-19,5.3276,0.005005373339069363
2025-09-22,5.3457,0.0033916440746031284
2025-09-23,5.3063,-0.007397705535803656
2025-09-24,5.3112,0.000923004539274741
2025-09-25,5.3425,0.005875909788352951
2025-09-26,5.3445,0.0003742865206977086
2025-09-29,5.3229,-0.004049727116357094
2025-09-30,5.3186,-0.0008081567888047481
2025-10-01,5.3208,0.0004135571613730349
2025-10-02,5.3449,0.00451916724001622
2025-10-03,5.3498,0.0009163418034860982
2025-10-06,5.3226,-0.0050972712591175195
2025-10-07,5.3363,0.0025706231495274956
2025-10-08,5.3427,0.001198614245945695
2025-10-09,5.3538,0.002075445984091262
2025-10-10,5.4446,0.01681770264279958
2025-10-13,5.4629,0.003355492490575207
2025-10-14,5.4982,0.006440981660347678
2025-10-15,5.4464,-0.009465925988882962
2025-10-16,5.4354,-0.0020217250357033034
2025-10-17,5.439,0.0006621055196638359
2025-10-20,5.3771,-0.011446025055141584
2025-10-21,5.3848,0.0014309743286842203
2025-10-22,5.3898,0.0009281087667125654
2025-10-23,5.384,-0.0010766861386521942
2025-10-24,5.3797,-0.0007989818052809294
2025-10-27,5.3744,-0.0009856706612547672
2025-10-28,5.369,-0.0010052684354586727
2025-10-29,5.3416,-0.005116437878910585
2025-10-30,5.385,0.008092077046830015
2025-10-31,5.3843,-0.00012999916447409277
2025-11-03,5.3505,-0.0062972969589587535
2025-11-04,5.3846,0.0063530129559643544
2025-11-05,5.3798,-0.0008918286793768715
2025-11-06,5.3451,-0.00647094538560955
2025-11-07,5.3567,0.002167860461411042
2025-11-10,5.3181,-0.007232017131596713
2025-11-11,5.2729,-0.008535600873524674
2025-11-12,5.2885,0.00295415595378401
2025-11-13,5.282,-0.0012298379110300406
2025-11-14,5.2952,0.0024959359476355303
2025-11-17,5.3108,0.0029417332170338373
2025-11-18,5.3361,0.0047525660277945025
2025-11-19,5.3346,-0.0002811436943932488
2025-11-21,5.3902,0.010368584610884746
2025-11-24,5.3948,0.0008530366766694719
2025-11-25,5.3841,-0.0019853609393618576
2025-11-26,5.3694,-0.002733995286473112
2025-11-27,5.349,-0.0038065428856173256
2025-11-28,5.3338,-0.0028456978053432724
2025-12-01,5.3469,0.0024530239720081948
2025-12-02,5.3465,-7.481250120378036e-05
2025-12-03,5.3114,-0.006586687227206234
2025-12-04,5.2952,-0.0030547041647919215
2025-12-05,5.3405,0.008518531725036915
2025-12-08,5.4249,0.01568018452929354
2025-12-09,5.457,0.005899722127188367
2025-12-10,5.4656,0.0015747169679640738
2025-12-11,5.4237,-0.007695665798117535
2025-12-12,5.4011,-0.0041756028447914595
2025-12-15,5.3929,-0.0015193629011394094
2025-12-16,5.4505,0.010624073958265479
2025-12-17,5.5093,0.010730225765774648
2025-12-18,5.5283,0.0034427808159080975
2025-12-19,5.516,-0.002227394236903324
2025-12-22,5.5389,0.004142965156614498
2025-12-23,5.5643,0.0045752655645732165
2025-12-24,5.535,-0.005279624491642876
2025-12-26,5.5413,0.0011375641106463608
2025-12-29,5.5739,0.00586585818983143
2025-12-30,5.5024,-0.012910627765213345
2025-12-31,5.5024,0.0
2026-01-02,5.4372,-0.01192013821690896
2026-01-05,5.4351,-0.00038630281101803554
2026-01-06,5.3797,-0.010245309130791913
2026-01-07,5.388,0.0015416480109717856
2026-01-08,5.386,-0.00037126415871036045
2026-01-09,5.3707,-0.0028447405464497866
2026-01-12,5.376,0.0009863493778909938
2026-01-13,5.3764,7.44019940077667e-05
2026-01-14,5.3795,0.0005764278369706499
2026-01-15,5.3846,0.0009475943890564498
2026-01-16,5.3798,-0.0008918286793768715
2026-01-19,5.3653,-0.002698906255244493
2026-01-20,5.379,0.0025501907848435312
2026-01-21,5.3368,-0.007876260877936803
2026-01-22,5.3118,-0.004695461550247471
2026-01-23,5.2879,-0.004509569233647648
2026-01-26,5.276,-0.002252956774205561
2026-01-27,5.2392,-0.006999419933361173
2026-01-28,5.1838,-0.010630436862883785
2026-01-29,5.1956,0.0022737354921686936
2026-01-30,5.2301,0.006618284801937158
2026-02-02,5.2587,0.00545344956154481
2026-02-03,5.2236,-0.006697028550358475
2026-02-04,5.2359,0.002351929952648213
2026-02-05,5.258,0.004211976990925903
2026-02-06,5.2341,-0.0045558165358605685
2026-02-09,5.1943,-0.0076330392466184005
2026-02-10,5.2021,0.0015005196921074049
2026-02-11,5.1836,-0.0035625946381954154
2026-02-12,5.1674,-0.003130134910048099
2026-02-13,5.2288,0.011812145574417565
2026-02-18,5.2349,0.0011659356998063863
2026-02-19,5.2257,-0.0017589817739096514
2026-02-20,5.2006,-0.004814756622915084
2026-02-23,5.1635,-0.007159359417151956
2026-02-24,5.1682,0.0009098212925677807
2026-02-25,5.144,-0.00469347848657109
2026-02-26,5.1382,-0.0011281633532052027
2026-02-27,5.1495,0.0021967990016062977
2026-03-02,5.2001,0.009778233587984131
2026-03-03,5.287,0.016573121081609576
2026-03-04,5.2091,-0.01484388113181434
2026-03-05,5.2447,0.006810946760140935
2026-03-06,5.2878,0.008184237469893052
2026-03-09,5.2139,-0.014074144157247837
2026-03-10,5.1622,-0.009965290975810559
2026-03-11,5.1596,-0.0005037881096303654
2026-03-12,5.2051,0.008779857069403763
2026-03-13,5.2541,0.009369810021597536
2026-03-16,5.2647,0.0020154397056884044
2026-03-17,5.2022,-0.011942550866881563
2026-03-18,5.2112,0.0017285425011799305
2026-03-19,5.2587,0.009073692374641729
2026-03-20,5.28,0.004042249803696496
2026-03-23,5.244,-0.006841531816716762
2026-03-24,5.2599,0.0030274492606017223
2026-03-25,5.2275,-0.006178862841403676
2026-03-26,5.2308,0.0006310777295586156
2026-03-27,5.2376,0.0012991480945343525
2026-03-30,5.2353,-0.00043922887394631793
2026-03-31,5.2194,-0.0030416965113850836
2026-04-01,5.1606,-0.011329600956061281
2026-04-02,5.1655,0.0009490515040111447
2026-04-06,5.1532,-0.002384022372130312
2026-04-07,5.1625,0.0018030773519184251
2026-04-08,5.0899,-0.014162774283134505
2026-04-09,5.0821,-0.0015336220072350581
2026-04-10,5.0229,-0.011717105848311204
2026-04-13,5.0244,0.0002985876824905809
2026-04-14,4.9806,-0.008755678124052979
2026-04-15,4.9928,0.002446508930788349
2026-04-16,5.0007,0.0015810279973187402
2026-04-17,4.9695,-0.006258671209091737
2026-04-20,4.9844,0.002993803660652272
2026-04-22,4.9653,-0.003839316454108177
2026-04-23,4.9539,-0.002298573477552024
2026-04-24,5.0083,0.010921391002054692
2026-04-27,4.97,-0.007676696048432685
2026-04-28,4.9878,0.003575090674422965
2026-04-29,4.9985,0.002142936642137938
2026-04-30,4.9886,-0.0019825581485499733
2026-05-04,4.9587,-0.006011699667267889
2026-05-05,4.9242,-0.006981784727696505
2026-05-06,4.9274,0.0006496406903533369
2026-05-07,4.917,-0.002112877142134817
2026-05-08,4.8999,-0.003483791684736115
2026-05-11,4.8973,-0.0005307639041842727
2026-05-12,4.8977,8.167432368000327e-05
2026-05-13,4.9118,0.002874766238957882
2026-05-14,4.9809,0.013970124196193368
2026-05-15,5.0654,0.01682251032919857
2026-05-18,5.0093,-0.011136923152847311
2026-05-19,5.0378,0.005673294073382351
2026-05-20,5.0301,-0.0015296142197120943
2026-05-21,5.0077,-0.004463136779617516
2026-05-22,5.014,0.0012572718859844567
2026-05-25,5.0072,-0.0013571231077469381
2026-05-26,5.0211,0.002772156577210083
2026-05-27,5.0579,0.0073023441864263905
2026-05-28,5.0517,-0.0012265570897551648
2026-05-29,5.0569,0.0010288270301872515
2026-06-01,5.0303,-0.005274022852180149
2026-06-02,5.016,-0.002846821149623535
2026-06-03,5.0415,0.005070853520513285
2026-06-05,5.1244,0.01630978814900863
2026-06-08,5.1695,0.008762527044469115
2026-06-09,5.1693,-3.868920958427502e-05
2026-06-10,5.1763,0.0013532324984966149
2026-06-11,5.1478,-0.005521076393175006
2026-06-12,5.0827,-0.012726822480970679
2026-06-15,5.043,-0.007841473364789131
2026-06-16,5.078,0.00691634018789844
2026-06-17,5.0641,-0.0027410514001986463
2026-06-18,5.1613,0.01901205386463478
2026-06-19,5.1442,-0.003318619318588345
2026-06-22,5.1395,-0.0009140679574948241
2026-06-23,5.1743,0.0067482658308801735
2026-06-24,5.2098,0.006837403010797827
2026-06-25,5.1892,-0.003961924597797317
2026-06-26,5.1695,-0.003803570670109613
2026-06-29,5.1717,0.00042548254229490823
2026-06-30,5.1766,0.0009470155225899113
2026-07-01,5.195,0.003548154441695317
2026-07-02,5.1945,-9.625102274157804e-05
2026-07-03,5.1717,-0.00439891894154365
2026-07-06,5.167,-0.0009092052818580054
2026-07-07,5.1458,-0.004111401338735332
2026-07-08,5.1552,0.0018250660342058467
2026-07-09,5.1329,-0.004335112396655738
2026-07-10,5.1088,-0.004706258625482018
2026-07-13,5.1183,0.001857809688455836
2026-07-14,5.0742,-0.008653475632741658
2026-07-15,5.0727,-0.00029565680373844216
2026-07-16,5.0975,0.004877003236117172
2026-07-17,5.1176,0.003935355687317621
2026-07-20,5.0894,-0.005525633732073931
2026-07-21,5.078,-0.0022424621392302946
2026-07-22,5.0638,-0.0028002936913129606
2026-07-23,5.0807,0.0033318577819105855
2026-07-24,5.0666,-0.002779066170265798
2026-07-27,5.1005,0.006668592937618012
2026-07-28,5.1177,0.0033665452320099654
2026-07-29,5.1217,0.0007812958187929375
2026-07-30,5.0739,-0.009376662525270474
2026-07-31,5.0773,0.0006698715673298938
2026-08-03,5.0723,-0.000985260582579306
2026-08-04,5.1053,0.006484852155029364
2026-08-05,5.1154,0.001976381908797231
2026-08-06,5.1017,-0.0026817801941456665
2026-08-07,5.0908,-0.002138828384645519
2026-08-10,5.0963,0.0010797971030813702
2026-08-11,5.1285,0.006298432526492315
2026-08-12,5.1639,0.006878889198104199
2026-08-13,5.1859,0.004251296282976824
2026-08-14,5.2236,0.007243415117705654
2026-08-17,5.2014,-0.004258999243602624
2026-08-18,5.2043,0.0005573868312716002
2026-08-19,5.1714,-0.0063417620525128005
2026-08-20,5.1862,0.002857806841875865
2026-08-21,5.1625,-0.0045802934539962425
2026-08-24,5.1512,-0.0021912610453143078
2026-08-25,5.149,-0.00042717617783250006
2026-08-26,5.1604,0.002211574804840133
2026-08-27,5.1642,0.0007361060325024038
2026-08-28,5.2005,0.00700457290970391
2026-08-31,5.1816,-0.0036408859244803082
2026-09-01,5.157,-0.004758873817748421
2026-09-02,5.1273,-0.005775810228389799
2026-09-03,5.0962,-0.006084040872874619
